n,coverage,noncoverage_rate,mean_set_size,median_set_size,p90_set_size,top1_accuracy,singleton_rate,abstain_rate,empty_set_rate,fail_to_abstain_rate,ece_top1,unsafe_n,unsafe_coverage,unsafe_fail_to_abstain_rate,target_coverage,coverage_gap,abs_coverage_gap,method,alpha,tau_or_k,temperature,device,seed,calib_frac,n_calib,result_file
501,0.5109780439121756,0.4890219560878244,1.0,1.0,1.0,0.5109780439121756,1.0,0.0,0.0,0.4890219560878243,0.2031950275163931,376,0.5664893617021277,0.4335106382978723,0.95,-0.4390219560878243,0.4390219560878243,top1_singleton,0.05,1,,mps,0,0.1,190,results/sim_complete/seed0_calib0.10/metrics_summary_alpha0.05.csv
501,0.9500998003992016,0.0499001996007983,13.0,13.0,13.0,0.5109780439121756,0.0,1.0,0.0,0.0,0.2031950275163931,376,0.9813829787234044,0.0,0.95,9.980039920165495e-05,9.980039920165495e-05,topk_calibrated,0.05,13,,mps,0,0.1,190,results/sim_complete/seed0_calib0.10/metrics_summary_alpha0.05.csv
501,0.9201596806387226,0.0798403193612774,9.157684630738522,11.0,13.0,0.5109780439121756,0.0379241516966067,0.9620758483033932,0.0,0.0019960079840319,0.2031950275163931,376,0.9707446808510638,0.0,0.95,-0.0298403193612774,0.0298403193612774,vanilla_conformal,0.05,0.9982725188776134,,mps,0,0.1,190,results/sim_complete/seed0_calib0.10/metrics_summary_alpha0.05.csv
501,0.9221556886227544,0.0778443113772454,10.497005988023952,11.0,13.0,0.5109780439121756,0.0079840319361277,0.9920159680638724,0.0,0.0019960079840319,0.2031950275163931,376,0.9707446808510638,0.0,0.95,-0.0278443113772454,0.0278443113772454,aps_conformal,0.05,0.9981139853586783,,mps,0,0.1,190,results/sim_complete/seed0_calib0.10/metrics_summary_alpha0.05.csv
501,0.9181636726546906,0.0818363273453094,9.746506986027944,11.0,13.0,0.5109780439121756,0.0039920159680638,0.996007984031936,0.0,0.0019960079840319,0.0928574886875088,376,0.9680851063829788,0.0,0.95,-0.0318363273453093,0.0318363273453093,temperature_conformal,0.05,0.9833400530945884,1.8828707933425903,mps,0,0.1,190,results/sim_complete/seed0_calib0.10/metrics_summary_alpha0.05.csv
501,0.6227544910179641,0.3772455089820359,1.0,1.0,1.0,0.6227544910179641,1.0,0.0,0.0,0.3772455089820359,0.0953704563000193,376,0.675531914893617,0.324468085106383,0.95,-0.3272455089820358,0.3272455089820358,prompt_only_top1,0.05,1,,mps,0,0.1,190,results/sim_complete/seed0_calib0.10/metrics_summary_alpha0.05.csv
501,0.9481037924151696,0.0518962075848303,9.632734530938125,11.0,14.0,0.6227544910179641,0.0718562874251497,0.9281437125748504,0.0,0.0,0.0953704563000193,376,0.9840425531914894,0.0,0.95,-0.0018962075848303,0.0018962075848303,coras,0.05,0.9985634864122287,,mps,0,0.1,190,results/sim_complete/seed0_calib0.10/metrics_summary_alpha0.05.csv
501,0.940119760479042,0.0598802395209581,10.259481037924152,11.0,13.0,0.6227544910179641,0.0179640718562874,0.9820359281437124,0.0,0.0,0.0953704563000193,376,0.9813829787234044,0.0,0.95,-0.009880239520958,0.009880239520958,coras_aps,0.05,0.9982657223989235,,mps,0,0.1,190,results/sim_complete/seed0_calib0.10/metrics_summary_alpha0.05.csv
501,0.9500998003992016,0.0499001996007983,9.844311377245509,11.0,14.0,0.6227544910179641,0.059880239520958,0.940119760479042,0.0,0.0,0.0953704563000193,376,0.9840425531914894,0.0,0.95,9.980039920165495e-05,9.980039920165495e-05,mondrian_domain,0.05,"{'__global__': 0.9985634864122287, np.str_('target_camera_shift'): 0.9985875966197094, np.str_('target_lighting_shift'): 0.9989940102841058, np.str_('target_occluded'): 0.9985634864122287}",,mps,0,0.1,190,results/sim_complete/seed0_calib0.10/metrics_summary_alpha0.05.csv
501,0.5109780439121756,0.4890219560878244,1.0,1.0,1.0,0.5109780439121756,1.0,0.0,0.0,0.4890219560878243,0.2031950275163931,376,0.5664893617021277,0.4335106382978723,0.9,-0.3890219560878244,0.3890219560878244,top1_singleton,0.1,1,,mps,0,0.1,190,results/sim_complete/seed0_calib0.10/metrics_summary_alpha0.10.csv
501,0.8682634730538922,0.1317365269461078,8.0,8.0,8.0,0.5109780439121756,0.0,1.0,0.0,0.0,0.2031950275163931,376,0.9388297872340424,0.0,0.9,-0.0317365269461078,0.0317365269461078,topk_calibrated,0.1,8,,mps,0,0.1,190,results/sim_complete/seed0_calib0.10/metrics_summary_alpha0.10.csv
501,0.8502994011976048,0.1497005988023951,6.045908183632735,6.0,10.0,0.5109780439121756,0.1477045908183632,0.8522954091816367,0.0,0.0159680638722554,0.2031950275163931,376,0.925531914893617,0.0079787234042553,0.9,-0.0497005988023951,0.0497005988023951,vanilla_conformal,0.1,0.9943480133660235,,mps,0,0.1,190,results/sim_complete/seed0_calib0.10/metrics_summary_alpha0.10.csv
501,0.8942115768463074,0.1057884231536926,7.970059880239521,9.0,11.0,0.5109780439121756,0.0698602794411177,0.9301397205588824,0.0,0.0019960079840319,0.2031950275163931,376,0.9547872340425532,0.0,0.9,-0.0057884231536926,0.0057884231536926,aps_conformal,0.1,0.9942417213238242,,mps,0,0.1,190,results/sim_complete/seed0_calib0.10/metrics_summary_alpha0.10.csv
501,0.8562874251497006,0.1437125748502994,6.652694610778443,7.0,10.0,0.5109780439121756,0.0379241516966067,0.9620758483033932,0.0,0.0019960079840319,0.0928384308451587,376,0.9335106382978724,0.0,0.9,-0.0437125748502994,0.0437125748502994,temperature_conformal,0.1,0.9720542657746719,1.882744312286377,mps,0,0.1,190,results/sim_complete/seed0_calib0.10/metrics_summary_alpha0.10.csv
501,0.6227544910179641,0.3772455089820359,1.0,1.0,1.0,0.6227544910179641,1.0,0.0,0.0,0.3772455089820359,0.0953704563000193,376,0.675531914893617,0.324468085106383,0.9,-0.2772455089820359,0.2772455089820359,prompt_only_top1,0.1,1,,mps,0,0.1,190,results/sim_complete/seed0_calib0.10/metrics_summary_alpha0.10.csv
501,0.8582834331337326,0.1417165668662674,4.243512974051896,4.0,8.0,0.6227544910179641,0.2834331337325349,0.716566866267465,0.0,0.0139720558882235,0.0953704563000193,376,0.9175531914893617,0.0132978723404255,0.9,-0.0417165668662674,0.0417165668662674,coras,0.1,0.9811077362107725,,mps,0,0.1,190,results/sim_complete/seed0_calib0.10/metrics_summary_alpha0.10.csv
501,0.9321357285429142,0.0678642714570858,8.199600798403194,10.0,12.0,0.6227544910179641,0.1077844311377245,0.8922155688622755,0.0,0.0,0.0953704563000193,376,0.9787234042553192,0.0,0.9,0.0321357285429141,0.0321357285429141,coras_aps,0.1,0.9948982397143626,,mps,0,0.1,190,results/sim_complete/seed0_calib0.10/metrics_summary_alpha0.10.csv
501,0.8542914171656687,0.1457085828343313,4.077844311377246,3.0,9.0,0.6227544910179641,0.2994011976047904,0.7005988023952096,0.0,0.0159680638722554,0.0953704563000193,376,0.9148936170212766,0.0132978723404255,0.9,-0.0457085828343313,0.0457085828343313,mondrian_domain,0.1,"{'__global__': 0.9811077362107725, np.str_('target_camera_shift'): 0.983483340163723, np.str_('target_lighting_shift'): 0.9811077362107725, np.str_('target_occluded'): 0.9350002898610317}",,mps,0,0.1,190,results/sim_complete/seed0_calib0.10/metrics_summary_alpha0.10.csv
501,0.5109780439121756,0.4890219560878244,1.0,1.0,1.0,0.5109780439121756,1.0,0.0,0.0,0.4890219560878243,0.2031950275163931,376,0.5664893617021277,0.4335106382978723,0.8,-0.2890219560878244,0.2890219560878244,top1_singleton,0.2,1,,mps,0,0.1,190,results/sim_complete/seed0_calib0.10/metrics_summary_alpha0.20.csv
501,0.7864271457085829,0.2135728542914171,5.0,5.0,5.0,0.5109780439121756,0.0,1.0,0.0,0.0,0.2031950275163931,376,0.8696808510638298,0.0,0.8,-0.0135728542914171,0.0135728542914171,topk_calibrated,0.2,5,,mps,0,0.1,190,results/sim_complete/seed0_calib0.10/metrics_summary_alpha0.20.csv
501,0.782435129740519,0.217564870259481,3.600798403193613,4.0,7.0,0.5109780439121756,0.2534930139720558,0.7465069860279441,0.0,0.0439121756487025,0.2031950275163931,376,0.8617021276595744,0.0292553191489361,0.8,-0.017564870259481,0.017564870259481,vanilla_conformal,0.2,0.9813355324431859,,mps,0,0.1,190,results/sim_complete/seed0_calib0.10/metrics_summary_alpha0.20.csv
501,0.8642714570858283,0.1357285429141717,6.6187624750499,8.0,10.0,0.5109780439121756,0.1397205588822355,0.8602794411177644,0.0,0.0039920159680638,0.2031950275163931,376,0.9335106382978724,0.0,0.8,0.0642714570858282,0.0642714570858282,aps_conformal,0.2,0.989892570262887,,mps,0,0.1,190,results/sim_complete/seed0_calib0.10/metrics_summary_alpha0.20.csv
501,0.7704590818363274,0.2295409181636726,3.4810379241516967,4.0,6.0,0.5109780439121756,0.1996007984031936,0.8003992015968064,0.0,0.0279441117764471,0.089053244518558,376,0.8537234042553191,0.0159574468085106,0.8,-0.0295409181636726,0.0295409181636726,temperature_conformal,0.2,0.9438626944616992,1.8823505640029907,mps,0,0.1,190,results/sim_complete/seed0_calib0.10/metrics_summary_alpha0.20.csv
501,0.6227544910179641,0.3772455089820359,1.0,1.0,1.0,0.6227544910179641,1.0,0.0,0.0,0.3772455089820359,0.0953704563000193,376,0.675531914893617,0.324468085106383,0.8,-0.1772455089820359,0.1772455089820359,prompt_only_top1,0.2,1,,mps,0,0.1,190,results/sim_complete/seed0_calib0.10/metrics_summary_alpha0.20.csv
501,0.7604790419161677,0.2395209580838323,1.910179640718563,1.0,4.0,0.6227544910179641,0.5069860279441117,0.4930139720558882,0.0,0.0818363273453093,0.0953704563000193,376,0.8271276595744681,0.0718085106382978,0.8,-0.0395209580838323,0.0395209580838323,coras,0.2,0.9144579658716401,,mps,0,0.1,190,results/sim_complete/seed0_calib0.10/metrics_summary_alpha0.20.csv
501,0.908183632734531,0.091816367265469,5.908183632734531,7.0,10.0,0.6227544910179641,0.2055888223552894,0.7944111776447106,0.0,0.0,0.0953704563000193,376,0.9601063829787234,0.0,0.8,0.1081836327345309,0.1081836327345309,coras_aps,0.2,0.9835071598355868,,mps,0,0.1,190,results/sim_complete/seed0_calib0.10/metrics_summary_alpha0.20.csv
501,0.782435129740519,0.217564870259481,2.3872255489021956,2.0,5.0,0.6227544910179641,0.4530938123752495,0.5469061876247505,0.0,0.0638722554890219,0.0953704563000193,376,0.848404255319149,0.0638297872340425,0.8,-0.017564870259481,0.017564870259481,mondrian_domain,0.2,"{'__global__': 0.9144579658716401, np.str_('target_camera_shift'): 0.9543073242865622, np.str_('target_lighting_shift'): 0.9406652147148856, np.str_('target_occluded'): 0.8552725466534825}",,mps,0,0.1,190,results/sim_complete/seed0_calib0.10/metrics_summary_alpha0.20.csv
498,0.4919678714859438,0.5080321285140562,1.0,1.0,1.0,0.4919678714859438,1.0,0.0,0.0,0.5080321285140562,0.2320910411361585,383,0.5404699738903395,0.4595300261096606,0.95,-0.4580321285140561,0.4580321285140561,top1_singleton,0.05,1,,mps,0,0.25,495,results/sim_complete/seed0_calib0.25/metrics_summary_alpha0.05.csv
498,0.9497991967871486,0.0502008032128513,13.0,13.0,13.0,0.4919678714859438,0.0,1.0,0.0,0.0,0.2320910411361585,383,0.9869451697127938,0.0,0.95,-0.0002008032128513,0.0002008032128513,topk_calibrated,0.05,13,,mps,0,0.25,495,results/sim_complete/seed0_calib0.25/metrics_summary_alpha0.05.csv
498,0.929718875502008,0.0702811244979919,10.220883534136544,12.0,14.0,0.4919678714859438,0.0220883534136546,0.9779116465863452,0.0,0.0,0.2320910411361585,383,0.9765013054830288,0.0,0.95,-0.0202811244979919,0.0202811244979919,vanilla_conformal,0.05,0.9988654430326537,,mps,0,0.25,495,results/sim_complete/seed0_calib0.25/metrics_summary_alpha0.05.csv
498,0.931726907630522,0.0682730923694778,11.273092369477911,12.0,14.0,0.4919678714859438,0.0,1.0,0.0,0.0,0.2320910411361585,383,0.9817232375979112,0.0,0.95,-0.0182730923694778,0.0182730923694778,aps_conformal,0.05,0.9986747796831841,,mps,0,0.25,495,results/sim_complete/seed0_calib0.25/metrics_summary_alpha0.05.csv
498,0.9357429718875502,0.0642570281124498,11.226907630522089,12.0,14.0,0.4919678714859438,0.0,1.0,0.0,0.0,0.0886841619383711,383,0.97911227154047,0.0,0.95,-0.0142570281124497,0.0142570281124497,temperature_conformal,0.05,0.987266642392322,1.8830900192260744,mps,0,0.25,495,results/sim_complete/seed0_calib0.25/metrics_summary_alpha0.05.csv
498,0.6044176706827309,0.3955823293172691,1.0,1.0,1.0,0.6044176706827309,1.0,0.0,0.0,0.395582329317269,0.1140104180566338,383,0.660574412532637,0.3394255874673629,0.95,-0.345582329317269,0.345582329317269,prompt_only_top1,0.05,1,,mps,0,0.25,495,results/sim_complete/seed0_calib0.25/metrics_summary_alpha0.05.csv
498,0.9538152610441768,0.0461847389558233,9.897590361445785,11.0,14.0,0.6044176706827309,0.0702811244979919,0.929718875502008,0.0,0.0,0.1140104180566338,383,0.9895561357702348,0.0,0.95,0.0038152610441767,0.0038152610441767,coras,0.05,0.9985875966197094,,mps,0,0.25,495,results/sim_complete/seed0_calib0.25/metrics_summary_alpha0.05.csv
498,0.9538152610441768,0.0461847389558233,11.01004016064257,12.0,13.0,0.6044176706827309,0.0140562248995983,0.9859437751004017,0.0,0.0,0.1140104180566338,383,0.9895561357702348,0.0,0.95,0.0038152610441767,0.0038152610441767,coras_aps,0.05,0.9987424692469533,,mps,0,0.25,495,results/sim_complete/seed0_calib0.25/metrics_summary_alpha0.05.csv
498,0.9598393574297188,0.0401606425702811,10.3574297188755,12.0,15.0,0.6044176706827309,0.0843373493975903,0.9156626506024096,0.0,0.002008032128514,0.1140104180566338,383,0.97911227154047,0.0026109660574412,0.95,0.0098393574297188,0.0098393574297188,mondrian_domain,0.05,"{'__global__': 0.9985875966197094, np.str_('target_camera_shift'): 0.9995004970654262, np.str_('target_lighting_shift'): 0.9988965357014592, np.str_('target_occluded'): 0.9846524062209383}",,mps,0,0.25,495,results/sim_complete/seed0_calib0.25/metrics_summary_alpha0.05.csv
498,0.4919678714859438,0.5080321285140562,1.0,1.0,1.0,0.4919678714859438,1.0,0.0,0.0,0.5080321285140562,0.2320910411361585,383,0.5404699738903395,0.4595300261096606,0.9,-0.4080321285140562,0.4080321285140562,top1_singleton,0.1,1,,mps,0,0.25,495,results/sim_complete/seed0_calib0.25/metrics_summary_alpha0.10.csv
498,0.8955823293172691,0.1044176706827308,10.0,10.0,10.0,0.4919678714859438,0.0,1.0,0.0,0.0,0.2320910411361585,383,0.9660574412532638,0.0,0.9,-0.0044176706827309,0.0044176706827309,topk_calibrated,0.1,10,,mps,0,0.25,495,results/sim_complete/seed0_calib0.25/metrics_summary_alpha0.10.csv
498,0.8795180722891566,0.1204819277108434,7.815261044176707,9.0,12.0,0.4919678714859438,0.0883534136546184,0.9116465863453816,0.0,0.0040160642570281,0.2320910411361585,383,0.9477806788511748,0.0,0.9,-0.0204819277108434,0.0204819277108434,vanilla_conformal,0.1,0.9971260595775012,,mps,0,0.25,495,results/sim_complete/seed0_calib0.25/metrics_summary_alpha0.10.csv
498,0.8995983935742972,0.1004016064257028,8.759036144578314,10.0,12.0,0.4919678714859438,0.0401606425702811,0.9598393574297188,0.0,0.0,0.2320910411361585,383,0.9660574412532638,0.0,0.9,-0.0004016064257028,0.0004016064257028,aps_conformal,0.1,0.9957410246852408,,mps,0,0.25,495,results/sim_complete/seed0_calib0.25/metrics_summary_alpha0.10.csv
498,0.8895582329317269,0.1104417670682731,7.871485943775101,8.0,11.0,0.4919678714859438,0.0180722891566265,0.9819277108433736,0.0,0.0,0.0886775870834331,383,0.95822454308094,0.0,0.9,-0.0104417670682731,0.0104417670682731,temperature_conformal,0.1,0.9774453495793246,1.8830171823501587,mps,0,0.25,495,results/sim_complete/seed0_calib0.25/metrics_summary_alpha0.10.csv
498,0.6044176706827309,0.3955823293172691,1.0,1.0,1.0,0.6044176706827309,1.0,0.0,0.0,0.395582329317269,0.1140104180566338,383,0.660574412532637,0.3394255874673629,0.9,-0.2955823293172691,0.2955823293172691,prompt_only_top1,0.1,1,,mps,0,0.25,495,results/sim_complete/seed0_calib0.25/metrics_summary_alpha0.10.csv
498,0.8835341365461847,0.1164658634538152,5.062248995983936,5.0,9.0,0.6044176706827309,0.2108433734939759,0.7891566265060241,0.0,0.0040160642570281,0.1140104180566338,383,0.9399477806788512,0.0052219321148825,0.9,-0.0164658634538152,0.0164658634538152,coras,0.1,0.9878284146033006,,mps,0,0.25,495,results/sim_complete/seed0_calib0.25/metrics_summary_alpha0.10.csv
498,0.9357429718875502,0.0642570281124498,9.002008032128513,10.0,12.0,0.6044176706827309,0.0682730923694779,0.931726907630522,0.0,0.0,0.1140104180566338,383,0.9817232375979112,0.0,0.9,0.0357429718875501,0.0357429718875501,coras_aps,0.1,0.9963227041128202,,mps,0,0.25,495,results/sim_complete/seed0_calib0.25/metrics_summary_alpha0.10.csv
498,0.891566265060241,0.108433734939759,5.240963855421687,5.0,10.0,0.6044176706827309,0.2289156626506024,0.7710843373493976,0.0,0.0040160642570281,0.1140104180566338,383,0.9425587467362924,0.0052219321148825,0.9,-0.008433734939759,0.008433734939759,mondrian_domain,0.1,"{'__global__': 0.9878284146033006, np.str_('target_camera_shift'): 0.9929371543109627, np.str_('target_lighting_shift'): 0.9792811016164596, np.str_('target_occluded'): 0.9569635259574388}",,mps,0,0.25,495,results/sim_complete/seed0_calib0.25/metrics_summary_alpha0.10.csv
498,0.4919678714859438,0.5080321285140562,1.0,1.0,1.0,0.4919678714859438,1.0,0.0,0.0,0.5080321285140562,0.2320910411361585,383,0.5404699738903395,0.4595300261096606,0.8,-0.3080321285140562,0.3080321285140562,top1_singleton,0.2,1,,mps,0,0.25,495,results/sim_complete/seed0_calib0.25/metrics_summary_alpha0.20.csv
498,0.8293172690763052,0.1706827309236948,6.0,6.0,6.0,0.4919678714859438,0.0,1.0,0.0,0.0,0.2320910411361585,383,0.9060052219321147,0.0,0.8,0.0293172690763051,0.0293172690763051,topk_calibrated,0.2,6,,mps,0,0.25,495,results/sim_complete/seed0_calib0.25/metrics_summary_alpha0.20.csv
498,0.7811244979919679,0.218875502008032,3.6626506024096384,4.0,6.0,0.4919678714859438,0.2289156626506024,0.7710843373493976,0.0,0.0421686746987951,0.2320910411361585,383,0.856396866840731,0.0339425587467362,0.8,-0.0188755020080321,0.0188755020080321,vanilla_conformal,0.2,0.9823032883522915,,mps,0,0.25,495,results/sim_complete/seed0_calib0.25/metrics_summary_alpha0.20.csv
498,0.8734939759036144,0.1265060240963855,6.755020080321285,8.0,10.0,0.4919678714859438,0.142570281124498,0.857429718875502,0.0,0.0040160642570281,0.2320910411361585,383,0.9503916449086162,0.0,0.8,0.0734939759036144,0.0734939759036144,aps_conformal,0.2,0.990125165602009,,mps,0,0.25,495,results/sim_complete/seed0_calib0.25/metrics_summary_alpha0.20.csv
498,0.7991967871485943,0.2008032128514056,3.8694779116465865,4.0,6.0,0.4919678714859438,0.1586345381526104,0.8413654618473896,0.0,0.0200803212851405,0.088658797741479,383,0.8746736292428199,0.0156657963446475,0.8,-0.0008032128514057,0.0008032128514057,temperature_conformal,0.2,0.9498651523085059,1.882809042930603,mps,0,0.25,495,results/sim_complete/seed0_calib0.25/metrics_summary_alpha0.20.csv
498,0.6044176706827309,0.3955823293172691,1.0,1.0,1.0,0.6044176706827309,1.0,0.0,0.0,0.395582329317269,0.1140104180566338,383,0.660574412532637,0.3394255874673629,0.8,-0.1955823293172691,0.1955823293172691,prompt_only_top1,0.2,1,,mps,0,0.25,495,results/sim_complete/seed0_calib0.25/metrics_summary_alpha0.20.csv
498,0.7831325301204819,0.2168674698795181,2.3453815261044175,2.0,4.0,0.6044176706827309,0.4016064257028112,0.5983935742971888,0.0,0.0562248995983935,0.1140104180566338,383,0.8381201044386423,0.0548302872062663,0.8,-0.0168674698795181,0.0168674698795181,coras,0.2,0.9406652147148856,,mps,0,0.25,495,results/sim_complete/seed0_calib0.25/metrics_summary_alpha0.20.csv
498,0.9136546184738956,0.0863453815261043,6.746987951807229,8.0,10.0,0.6044176706827309,0.1506024096385542,0.8493975903614458,0.0,0.002008032128514,0.1140104180566338,383,0.9686684073107048,0.0026109660574412,0.8,0.1136546184738955,0.1136546184738955,coras_aps,0.2,0.9884264536054566,,mps,0,0.25,495,results/sim_complete/seed0_calib0.25/metrics_summary_alpha0.20.csv
498,0.7871485943775101,0.2128514056224899,2.6004016064257027,2.0,5.0,0.6044176706827309,0.3734939759036144,0.6265060240963856,0.0,0.036144578313253,0.1140104180566338,383,0.8485639686684073,0.0365535248041775,0.8,-0.0128514056224899,0.0128514056224899,mondrian_domain,0.2,"{'__global__': 0.9406652147148856, np.str_('target_camera_shift'): 0.9671429458420073, np.str_('target_lighting_shift'): 0.8984984214030871, np.str_('target_occluded'): 0.8803259987281702}",,mps,0,0.25,495,results/sim_complete/seed0_calib0.25/metrics_summary_alpha0.20.csv
483,0.4824016563146998,0.5175983436853002,1.0,1.0,1.0,0.4824016563146998,1.0,0.0,0.0,0.5175983436853002,0.2257364028016659,349,0.5272206303724928,0.4727793696275071,0.95,-0.4675983436853002,0.4675983436853002,top1_singleton,0.05,1,,mps,0,0.4,781,results/sim_complete/seed0_calib0.40/metrics_summary_alpha0.05.csv
483,0.9420289855072465,0.0579710144927536,13.0,13.0,13.0,0.4824016563146998,0.0,1.0,0.0,0.0,0.2257364028016659,349,0.9799426934097422,0.0,0.95,-0.0079710144927536,0.0079710144927536,topk_calibrated,0.05,13,,mps,0,0.4,781,results/sim_complete/seed0_calib0.40/metrics_summary_alpha0.05.csv
483,0.927536231884058,0.072463768115942,10.428571428571429,12.0,14.0,0.4824016563146998,0.0269151138716356,0.9730848861283644,0.0,0.0,0.2257364028016659,349,0.9770773638968482,0.0,0.95,-0.0224637681159419,0.0224637681159419,vanilla_conformal,0.05,0.9989859417559446,,mps,0,0.4,781,results/sim_complete/seed0_calib0.40/metrics_summary_alpha0.05.csv
483,0.937888198757764,0.062111801242236,11.674948240165632,13.0,14.0,0.4824016563146998,0.0,1.0,0.0,0.0,0.2257364028016659,349,0.982808022922636,0.0,0.95,-0.0121118012422359,0.0121118012422359,aps_conformal,0.05,0.9989565668155597,,mps,0,0.4,781,results/sim_complete/seed0_calib0.40/metrics_summary_alpha0.05.csv
483,0.9213250517598344,0.0786749482401656,11.296066252587991,12.0,14.0,0.4824016563146998,0.0,1.0,0.0,0.0,0.0646351539948835,349,0.9656160458452722,0.0,0.95,-0.0286749482401655,0.0286749482401655,temperature_conformal,0.05,0.98773599012012,1.8826582431793213,mps,0,0.4,781,results/sim_complete/seed0_calib0.40/metrics_summary_alpha0.05.csv
483,0.6107660455486542,0.3892339544513458,1.0,1.0,1.0,0.6107660455486542,1.0,0.0,0.0,0.3892339544513457,0.1062353815283363,349,0.670487106017192,0.329512893982808,0.95,-0.3392339544513457,0.3392339544513457,prompt_only_top1,0.05,1,,mps,0,0.4,781,results/sim_complete/seed0_calib0.40/metrics_summary_alpha0.05.csv
483,0.9544513457556936,0.0455486542443064,9.366459627329192,11.0,13.0,0.6107660455486542,0.0890269151138716,0.9109730848861284,0.0,0.0020703933747412,0.1062353815283363,349,0.982808022922636,0.0028653295128939,0.95,0.0044513457556936,0.0044513457556936,coras,0.05,0.9982203724428769,,mps,0,0.4,781,results/sim_complete/seed0_calib0.40/metrics_summary_alpha0.05.csv
483,0.9668737060041408,0.0331262939958592,11.238095238095235,12.0,14.0,0.6107660455486542,0.010351966873706,0.989648033126294,0.0,0.0,0.1062353815283363,349,0.994269340974212,0.0,0.95,0.0168737060041408,0.0168737060041408,coras_aps,0.05,0.9988426169567415,,mps,0,0.4,781,results/sim_complete/seed0_calib0.40/metrics_summary_alpha0.05.csv
483,0.9503105590062112,0.0496894409937888,9.370600414078677,11.0,15.0,0.6107660455486542,0.15527950310559,0.84472049689441,0.0,0.0020703933747412,0.1062353815283363,349,0.97134670487106,0.0028653295128939,0.95,0.0003105590062112,0.0003105590062112,mondrian_domain,0.05,"{'__global__': 0.9982203724428769, np.str_('target_camera_shift'): 0.9994409670279785, np.str_('target_lighting_shift'): 0.9952366847495445, np.str_('target_occluded'): 0.9846524062209383}",,mps,0,0.4,781,results/sim_complete/seed0_calib0.40/metrics_summary_alpha0.05.csv
483,0.4824016563146998,0.5175983436853002,1.0,1.0,1.0,0.4824016563146998,1.0,0.0,0.0,0.5175983436853002,0.2257364028016659,349,0.5272206303724928,0.4727793696275071,0.9,-0.4175983436853002,0.4175983436853002,top1_singleton,0.1,1,,mps,0,0.4,781,results/sim_complete/seed0_calib0.40/metrics_summary_alpha0.10.csv
483,0.8695652173913043,0.1304347826086956,10.0,10.0,10.0,0.4824016563146998,0.0,1.0,0.0,0.0,0.2257364028016659,349,0.9369627507163324,0.0,0.9,-0.0304347826086957,0.0304347826086957,topk_calibrated,0.1,10,,mps,0,0.4,781,results/sim_complete/seed0_calib0.40/metrics_summary_alpha0.10.csv
483,0.8633540372670807,0.1366459627329193,7.968944099378882,9.0,12.0,0.4824016563146998,0.0848861283643892,0.9151138716356108,0.0,0.0041407867494824,0.2257364028016659,349,0.9226361031518624,0.0,0.9,-0.0366459627329193,0.0366459627329193,vanilla_conformal,0.1,0.9972285508013572,,mps,0,0.4,781,results/sim_complete/seed0_calib0.40/metrics_summary_alpha0.10.csv
483,0.8799171842650103,0.1200828157349896,8.960662525879917,10.0,12.0,0.4824016563146998,0.0496894409937888,0.9503105590062112,0.0,0.0020703933747412,0.2257364028016659,349,0.9398280802292264,0.0,0.9,-0.0200828157349897,0.0200828157349897,aps_conformal,0.1,0.996229285389833,,mps,0,0.4,781,results/sim_complete/seed0_calib0.40/metrics_summary_alpha0.10.csv
483,0.8633540372670807,0.1366459627329193,7.89648033126294,9.0,11.0,0.4824016563146998,0.0289855072463768,0.9710144927536232,0.0,0.0,0.0646668473711856,349,0.9283667621776504,0.0,0.9,-0.0366459627329193,0.0366459627329193,temperature_conformal,0.1,0.977524978457729,1.883210301399231,mps,0,0.4,781,results/sim_complete/seed0_calib0.40/metrics_summary_alpha0.10.csv
483,0.6107660455486542,0.3892339544513458,1.0,1.0,1.0,0.6107660455486542,1.0,0.0,0.0,0.3892339544513457,0.1062353815283363,349,0.670487106017192,0.329512893982808,0.9,-0.2892339544513458,0.2892339544513458,prompt_only_top1,0.1,1,,mps,0,0.4,781,results/sim_complete/seed0_calib0.40/metrics_summary_alpha0.10.csv
483,0.8757763975155279,0.124223602484472,5.217391304347826,5.0,10.0,0.6107660455486542,0.2132505175983436,0.7867494824016563,0.0,0.0082815734989648,0.1062353815283363,349,0.9340974212034384,0.0114613180515759,0.9,-0.024223602484472,0.024223602484472,coras,0.1,0.9881854295220809,,mps,0,0.4,781,results/sim_complete/seed0_calib0.40/metrics_summary_alpha0.10.csv
483,0.9399585921325052,0.0600414078674947,9.109730848861284,10.0,12.0,0.6107660455486542,0.062111801242236,0.937888198757764,0.0,0.0,0.1062353815283363,349,0.97134670487106,0.0,0.9,0.0399585921325051,0.0399585921325051,coras_aps,0.1,0.9963832404305751,,mps,0,0.4,781,results/sim_complete/seed0_calib0.40/metrics_summary_alpha0.10.csv
483,0.8799171842650103,0.1200828157349896,5.614906832298137,5.0,11.0,0.6107660455486542,0.2525879917184265,0.7474120082815735,0.0,0.0082815734989648,0.1062353815283363,349,0.9426934097421203,0.0085959885386819,0.9,-0.0200828157349897,0.0200828157349897,mondrian_domain,0.1,"{'__global__': 0.9881854295220809, np.str_('target_camera_shift'): 0.9952248024585444, np.str_('target_lighting_shift'): 0.9714517019941065, np.str_('target_occluded'): 0.9546189698217908}",,mps,0,0.4,781,results/sim_complete/seed0_calib0.40/metrics_summary_alpha0.10.csv
483,0.4824016563146998,0.5175983436853002,1.0,1.0,1.0,0.4824016563146998,1.0,0.0,0.0,0.5175983436853002,0.2257364028016659,349,0.5272206303724928,0.4727793696275071,0.8,-0.3175983436853002,0.3175983436853002,top1_singleton,0.2,1,,mps,0,0.4,781,results/sim_complete/seed0_calib0.40/metrics_summary_alpha0.20.csv
483,0.7991718426501035,0.2008281573498964,6.0,6.0,6.0,0.4824016563146998,0.0,1.0,0.0,0.0,0.2257364028016659,349,0.8767908309455588,0.0,0.8,-0.0008281573498964,0.0008281573498964,topk_calibrated,0.2,6,,mps,0,0.4,781,results/sim_complete/seed0_calib0.40/metrics_summary_alpha0.20.csv
483,0.7556935817805382,0.2443064182194617,3.782608695652174,4.0,7.0,0.4824016563146998,0.2422360248447205,0.7577639751552795,0.0,0.0393374741200828,0.2257364028016659,349,0.839541547277937,0.0257879656160458,0.8,-0.0443064182194617,0.0443064182194617,vanilla_conformal,0.2,0.9826906973895551,,mps,0,0.4,781,results/sim_complete/seed0_calib0.40/metrics_summary_alpha0.20.csv
483,0.8467908902691511,0.1532091097308489,6.786749482401656,8.0,10.0,0.4824016563146998,0.1573498964803312,0.8426501035196687,0.0,0.010351966873706,0.2257364028016659,349,0.9140401146131804,0.0028653295128939,0.8,0.046790890269151,0.046790890269151,aps_conformal,0.2,0.9902359542823923,,mps,0,0.4,781,results/sim_complete/seed0_calib0.40/metrics_summary_alpha0.20.csv
483,0.7639751552795031,0.2360248447204969,3.927536231884058,4.0,6.0,0.4824016563146998,0.165631469979296,0.8343685300207039,0.0,0.020703933747412,0.0646566773463181,349,0.8452722063037249,0.0143266475644699,0.8,-0.0360248447204969,0.0360248447204969,temperature_conformal,0.2,0.9498172423436106,1.8830331563949585,mps,0,0.4,781,results/sim_complete/seed0_calib0.40/metrics_summary_alpha0.20.csv
483,0.6107660455486542,0.3892339544513458,1.0,1.0,1.0,0.6107660455486542,1.0,0.0,0.0,0.3892339544513457,0.1062353815283363,349,0.670487106017192,0.329512893982808,0.8,-0.1892339544513458,0.1892339544513458,prompt_only_top1,0.2,1,,mps,0,0.4,781,results/sim_complete/seed0_calib0.40/metrics_summary_alpha0.20.csv
483,0.7846790890269151,0.2153209109730849,2.5817805383022776,2.0,5.0,0.6107660455486542,0.391304347826087,0.6086956521739131,0.0,0.0372670807453416,0.1062353815283363,349,0.8567335243553008,0.0372492836676217,0.8,-0.0153209109730849,0.0153209109730849,coras,0.2,0.9489392385203999,,mps,0,0.4,781,results/sim_complete/seed0_calib0.40/metrics_summary_alpha0.20.csv
483,0.9109730848861284,0.0890269151138716,6.9399585921325055,8.0,11.0,0.6107660455486542,0.1511387163561076,0.8488612836438924,0.0,0.0020703933747412,0.1062353815283363,349,0.9570200573065902,0.0028653295128939,0.8,0.1109730848861283,0.1109730848861283,coras_aps,0.2,0.9893024186712465,,mps,0,0.4,781,results/sim_complete/seed0_calib0.40/metrics_summary_alpha0.20.csv
483,0.7929606625258799,0.20703933747412,2.989648033126294,2.0,6.0,0.6107660455486542,0.4078674948240166,0.5921325051759835,0.0,0.0496894409937888,0.1062353815283363,349,0.8567335243553008,0.0401146131805157,0.8,-0.0070393374741201,0.0070393374741201,mondrian_domain,0.2,"{'__global__': 0.9489392385203999, np.str_('target_camera_shift'): 0.9757701553234125, np.str_('target_lighting_shift'): 0.894260086958761, np.str_('target_occluded'): 0.8668811996697271}",,mps,0,0.4,781,results/sim_complete/seed0_calib0.40/metrics_summary_alpha0.20.csv
471,0.5095541401273885,0.4904458598726114,1.0,1.0,1.0,0.5095541401273885,1.0,0.0,0.0,0.4904458598726114,0.1589580290756016,340,0.5441176470588235,0.4558823529411764,0.95,-0.4404458598726114,0.4404458598726114,top1_singleton,0.05,1,,mps,1,0.1,194,results/sim_complete/seed1_calib0.10/metrics_summary_alpha0.05.csv
471,0.9808917197452228,0.019108280254777,14.0,14.0,14.0,0.5095541401273885,0.0,1.0,0.0,0.0,0.1589580290756016,340,0.9852941176470588,0.0,0.95,0.0308917197452229,0.0308917197452229,topk_calibrated,0.05,14,,mps,1,0.1,194,results/sim_complete/seed1_calib0.10/metrics_summary_alpha0.05.csv
471,0.9766454352441614,0.0233545647558386,13.467091295116774,15.0,16.0,0.5095541401273885,0.0042462845010615,0.9957537154989384,0.0,0.0,0.1589580290756016,340,0.9941176470588236,0.0,0.95,0.0266454352441614,0.0266454352441614,vanilla_conformal,0.05,0.999597860961903,,mps,1,0.1,194,results/sim_complete/seed1_calib0.10/metrics_summary_alpha0.05.csv
471,0.9745222929936306,0.0254777070063694,14.097664543524417,15.0,15.0,0.5095541401273885,0.0,1.0,0.0,0.0,0.1589580290756016,340,0.9882352941176472,0.0,0.95,0.0245222929936306,0.0245222929936306,aps_conformal,0.05,0.999774913634284,,mps,1,0.1,194,results/sim_complete/seed1_calib0.10/metrics_summary_alpha0.05.csv
471,0.9723991507430998,0.0276008492569002,13.690021231422506,14.0,15.0,0.5095541401273885,0.0,1.0,0.0,0.0,0.1132181052383321,340,0.9911764705882352,0.0,0.95,0.0223991507430998,0.0223991507430998,temperature_conformal,0.05,0.9918175723814352,1.867010712623596,mps,1,0.1,194,results/sim_complete/seed1_calib0.10/metrics_summary_alpha0.05.csv
471,0.6093418259023354,0.3906581740976645,1.0,1.0,1.0,0.6093418259023354,1.0,0.0,0.0,0.3906581740976645,0.1201167670211684,340,0.6529411764705882,0.3470588235294117,0.95,-0.3406581740976645,0.3406581740976645,prompt_only_top1,0.05,1,,mps,1,0.1,194,results/sim_complete/seed1_calib0.10/metrics_summary_alpha0.05.csv
471,0.9745222929936306,0.0254777070063694,10.091295116772825,11.0,14.0,0.6093418259023354,0.0467091295116772,0.9532908704883228,0.0,0.0,0.1201167670211684,340,0.9941176470588236,0.0,0.95,0.0245222929936306,0.0245222929936306,coras,0.05,0.9987643630867616,,mps,1,0.1,194,results/sim_complete/seed1_calib0.10/metrics_summary_alpha0.05.csv
471,0.9723991507430998,0.0276008492569002,11.369426751592355,12.0,14.0,0.6093418259023354,0.0127388535031847,0.9872611464968152,0.0,0.0,0.1201167670211684,340,0.9941176470588236,0.0,0.95,0.0223991507430998,0.0223991507430998,coras_aps,0.05,0.9988084277812727,,mps,1,0.1,194,results/sim_complete/seed1_calib0.10/metrics_summary_alpha0.05.csv
471,0.9660297239915074,0.0339702760084925,10.67728237791932,12.0,16.0,0.6093418259023354,0.0912951167728237,0.9087048832271762,0.0,0.0021231422505307,0.1201167670211684,340,0.9911764705882352,0.0029411764705882,0.95,0.0160297239915074,0.0160297239915074,mondrian_domain,0.05,"{'__global__': 0.9987643630867616, np.str_('target_camera_shift'): 0.9996905500455596, np.str_('target_lighting_shift'): 0.9893535939468913, np.str_('target_occluded'): 0.99947268746628}",,mps,1,0.1,194,results/sim_complete/seed1_calib0.10/metrics_summary_alpha0.05.csv
471,0.5095541401273885,0.4904458598726114,1.0,1.0,1.0,0.5095541401273885,1.0,0.0,0.0,0.4904458598726114,0.1589580290756016,340,0.5441176470588235,0.4558823529411764,0.9,-0.3904458598726115,0.3904458598726115,top1_singleton,0.1,1,,mps,1,0.1,194,results/sim_complete/seed1_calib0.10/metrics_summary_alpha0.10.csv
471,0.921443736730361,0.078556263269639,12.0,12.0,12.0,0.5095541401273885,0.0,1.0,0.0,0.0,0.1589580290756016,340,0.9441176470588236,0.0,0.9,0.0214437367303609,0.0214437367303609,topk_calibrated,0.1,12,,mps,1,0.1,194,results/sim_complete/seed1_calib0.10/metrics_summary_alpha0.10.csv
471,0.8980891719745223,0.1019108280254776,8.934182590233545,10.0,13.0,0.5095541401273885,0.0721868365180467,0.9278131634819532,0.0,0.0084925690021231,0.1589580290756016,340,0.9294117647058824,0.0029411764705882,0.9,-0.0019108280254777,0.0019108280254777,vanilla_conformal,0.1,0.9972849509851687,,mps,1,0.1,194,results/sim_complete/seed1_calib0.10/metrics_summary_alpha0.10.csv
471,0.9150743099787686,0.0849256900212314,9.577494692144374,11.0,13.0,0.5095541401273885,0.0509554140127388,0.9490445859872612,0.0,0.0021231422505307,0.1589580290756016,340,0.9441176470588236,0.0,0.9,0.0150743099787685,0.0150743099787685,aps_conformal,0.1,0.9959049788872842,,mps,1,0.1,194,results/sim_complete/seed1_calib0.10/metrics_summary_alpha0.10.csv
471,0.9171974522292994,0.0828025477707006,10.331210191082803,11.0,13.0,0.5095541401273885,0.0106157112526539,0.989384288747346,0.0,0.0,0.1130918449578759,340,0.9470588235294116,0.0,0.9,0.0171974522292993,0.0171974522292993,temperature_conformal,0.1,0.9842175700112501,1.8663573265075684,mps,1,0.1,194,results/sim_complete/seed1_calib0.10/metrics_summary_alpha0.10.csv
471,0.6093418259023354,0.3906581740976645,1.0,1.0,1.0,0.6093418259023354,1.0,0.0,0.0,0.3906581740976645,0.1201167670211684,340,0.6529411764705882,0.3470588235294117,0.9,-0.2906581740976646,0.2906581740976646,prompt_only_top1,0.1,1,,mps,1,0.1,194,results/sim_complete/seed1_calib0.10/metrics_summary_alpha0.10.csv
471,0.9171974522292994,0.0828025477707006,6.934182590233545,8.0,11.0,0.6093418259023354,0.1443736730360934,0.8556263269639066,0.0,0.0021231422505307,0.1201167670211684,340,0.961764705882353,0.0,0.9,0.0171974522292993,0.0171974522292993,coras,0.1,0.9954622151866815,,mps,1,0.1,194,results/sim_complete/seed1_calib0.10/metrics_summary_alpha0.10.csv
471,0.9575371549893844,0.0424628450106157,9.305732484076431,10.0,13.0,0.6093418259023354,0.0552016985138004,0.9447983014861996,0.0,0.0,0.1201167670211684,340,0.9852941176470588,0.0,0.9,0.0575371549893842,0.0575371549893842,coras_aps,0.1,0.9966905061531385,,mps,1,0.1,194,results/sim_complete/seed1_calib0.10/metrics_summary_alpha0.10.csv
471,0.9426751592356688,0.0573248407643312,7.9723991507431,9.0,14.0,0.6093418259023354,0.1549893842887473,0.8450106157112527,0.0,0.0021231422505307,0.1201167670211684,340,0.976470588235294,0.0029411764705882,0.9,0.0426751592356687,0.0426751592356687,mondrian_domain,0.1,"{'__global__': 0.9954622151866815, np.str_('target_camera_shift'): 0.9987384606319956, np.str_('target_lighting_shift'): 0.9732702316294446, np.str_('target_occluded'): 0.9977555719577601}",,mps,1,0.1,194,results/sim_complete/seed1_calib0.10/metrics_summary_alpha0.10.csv
471,0.5095541401273885,0.4904458598726114,1.0,1.0,1.0,0.5095541401273885,1.0,0.0,0.0,0.4904458598726114,0.1589580290756016,340,0.5441176470588235,0.4558823529411764,0.8,-0.2904458598726115,0.2904458598726115,top1_singleton,0.2,1,,mps,1,0.1,194,results/sim_complete/seed1_calib0.10/metrics_summary_alpha0.20.csv
471,0.8407643312101911,0.1592356687898088,8.0,8.0,8.0,0.5095541401273885,0.0,1.0,0.0,0.0,0.1589580290756016,340,0.8911764705882353,0.0,0.8,0.040764331210191,0.040764331210191,topk_calibrated,0.2,8,,mps,1,0.1,194,results/sim_complete/seed1_calib0.10/metrics_summary_alpha0.20.csv
471,0.8259023354564756,0.1740976645435243,6.16135881104034,6.0,11.0,0.5095541401273885,0.1443736730360934,0.8556263269639066,0.0,0.019108280254777,0.1589580290756016,340,0.8647058823529412,0.0117647058823529,0.8,0.0259023354564755,0.0259023354564755,vanilla_conformal,0.2,0.989837352894961,,mps,1,0.1,194,results/sim_complete/seed1_calib0.10/metrics_summary_alpha0.20.csv
471,0.8471337579617835,0.1528662420382165,7.5456475583864115,9.0,11.0,0.5095541401273885,0.1104033970276008,0.8895966029723992,0.0,0.0106157112526539,0.1589580290756016,340,0.888235294117647,0.0029411764705882,0.8,0.0471337579617834,0.0471337579617834,aps_conformal,0.2,0.9897469885262984,,mps,1,0.1,194,results/sim_complete/seed1_calib0.10/metrics_summary_alpha0.20.csv
471,0.8386411889596603,0.1613588110403396,7.044585987261146,7.0,11.0,0.5095541401273885,0.0615711252653927,0.9384288747346072,0.0,0.0084925690021231,0.1131200683374688,340,0.8705882352941177,0.0029411764705882,0.8,0.0386411889596602,0.0386411889596602,temperature_conformal,0.2,0.9678255307992221,1.866503357887268,mps,1,0.1,194,results/sim_complete/seed1_calib0.10/metrics_summary_alpha0.20.csv
471,0.6093418259023354,0.3906581740976645,1.0,1.0,1.0,0.6093418259023354,1.0,0.0,0.0,0.3906581740976645,0.1201167670211684,340,0.6529411764705882,0.3470588235294117,0.8,-0.1906581740976646,0.1906581740976646,prompt_only_top1,0.2,1,,mps,1,0.1,194,results/sim_complete/seed1_calib0.10/metrics_summary_alpha0.20.csv
471,0.8110403397027601,0.1889596602972398,3.2038216560509554,3.0,7.0,0.6093418259023354,0.3121019108280254,0.6878980891719745,0.0,0.0276008492569002,0.1201167670211684,340,0.8735294117647059,0.0264705882352941,0.8,0.01104033970276,0.01104033970276,coras,0.2,0.9681427490241635,,mps,1,0.1,194,results/sim_complete/seed1_calib0.10/metrics_summary_alpha0.20.csv
471,0.9129511677282378,0.0870488322717621,6.957537154989384,8.0,11.0,0.6093418259023354,0.1464968152866242,0.8535031847133758,0.0,0.0,0.1201167670211684,340,0.9558823529411764,0.0,0.8,0.1129511677282377,0.1129511677282377,coras_aps,0.2,0.990091518068601,,mps,1,0.1,194,results/sim_complete/seed1_calib0.10/metrics_summary_alpha0.20.csv
471,0.8386411889596603,0.1613588110403396,4.273885350318471,4.0,9.0,0.6093418259023354,0.2653927813163482,0.7346072186836518,0.0,0.019108280254777,0.1201167670211684,340,0.9029411764705882,0.0088235294117647,0.8,0.0386411889596602,0.0386411889596602,mondrian_domain,0.2,"{'__global__': 0.9681427490241635, np.str_('target_camera_shift'): 0.9922313713500011, np.str_('target_lighting_shift'): 0.9558095079476296, np.str_('target_occluded'): 0.9716630179514937}",,mps,1,0.1,194,results/sim_complete/seed1_calib0.10/metrics_summary_alpha0.20.csv
485,0.5051546391752577,0.4948453608247423,1.0,1.0,1.0,0.5051546391752577,1.0,0.0,0.0,0.4948453608247423,0.164949350668979,380,0.531578947368421,0.4684210526315789,0.95,-0.4448453608247422,0.4448453608247422,top1_singleton,0.05,1,,mps,1,0.25,478,results/sim_complete/seed1_calib0.25/metrics_summary_alpha0.05.csv
485,0.977319587628866,0.022680412371134,14.0,14.0,14.0,0.5051546391752577,0.0,1.0,0.0,0.0,0.164949350668979,380,0.9842105263157894,0.0,0.95,0.0273195876288659,0.0273195876288659,topk_calibrated,0.05,14,,mps,1,0.25,478,results/sim_complete/seed1_calib0.25/metrics_summary_alpha0.05.csv
485,0.9608247422680412,0.0391752577319587,12.296907216494846,13.0,16.0,0.5051546391752577,0.0123711340206185,0.9876288659793816,0.0,0.0,0.164949350668979,380,0.9815789473684212,0.0,0.95,0.0108247422680413,0.0108247422680413,vanilla_conformal,0.05,0.999221138113927,,mps,1,0.25,478,results/sim_complete/seed1_calib0.25/metrics_summary_alpha0.05.csv
485,0.9649484536082474,0.0350515463917525,13.043298969072165,14.0,15.0,0.5051546391752577,0.0,1.0,0.0,0.0,0.164949350668979,380,0.9815789473684212,0.0,0.95,0.0149484536082474,0.0149484536082474,aps_conformal,0.05,0.9992852669625832,,mps,1,0.25,478,results/sim_complete/seed1_calib0.25/metrics_summary_alpha0.05.csv
485,0.9608247422680412,0.0391752577319587,13.0,14.0,15.0,0.5051546391752577,0.0,1.0,0.0,0.0,0.1147945786197402,380,0.9815789473684212,0.0,0.95,0.0108247422680413,0.0108247422680413,temperature_conformal,0.05,0.9900811221158059,1.8668981790542605,mps,1,0.25,478,results/sim_complete/seed1_calib0.25/metrics_summary_alpha0.05.csv
485,0.6020618556701031,0.3979381443298969,1.0,1.0,1.0,0.6020618556701031,1.0,0.0,0.0,0.3979381443298969,0.1234793421632815,380,0.6394736842105263,0.3605263157894737,0.95,-0.3479381443298969,0.3479381443298969,prompt_only_top1,0.05,1,,mps,1,0.25,478,results/sim_complete/seed1_calib0.25/metrics_summary_alpha0.05.csv
485,0.9443298969072164,0.0556701030927835,8.91340206185567,10.0,14.0,0.6020618556701031,0.0804123711340206,0.9195876288659792,0.0,0.0,0.1234793421632815,380,0.9763157894736842,0.0,0.95,-0.0056701030927834,0.0056701030927834,coras,0.05,0.9980835858339232,,mps,1,0.25,478,results/sim_complete/seed1_calib0.25/metrics_summary_alpha0.05.csv
485,0.9608247422680412,0.0391752577319587,10.42680412371134,11.0,13.0,0.6020618556701031,0.0268041237113402,0.9731958762886598,0.0,0.0,0.1234793421632815,380,0.9842105263157894,0.0,0.95,0.0108247422680413,0.0108247422680413,coras_aps,0.05,0.9981644300807482,,mps,1,0.25,478,results/sim_complete/seed1_calib0.25/metrics_summary_alpha0.05.csv
485,0.9402061855670104,0.0597938144329897,9.084536082474228,10.0,15.0,0.6020618556701031,0.1443298969072164,0.8556701030927835,0.0,0.0041237113402061,0.1234793421632815,380,0.9710526315789474,0.0026315789473684,0.95,-0.0097938144329896,0.0097938144329896,mondrian_domain,0.05,"{'__global__': 0.9980835858339232, np.str_('target_camera_shift'): 0.9995021976978778, np.str_('target_lighting_shift'): 0.9871188195827071, np.str_('target_occluded'): 0.991762458538869}",,mps,1,0.25,478,results/sim_complete/seed1_calib0.25/metrics_summary_alpha0.05.csv
485,0.5051546391752577,0.4948453608247423,1.0,1.0,1.0,0.5051546391752577,1.0,0.0,0.0,0.4948453608247423,0.164949350668979,380,0.531578947368421,0.4684210526315789,0.9,-0.3948453608247423,0.3948453608247423,top1_singleton,0.1,1,,mps,1,0.25,478,results/sim_complete/seed1_calib0.25/metrics_summary_alpha0.10.csv
485,0.9257731958762888,0.0742268041237113,12.0,12.0,12.0,0.5051546391752577,0.0,1.0,0.0,0.0,0.164949350668979,380,0.9473684210526316,0.0,0.9,0.0257731958762886,0.0257731958762886,topk_calibrated,0.1,12,,mps,1,0.25,478,results/sim_complete/seed1_calib0.25/metrics_summary_alpha0.10.csv
485,0.91340206185567,0.0865979381443299,9.22680412371134,11.0,13.0,0.5051546391752577,0.0536082474226804,0.9463917525773196,0.0,0.0041237113402061,0.164949350668979,380,0.9394736842105263,0.0,0.9,0.01340206185567,0.01340206185567,vanilla_conformal,0.1,0.9975315521707439,,mps,1,0.25,478,results/sim_complete/seed1_calib0.25/metrics_summary_alpha0.10.csv
485,0.9237113402061856,0.0762886597938143,10.043298969072165,11.0,13.0,0.5051546391752577,0.0350515463917525,0.9649484536082474,0.0,0.002061855670103,0.164949350668979,380,0.95,0.0,0.9,0.0237113402061855,0.0237113402061855,aps_conformal,0.1,0.9963447674610618,,mps,1,0.25,478,results/sim_complete/seed1_calib0.25/metrics_summary_alpha0.10.csv
485,0.9051546391752576,0.0948453608247422,10.16701030927835,11.0,13.0,0.5051546391752577,0.0061855670103092,0.9938144329896909,0.0,0.0,0.114805721962922,380,0.9342105263157896,0.0,0.9,0.0051546391752577,0.0051546391752577,temperature_conformal,0.1,0.9833381142155891,1.866974115371704,mps,1,0.25,478,results/sim_complete/seed1_calib0.25/metrics_summary_alpha0.10.csv
485,0.6020618556701031,0.3979381443298969,1.0,1.0,1.0,0.6020618556701031,1.0,0.0,0.0,0.3979381443298969,0.1234793421632815,380,0.6394736842105263,0.3605263157894737,0.9,-0.2979381443298969,0.2979381443298969,prompt_only_top1,0.1,1,,mps,1,0.25,478,results/sim_complete/seed1_calib0.25/metrics_summary_alpha0.10.csv
485,0.9010309278350516,0.0989690721649484,6.494845360824742,7.0,11.0,0.6020618556701031,0.1463917525773196,0.8536082474226804,0.0,0.0041237113402061,0.1234793421632815,380,0.9421052631578948,0.0026315789473684,0.9,0.0010309278350515,0.0010309278350515,coras,0.1,0.9947379078190606,,mps,1,0.25,478,results/sim_complete/seed1_calib0.25/metrics_summary_alpha0.10.csv
485,0.931958762886598,0.068041237113402,8.698969072164948,10.0,12.0,0.6020618556701031,0.0804123711340206,0.9195876288659792,0.0,0.0,0.1234793421632815,380,0.9657894736842104,0.0,0.9,0.0319587628865979,0.0319587628865979,coras_aps,0.1,0.995833430737283,,mps,1,0.25,478,results/sim_complete/seed1_calib0.25/metrics_summary_alpha0.10.csv
485,0.8927835051546392,0.1072164948453607,6.463917525773196,7.0,12.0,0.6020618556701031,0.2144329896907216,0.7855670103092783,0.0,0.0061855670103092,0.1234793421632815,380,0.936842105263158,0.0026315789473684,0.9,-0.0072164948453607,0.0072164948453607,mondrian_domain,0.1,"{'__global__': 0.9947379078190606, np.str_('target_camera_shift'): 0.9978191968626513, np.str_('target_lighting_shift'): 0.9692400331514496, np.str_('target_occluded'): 0.9818407911771554}",,mps,1,0.25,478,results/sim_complete/seed1_calib0.25/metrics_summary_alpha0.10.csv
485,0.5051546391752577,0.4948453608247423,1.0,1.0,1.0,0.5051546391752577,1.0,0.0,0.0,0.4948453608247423,0.164949350668979,380,0.531578947368421,0.4684210526315789,0.8,-0.2948453608247423,0.2948453608247423,top1_singleton,0.2,1,,mps,1,0.25,478,results/sim_complete/seed1_calib0.25/metrics_summary_alpha0.20.csv
485,0.8309278350515464,0.1690721649484535,7.0,7.0,7.0,0.5051546391752577,0.0,1.0,0.0,0.0,0.164949350668979,380,0.8605263157894737,0.0,0.8,0.0309278350515463,0.0309278350515463,topk_calibrated,0.2,7,,mps,1,0.25,478,results/sim_complete/seed1_calib0.25/metrics_summary_alpha0.20.csv
485,0.7938144329896907,0.2061855670103093,5.7917525773195875,5.0,11.0,0.5051546391752577,0.1422680412371134,0.8577319587628865,0.0,0.022680412371134,0.164949350668979,380,0.8289473684210527,0.0078947368421052,0.8,-0.0061855670103093,0.0061855670103093,vanilla_conformal,0.2,0.9872658599315114,,mps,1,0.25,478,results/sim_complete/seed1_calib0.25/metrics_summary_alpha0.20.csv
485,0.865979381443299,0.134020618556701,8.284536082474228,9.0,11.0,0.5051546391752577,0.0762886597938144,0.9237113402061856,0.0,0.0041237113402061,0.164949350668979,380,0.8973684210526316,0.0,0.8,0.0659793814432989,0.0659793814432989,aps_conformal,0.2,0.9921627733260145,,mps,1,0.25,478,results/sim_complete/seed1_calib0.25/metrics_summary_alpha0.20.csv
485,0.8103092783505155,0.1896907216494845,5.851546391752577,6.0,10.0,0.5051546391752577,0.0804123711340206,0.9195876288659792,0.0,0.0103092783505154,0.1147750721409854,380,0.8447368421052631,0.0,0.8,0.0103092783505154,0.0103092783505154,temperature_conformal,0.2,0.9585477019647023,1.8667652606964111,mps,1,0.25,478,results/sim_complete/seed1_calib0.25/metrics_summary_alpha0.20.csv
485,0.6020618556701031,0.3979381443298969,1.0,1.0,1.0,0.6020618556701031,1.0,0.0,0.0,0.3979381443298969,0.1234793421632815,380,0.6394736842105263,0.3605263157894737,0.8,-0.1979381443298969,0.1979381443298969,prompt_only_top1,0.2,1,,mps,1,0.25,478,results/sim_complete/seed1_calib0.25/metrics_summary_alpha0.20.csv
485,0.7876288659793814,0.2123711340206185,3.0783505154639177,2.0,6.0,0.6020618556701031,0.3195876288659793,0.6804123711340206,0.0,0.0412371134020618,0.1234793421632815,380,0.8315789473684211,0.0368421052631578,0.8,-0.0123711340206186,0.0123711340206186,coras,0.2,0.9648936848011382,,mps,1,0.25,478,results/sim_complete/seed1_calib0.25/metrics_summary_alpha0.20.csv
485,0.9072164948453608,0.0927835051546391,6.938144329896907,8.0,11.0,0.6020618556701031,0.1422680412371134,0.8577319587628865,0.0,0.002061855670103,0.1234793421632815,380,0.9421052631578948,0.0026315789473684,0.8,0.1072164948453607,0.1072164948453607,coras_aps,0.2,0.9906080375806074,,mps,1,0.25,478,results/sim_complete/seed1_calib0.25/metrics_summary_alpha0.20.csv
485,0.8247422680412371,0.1752577319587629,3.979381443298969,3.0,9.0,0.6020618556701031,0.3072164948453608,0.6927835051546392,0.0,0.0288659793814433,0.1234793421632815,380,0.8736842105263158,0.0157894736842105,0.8,0.024742268041237,0.024742268041237,mondrian_domain,0.2,"{'__global__': 0.9648936848011382, np.str_('target_camera_shift'): 0.9922313713500011, np.str_('target_lighting_shift'): 0.9329773229979706, np.str_('target_occluded'): 0.8859820354182463}",,mps,1,0.25,478,results/sim_complete/seed1_calib0.25/metrics_summary_alpha0.20.csv
517,0.4893617021276595,0.5106382978723405,1.0,1.0,1.0,0.4893617021276595,1.0,0.0,0.0,0.5106382978723404,0.1709613731514453,396,0.5227272727272727,0.4772727272727273,0.95,-0.4606382978723404,0.4606382978723404,top1_singleton,0.05,1,,mps,1,0.4,754,results/sim_complete/seed1_calib0.40/metrics_summary_alpha0.05.csv
517,0.9709864603481624,0.0290135396518375,14.0,14.0,14.0,0.4893617021276595,0.0,1.0,0.0,0.0,0.1709613731514453,396,0.9797979797979798,0.0,0.95,0.0209864603481625,0.0209864603481625,topk_calibrated,0.05,14,,mps,1,0.4,754,results/sim_complete/seed1_calib0.40/metrics_summary_alpha0.05.csv
517,0.9632495164410058,0.0367504835589942,12.365570599613152,13.0,16.0,0.4893617021276595,0.0038684719535783,0.9961315280464216,0.0,0.0,0.1709613731514453,396,0.98989898989899,0.0,0.95,0.0132495164410058,0.0132495164410058,vanilla_conformal,0.05,0.999221138113927,,mps,1,0.4,754,results/sim_complete/seed1_calib0.40/metrics_summary_alpha0.05.csv
517,0.9593810444874274,0.0406189555125725,12.895551257253384,13.0,15.0,0.4893617021276595,0.0,1.0,0.0,0.0,0.1709613731514453,396,0.9797979797979798,0.0,0.95,0.0093810444874274,0.0093810444874274,aps_conformal,0.05,0.9991741664102282,,mps,1,0.4,754,results/sim_complete/seed1_calib0.40/metrics_summary_alpha0.05.csv
517,0.95357833655706,0.04642166344294,12.406189555125726,13.0,15.0,0.4893617021276595,0.0,1.0,0.0,0.0,0.0917881589310497,396,0.9772727272727272,0.0,0.95,0.0035783365570599,0.0035783365570599,temperature_conformal,0.05,0.9886691006072567,1.865899682044983,mps,1,0.4,754,results/sim_complete/seed1_calib0.40/metrics_summary_alpha0.05.csv
517,0.5938104448742747,0.4061895551257253,1.0,1.0,1.0,0.5938104448742747,1.0,0.0,0.0,0.4061895551257253,0.1333093294162737,396,0.6237373737373737,0.3762626262626262,0.95,-0.3561895551257252,0.3561895551257252,prompt_only_top1,0.05,1,,mps,1,0.4,754,results/sim_complete/seed1_calib0.40/metrics_summary_alpha0.05.csv
517,0.943907156673114,0.0560928433268859,8.984526112185687,10.0,14.0,0.5938104448742747,0.0754352030947775,0.9245647969052224,0.0,0.0,0.1333093294162737,396,0.9772727272727272,0.0,0.95,-0.0060928433268858,0.0060928433268858,coras,0.05,0.9980835858339232,,mps,1,0.4,754,results/sim_complete/seed1_calib0.40/metrics_summary_alpha0.05.csv
517,0.9516441005802708,0.0483558994197291,10.62669245647969,11.0,13.0,0.5938104448742747,0.0193423597678916,0.9806576402321084,0.0,0.0,0.1333093294162737,396,0.9797979797979798,0.0,0.95,0.0016441005802708,0.0016441005802708,coras_aps,0.05,0.9982584686391329,,mps,1,0.4,754,results/sim_complete/seed1_calib0.40/metrics_summary_alpha0.05.csv
517,0.941972920696325,0.058027079303675,9.251450676982593,10.0,15.0,0.5938104448742747,0.1179883945841392,0.8820116054158608,0.0,0.0,0.1333093294162737,396,0.9646464646464646,0.0,0.95,-0.0080270793036749,0.0080270793036749,mondrian_domain,0.05,"{'__global__': 0.9980835858339232, np.str_('target_camera_shift'): 0.9994008952021096, np.str_('target_lighting_shift'): 0.99421322013937, np.str_('target_occluded'): 0.9929769863607798}",,mps,1,0.4,754,results/sim_complete/seed1_calib0.40/metrics_summary_alpha0.05.csv
517,0.4893617021276595,0.5106382978723405,1.0,1.0,1.0,0.4893617021276595,1.0,0.0,0.0,0.5106382978723404,0.1709613731514453,396,0.5227272727272727,0.4772727272727273,0.9,-0.4106382978723404,0.4106382978723404,top1_singleton,0.1,1,,mps,1,0.4,754,results/sim_complete/seed1_calib0.40/metrics_summary_alpha0.10.csv
517,0.920696324951644,0.0793036750483558,12.0,12.0,12.0,0.4893617021276595,0.0,1.0,0.0,0.0,0.1709613731514453,396,0.9444444444444444,0.0,0.9,0.020696324951644,0.020696324951644,topk_calibrated,0.1,12,,mps,1,0.4,754,results/sim_complete/seed1_calib0.40/metrics_summary_alpha0.10.csv
517,0.8974854932301741,0.1025145067698258,8.934235976789168,10.0,13.0,0.4893617021276595,0.04642166344294,0.95357833655706,0.0,0.0019342359767891,0.1709613731514453,396,0.9217171717171716,0.0,0.9,-0.0025145067698258,0.0025145067698258,vanilla_conformal,0.1,0.9972849509851687,,mps,1,0.4,754,results/sim_complete/seed1_calib0.40/metrics_summary_alpha0.10.csv
517,0.9245647969052224,0.0754352030947775,10.065764023210832,11.0,13.0,0.4893617021276595,0.0154738878143133,0.9845261121856866,0.0,0.0,0.1709613731514453,396,0.952020202020202,0.0,0.9,0.0245647969052223,0.0245647969052223,aps_conformal,0.1,0.9963447674610618,,mps,1,0.4,754,results/sim_complete/seed1_calib0.40/metrics_summary_alpha0.10.csv
517,0.9013539651837524,0.0986460348162475,10.059961315280464,11.0,13.0,0.4893617021276595,0.0019342359767891,0.9980657640232108,0.0,0.0,0.0921551215622486,396,0.9318181818181818,0.0,0.9,0.0013539651837524,0.0013539651837524,temperature_conformal,0.1,0.9831457080179394,1.8677581548690796,mps,1,0.4,754,results/sim_complete/seed1_calib0.40/metrics_summary_alpha0.10.csv
517,0.5938104448742747,0.4061895551257253,1.0,1.0,1.0,0.5938104448742747,1.0,0.0,0.0,0.4061895551257253,0.1333093294162737,396,0.6237373737373737,0.3762626262626262,0.9,-0.3061895551257253,0.3061895551257253,prompt_only_top1,0.1,1,,mps,1,0.4,754,results/sim_complete/seed1_calib0.40/metrics_summary_alpha0.10.csv
517,0.9013539651837524,0.0986460348162475,6.779497098646035,7.0,11.0,0.5938104448742747,0.1489361702127659,0.851063829787234,0.0,0.0077369439071566,0.1333093294162737,396,0.941919191919192,0.0075757575757575,0.9,0.0013539651837524,0.0013539651837524,coras,0.1,0.9948534067541728,,mps,1,0.4,754,results/sim_complete/seed1_calib0.40/metrics_summary_alpha0.10.csv
517,0.9323017408123792,0.0676982591876208,8.849129593810446,10.0,12.0,0.5938104448742747,0.0773694390715667,0.9226305609284332,0.0,0.0,0.1333093294162737,396,0.9696969696969696,0.0,0.9,0.0323017408123791,0.0323017408123791,coras_aps,0.1,0.9960213500898276,,mps,1,0.4,754,results/sim_complete/seed1_calib0.40/metrics_summary_alpha0.10.csv
517,0.8839458413926499,0.1160541586073501,6.458413926499033,6.0,12.0,0.5938104448742747,0.2050290135396518,0.7949709864603481,0.0,0.0096711798839458,0.1333093294162737,396,0.9217171717171716,0.005050505050505,0.9,-0.0160541586073501,0.0160541586073501,mondrian_domain,0.1,"{'__global__': 0.9948534067541728, np.str_('target_camera_shift'): 0.9976954023288358, np.str_('target_lighting_shift'): 0.9740910842922663, np.str_('target_occluded'): 0.9814707258795573}",,mps,1,0.4,754,results/sim_complete/seed1_calib0.40/metrics_summary_alpha0.10.csv
517,0.4893617021276595,0.5106382978723405,1.0,1.0,1.0,0.4893617021276595,1.0,0.0,0.0,0.5106382978723404,0.1709613731514453,396,0.5227272727272727,0.4772727272727273,0.8,-0.3106382978723405,0.3106382978723405,top1_singleton,0.2,1,,mps,1,0.4,754,results/sim_complete/seed1_calib0.40/metrics_summary_alpha0.20.csv
517,0.8143133462282398,0.1856866537717602,7.0,7.0,7.0,0.4893617021276595,0.0,1.0,0.0,0.0,0.1709613731514453,396,0.8358585858585859,0.0,0.8,0.0143133462282397,0.0143133462282397,topk_calibrated,0.2,7,,mps,1,0.4,754,results/sim_complete/seed1_calib0.40/metrics_summary_alpha0.20.csv
517,0.793036750483559,0.2069632495164409,5.93036750483559,6.0,11.0,0.4893617021276595,0.1431334622823984,0.8568665377176016,0.0,0.02321083172147,0.1709613731514453,396,0.8156565656565656,0.0075757575757575,0.8,-0.006963249516441,0.006963249516441,vanilla_conformal,0.2,0.9872658599315114,,mps,1,0.4,754,results/sim_complete/seed1_calib0.40/metrics_summary_alpha0.20.csv
517,0.8665377176015474,0.1334622823984526,8.274661508704062,9.0,11.0,0.4893617021276595,0.058027079303675,0.941972920696325,0.0,0.0077369439071566,0.1709613731514453,396,0.8939393939393939,0.0,0.8,0.0665377176015473,0.0665377176015473,aps_conformal,0.2,0.9923440330789881,,mps,1,0.4,754,results/sim_complete/seed1_calib0.40/metrics_summary_alpha0.20.csv
517,0.7891682785299806,0.2108317214700193,5.810444874274662,6.0,10.0,0.4893617021276595,0.0618955512572533,0.9381044487427466,0.0,0.0077369439071566,0.0919009075771859,396,0.8106060606060606,0.0,0.8,-0.0108317214700194,0.0108317214700194,temperature_conformal,0.2,0.957317253088174,1.866470456123352,mps,1,0.4,754,results/sim_complete/seed1_calib0.40/metrics_summary_alpha0.20.csv
517,0.5938104448742747,0.4061895551257253,1.0,1.0,1.0,0.5938104448742747,1.0,0.0,0.0,0.4061895551257253,0.1333093294162737,396,0.6237373737373737,0.3762626262626262,0.8,-0.2061895551257253,0.2061895551257253,prompt_only_top1,0.2,1,,mps,1,0.4,754,results/sim_complete/seed1_calib0.40/metrics_summary_alpha0.20.csv
517,0.7891682785299806,0.2108317214700193,3.147001934235977,3.0,6.0,0.5938104448742747,0.3172147001934235,0.6827852998065764,0.0,0.0522243713733075,0.1333093294162737,396,0.8207070707070707,0.0479797979797979,0.8,-0.0108317214700194,0.0108317214700194,coras,0.2,0.9664437776257607,,mps,1,0.4,754,results/sim_complete/seed1_calib0.40/metrics_summary_alpha0.20.csv
517,0.9013539651837524,0.0986460348162475,6.990328820116054,8.0,11.0,0.5938104448742747,0.1431334622823984,0.8568665377176016,0.0,0.0058027079303675,0.1333093294162737,396,0.941919191919192,0.005050505050505,0.8,0.1013539651837523,0.1013539651837523,coras_aps,0.2,0.990473555582539,,mps,1,0.4,754,results/sim_complete/seed1_calib0.40/metrics_summary_alpha0.20.csv
517,0.8259187620889749,0.1740812379110251,3.7040618955512574,3.0,8.0,0.5938104448742747,0.3307543520309478,0.6692456479690522,0.0,0.0309477756286266,0.1333093294162737,396,0.8661616161616161,0.0176767676767676,0.8,0.0259187620889748,0.0259187620889748,mondrian_domain,0.2,"{'__global__': 0.9664437776257607, np.str_('target_camera_shift'): 0.9902703826991085, np.str_('target_lighting_shift'): 0.9245430564391924, np.str_('target_occluded'): 0.9091375067037845}",,mps,1,0.4,754,results/sim_complete/seed1_calib0.40/metrics_summary_alpha0.20.csv
468,0.5982905982905983,0.4017094017094017,1.0,1.0,1.0,0.5982905982905983,1.0,0.0,0.0,0.4017094017094017,0.1642044152484037,357,0.6078431372549019,0.392156862745098,0.95,-0.3517094017094017,0.3517094017094017,top1_singleton,0.05,1,,mps,2,0.1,205,results/sim_complete/seed2_calib0.10/metrics_summary_alpha0.05.csv
468,0.9401709401709402,0.0598290598290598,11.0,11.0,11.0,0.5982905982905983,0.0,1.0,0.0,0.0,0.1642044152484037,357,0.9551820728291316,0.0,0.95,-0.0098290598290597,0.0098290598290597,topk_calibrated,0.05,11,,mps,2,0.1,205,results/sim_complete/seed2_calib0.10/metrics_summary_alpha0.05.csv
468,0.9337606837606838,0.0662393162393162,8.13034188034188,9.0,14.0,0.5982905982905983,0.0876068376068376,0.9123931623931624,0.0,0.0021367521367521,0.1642044152484037,357,0.9495798319327732,0.0028011204481792,0.95,-0.0162393162393161,0.0162393162393161,vanilla_conformal,0.05,0.998068196214147,,mps,2,0.1,205,results/sim_complete/seed2_calib0.10/metrics_summary_alpha0.05.csv
468,0.9465811965811964,0.0534188034188034,9.23076923076923,10.0,13.0,0.5982905982905983,0.0405982905982906,0.9594017094017094,0.0,0.0,0.1642044152484037,357,0.9663865546218487,0.0,0.95,-0.0034188034188034,0.0034188034188034,aps_conformal,0.05,0.9972472040533692,,mps,2,0.1,205,results/sim_complete/seed2_calib0.10/metrics_summary_alpha0.05.csv
468,0.9273504273504274,0.0726495726495726,7.493589743589744,8.0,12.0,0.5982905982905983,0.0726495726495726,0.9273504273504274,0.0,0.0021367521367521,0.0465477589570951,357,0.9411764705882352,0.0028011204481792,0.95,-0.0226495726495725,0.0226495726495725,temperature_conformal,0.05,0.9881545755003963,1.473109006881714,mps,2,0.1,205,results/sim_complete/seed2_calib0.10/metrics_summary_alpha0.05.csv
468,0.6068376068376068,0.3931623931623932,1.0,1.0,1.0,0.6068376068376068,1.0,0.0,0.0,0.3931623931623931,0.1331828096996333,357,0.6218487394957983,0.3781512605042016,0.95,-0.3431623931623931,0.3431623931623931,prompt_only_top1,0.05,1,,mps,2,0.1,205,results/sim_complete/seed2_calib0.10/metrics_summary_alpha0.05.csv
468,0.9529914529914528,0.047008547008547,7.141025641025641,8.0,13.0,0.6068376068376068,0.1495726495726495,0.8504273504273504,0.0,0.0,0.1331828096996333,357,0.969187675070028,0.0,0.95,0.0029914529914529,0.0029914529914529,coras,0.05,0.9962229107072055,,mps,2,0.1,205,results/sim_complete/seed2_calib0.10/metrics_summary_alpha0.05.csv
468,0.967948717948718,0.032051282051282,10.047008547008549,11.0,13.0,0.6068376068376068,0.0299145299145299,0.97008547008547,0.0,0.0,0.1331828096996333,357,0.9803921568627452,0.0,0.95,0.0179487179487179,0.0179487179487179,coras_aps,0.05,0.9980277878576749,,mps,2,0.1,205,results/sim_complete/seed2_calib0.10/metrics_summary_alpha0.05.csv
468,0.9764957264957264,0.0235042735042735,9.487179487179487,11.0,15.0,0.6068376068376068,0.1089743589743589,0.8910256410256411,0.0,0.0,0.1331828096996333,357,0.9831932773109244,0.0,0.95,0.0264957264957265,0.0264957264957265,mondrian_domain,0.05,"{'__global__': 0.9962229107072055, np.str_('target_camera_shift'): 0.9991758936079979, np.str_('target_lighting_shift'): 0.9921803742117438, np.str_('target_occluded'): 0.999546430864357}",,mps,2,0.1,205,results/sim_complete/seed2_calib0.10/metrics_summary_alpha0.05.csv
468,0.5982905982905983,0.4017094017094017,1.0,1.0,1.0,0.5982905982905983,1.0,0.0,0.0,0.4017094017094017,0.1642044152484037,357,0.6078431372549019,0.392156862745098,0.9,-0.3017094017094017,0.3017094017094017,top1_singleton,0.1,1,,mps,2,0.1,205,results/sim_complete/seed2_calib0.10/metrics_summary_alpha0.10.csv
468,0.9123931623931624,0.0876068376068376,8.0,8.0,8.0,0.5982905982905983,0.0,1.0,0.0,0.0,0.1642044152484037,357,0.9327731092436976,0.0,0.9,0.0123931623931623,0.0123931623931623,topk_calibrated,0.1,8,,mps,2,0.1,205,results/sim_complete/seed2_calib0.10/metrics_summary_alpha0.10.csv
468,0.8910256410256411,0.1089743589743589,4.6068376068376065,4.0,9.0,0.5982905982905983,0.2264957264957265,0.7735042735042735,0.0,0.017094017094017,0.1642044152484037,357,0.9047619047619048,0.0168067226890756,0.9,-0.0089743589743589,0.0089743589743589,vanilla_conformal,0.1,0.99109424618301,,mps,2,0.1,205,results/sim_complete/seed2_calib0.10/metrics_summary_alpha0.10.csv
468,0.935897435897436,0.0641025641025641,8.057692307692308,9.0,12.0,0.5982905982905983,0.0918803418803418,0.908119658119658,0.0,0.0021367521367521,0.1642044152484037,357,0.9523809523809524,0.0028011204481792,0.9,0.0358974358974358,0.0358974358974358,aps_conformal,0.1,0.9955163866876564,,mps,2,0.1,205,results/sim_complete/seed2_calib0.10/metrics_summary_alpha0.10.csv
468,0.8910256410256411,0.1089743589743589,4.764957264957265,4.0,9.0,0.5982905982905983,0.1709401709401709,0.8290598290598291,0.0,0.0064102564102564,0.0465469243690116,357,0.9047619047619048,0.0056022408963585,0.9,-0.0089743589743589,0.0089743589743589,temperature_conformal,0.1,0.9751960972853231,1.4731357097625732,mps,2,0.1,205,results/sim_complete/seed2_calib0.10/metrics_summary_alpha0.10.csv
468,0.6068376068376068,0.3931623931623932,1.0,1.0,1.0,0.6068376068376068,1.0,0.0,0.0,0.3931623931623931,0.1331828096996333,357,0.6218487394957983,0.3781512605042016,0.9,-0.2931623931623932,0.2931623931623932,prompt_only_top1,0.1,1,,mps,2,0.1,205,results/sim_complete/seed2_calib0.10/metrics_summary_alpha0.10.csv
468,0.9188034188034188,0.0811965811965812,4.816239316239316,4.0,9.300000000000011,0.6068376068376068,0.2371794871794871,0.7628205128205128,0.0,0.0064102564102564,0.1331828096996333,357,0.9411764705882352,0.0084033613445378,0.9,0.0188034188034187,0.0188034188034187,coras,0.1,0.9892000330069385,,mps,2,0.1,205,results/sim_complete/seed2_calib0.10/metrics_summary_alpha0.10.csv
468,0.9636752136752136,0.0363247863247863,8.942307692307692,10.0,13.0,0.6068376068376068,0.0769230769230769,0.9230769230769232,0.0,0.0,0.1331828096996333,357,0.9803921568627452,0.0,0.9,0.0636752136752136,0.0636752136752136,coras_aps,0.1,0.9965352804479359,,mps,2,0.1,205,results/sim_complete/seed2_calib0.10/metrics_summary_alpha0.10.csv
468,0.9273504273504274,0.0726495726495726,5.395299145299146,5.0,10.0,0.6068376068376068,0.2371794871794871,0.7628205128205128,0.0,0.0042735042735042,0.1331828096996333,357,0.9439775910364144,0.0056022408963585,0.9,0.0273504273504273,0.0273504273504273,mondrian_domain,0.1,"{'__global__': 0.9892000330069385, np.str_('target_camera_shift'): 0.9935411125889666, np.str_('target_lighting_shift'): 0.980915165274208, np.str_('target_occluded'): 0.9944676105447499}",,mps,2,0.1,205,results/sim_complete/seed2_calib0.10/metrics_summary_alpha0.10.csv
468,0.5982905982905983,0.4017094017094017,1.0,1.0,1.0,0.5982905982905983,1.0,0.0,0.0,0.4017094017094017,0.1642044152484037,357,0.6078431372549019,0.392156862745098,0.8,-0.2017094017094017,0.2017094017094017,top1_singleton,0.2,1,,mps,2,0.1,205,results/sim_complete/seed2_calib0.10/metrics_summary_alpha0.20.csv
468,0.8482905982905983,0.1517094017094017,4.0,4.0,4.0,0.5982905982905983,0.0,1.0,0.0,0.0,0.1642044152484037,357,0.865546218487395,0.0,0.8,0.0482905982905982,0.0482905982905982,topk_calibrated,0.2,4,,mps,2,0.1,205,results/sim_complete/seed2_calib0.10/metrics_summary_alpha0.20.csv
468,0.8205128205128205,0.1794871794871795,2.675213675213675,2.0,5.300000000000011,0.5982905982905983,0.3846153846153846,0.6153846153846154,0.0,0.0448717948717948,0.1642044152484037,357,0.8319327731092437,0.0476190476190476,0.8,0.0205128205128204,0.0205128205128204,vanilla_conformal,0.2,0.968119620633431,,mps,2,0.1,205,results/sim_complete/seed2_calib0.10/metrics_summary_alpha0.20.csv
468,0.903846153846154,0.0961538461538461,5.767094017094017,6.0,10.0,0.5982905982905983,0.2179487179487179,0.782051282051282,0.0,0.0085470085470085,0.1642044152484037,357,0.9159663865546218,0.0056022408963585,0.8,0.1038461538461538,0.1038461538461538,aps_conformal,0.2,0.9882860964911226,,mps,2,0.1,205,results/sim_complete/seed2_calib0.10/metrics_summary_alpha0.20.csv
468,0.8141025641025641,0.1858974358974359,2.5576923076923075,2.0,5.0,0.5982905982905983,0.344017094017094,0.655982905982906,0.0,0.0384615384615384,0.0465439184226783,357,0.8291316526610645,0.042016806722689,0.8,0.014102564102564,0.014102564102564,temperature_conformal,0.2,0.9369484405585518,1.4732319116592407,mps,2,0.1,205,results/sim_complete/seed2_calib0.10/metrics_summary_alpha0.20.csv
468,0.6068376068376068,0.3931623931623932,1.0,1.0,1.0,0.6068376068376068,1.0,0.0,0.0,0.3931623931623931,0.1331828096996333,357,0.6218487394957983,0.3781512605042016,0.8,-0.1931623931623932,0.1931623931623932,prompt_only_top1,0.2,1,,mps,2,0.1,205,results/sim_complete/seed2_calib0.10/metrics_summary_alpha0.20.csv
468,0.8311965811965812,0.1688034188034187,2.448717948717949,2.0,5.0,0.6068376068376068,0.4123931623931623,0.5876068376068376,0.0,0.047008547008547,0.1331828096996333,357,0.8515406162464986,0.0532212885154061,0.8,0.0311965811965811,0.0311965811965811,coras,0.2,0.9520309792755921,,mps,2,0.1,205,results/sim_complete/seed2_calib0.10/metrics_summary_alpha0.20.csv
468,0.935897435897436,0.0641025641025641,6.401709401709402,7.0,11.0,0.6068376068376068,0.1794871794871795,0.8205128205128205,0.0,0.0,0.1331828096996333,357,0.9551820728291316,0.0,0.8,0.1358974358974358,0.1358974358974358,coras_aps,0.2,0.9885040051373664,,mps,2,0.1,205,results/sim_complete/seed2_calib0.10/metrics_summary_alpha0.20.csv
468,0.8525641025641025,0.1474358974358974,2.931623931623931,2.0,6.0,0.6068376068376068,0.4038461538461538,0.5961538461538461,0.0,0.0277777777777777,0.1331828096996333,357,0.8823529411764706,0.0280112044817927,0.8,0.0525641025641024,0.0525641025641024,mondrian_domain,0.2,"{'__global__': 0.9520309792755921, np.str_('target_camera_shift'): 0.9791244950287401, np.str_('target_lighting_shift'): 0.8790839547131485, np.str_('target_occluded'): 0.9612278778113277}",,mps,2,0.1,205,results/sim_complete/seed2_calib0.10/metrics_summary_alpha0.20.csv
510,0.5843137254901961,0.4156862745098039,1.0,1.0,1.0,0.5843137254901961,1.0,0.0,0.0,0.4156862745098039,0.1630393110078805,381,0.6089238845144357,0.3910761154855643,0.95,-0.3656862745098038,0.3656862745098038,top1_singleton,0.05,1,,mps,2,0.25,477,results/sim_complete/seed2_calib0.25/metrics_summary_alpha0.05.csv
510,0.9647058823529412,0.0352941176470588,12.0,12.0,12.0,0.5843137254901961,0.0,1.0,0.0,0.0,0.1630393110078805,381,0.984251968503937,0.0,0.95,0.0147058823529412,0.0147058823529412,topk_calibrated,0.05,12,,mps,2,0.25,477,results/sim_complete/seed2_calib0.25/metrics_summary_alpha0.05.csv
510,0.9549019607843138,0.0450980392156862,9.474509803921569,11.0,15.0,0.5843137254901961,0.0372549019607843,0.9627450980392156,0.0,0.0,0.1630393110078805,381,0.9763779527559056,0.0,0.95,0.0049019607843138,0.0049019607843138,vanilla_conformal,0.05,0.9987254435161232,,mps,2,0.25,477,results/sim_complete/seed2_calib0.25/metrics_summary_alpha0.05.csv
510,0.9647058823529412,0.0352941176470588,10.566666666666666,12.0,14.0,0.5843137254901961,0.0058823529411764,0.9941176470588236,0.0,0.0,0.1630393110078805,381,0.984251968503937,0.0,0.95,0.0147058823529412,0.0147058823529412,aps_conformal,0.05,0.9983172967923172,,mps,2,0.25,477,results/sim_complete/seed2_calib0.25/metrics_summary_alpha0.05.csv
510,0.9529411764705882,0.0470588235294118,9.41764705882353,10.0,14.0,0.5843137254901961,0.0215686274509803,0.9784313725490196,0.0,0.0,0.0672124331747707,381,0.9763779527559056,0.0,0.95,0.0029411764705882,0.0029411764705882,temperature_conformal,0.05,0.9920150183471318,1.473163366317749,mps,2,0.25,477,results/sim_complete/seed2_calib0.25/metrics_summary_alpha0.05.csv
510,0.6235294117647059,0.3764705882352941,1.0,1.0,1.0,0.6235294117647059,1.0,0.0,0.0,0.3764705882352941,0.1165143249487804,381,0.6509186351706037,0.3490813648293963,0.95,-0.326470588235294,0.326470588235294,prompt_only_top1,0.05,1,,mps,2,0.25,477,results/sim_complete/seed2_calib0.25/metrics_summary_alpha0.05.csv
510,0.9607843137254902,0.0392156862745097,7.96078431372549,8.0,14.0,0.6235294117647059,0.1,0.9,0.0,0.0019607843137254,0.1165143249487804,381,0.979002624671916,0.0026246719160104,0.95,0.0107843137254902,0.0107843137254902,coras,0.05,0.997296232426188,,mps,2,0.25,477,results/sim_complete/seed2_calib0.25/metrics_summary_alpha0.05.csv
510,0.976470588235294,0.0235294117647059,10.580392156862745,11.0,13.0,0.6235294117647059,0.0078431372549019,0.992156862745098,0.0,0.0,0.1165143249487804,381,0.9868766404199476,0.0,0.95,0.0264705882352941,0.0264705882352941,coras_aps,0.05,0.9983369431971999,,mps,2,0.25,477,results/sim_complete/seed2_calib0.25/metrics_summary_alpha0.05.csv
510,0.9647058823529412,0.0352941176470588,8.1,9.0,14.0,0.6235294117647059,0.1490196078431372,0.8509803921568627,0.0,0.0,0.1165143249487804,381,0.984251968503937,0.0,0.95,0.0147058823529412,0.0147058823529412,mondrian_domain,0.05,"{'__global__': 0.997296232426188, np.str_('target_camera_shift'): 0.9990617874575894, np.str_('target_lighting_shift'): 0.9885332438555205, np.str_('target_occluded'): 0.9953187810574159}",,mps,2,0.25,477,results/sim_complete/seed2_calib0.25/metrics_summary_alpha0.05.csv
510,0.5843137254901961,0.4156862745098039,1.0,1.0,1.0,0.5843137254901961,1.0,0.0,0.0,0.4156862745098039,0.1630393110078805,381,0.6089238845144357,0.3910761154855643,0.9,-0.3156862745098039,0.3156862745098039,top1_singleton,0.1,1,,mps,2,0.25,477,results/sim_complete/seed2_calib0.25/metrics_summary_alpha0.10.csv
510,0.9117647058823528,0.088235294117647,8.0,8.0,8.0,0.5843137254901961,0.0,1.0,0.0,0.0,0.1630393110078805,381,0.9291338582677166,0.0,0.9,0.0117647058823529,0.0117647058823529,topk_calibrated,0.1,8,,mps,2,0.25,477,results/sim_complete/seed2_calib0.25/metrics_summary_alpha0.10.csv
510,0.8980392156862745,0.1019607843137254,5.396078431372549,5.0,11.0,0.5843137254901961,0.192156862745098,0.807843137254902,0.0,0.0235294117647058,0.1630393110078805,381,0.9238845144356956,0.0131233595800524,0.9,-0.0019607843137254,0.0019607843137254,vanilla_conformal,0.1,0.9933984449687681,,mps,2,0.25,477,results/sim_complete/seed2_calib0.25/metrics_summary_alpha0.10.csv
510,0.9431372549019608,0.0568627450980392,8.729411764705882,10.0,13.0,0.5843137254901961,0.0490196078431372,0.9509803921568628,0.0,0.0,0.1630393110078805,381,0.968503937007874,0.0,0.9,0.0431372549019607,0.0431372549019607,aps_conformal,0.1,0.9963471653643242,,mps,2,0.25,477,results/sim_complete/seed2_calib0.25/metrics_summary_alpha0.10.csv
510,0.8960784313725491,0.1039215686274509,5.447058823529412,5.0,10.0,0.5843137254901961,0.1392156862745098,0.8607843137254902,0.0,0.0137254901960784,0.0687723030252751,381,0.9212598425196852,0.0052493438320209,0.9,-0.0039215686274509,0.0039215686274509,temperature_conformal,0.1,0.9785743768159362,1.4734562635421753,mps,2,0.25,477,results/sim_complete/seed2_calib0.25/metrics_summary_alpha0.10.csv
510,0.6235294117647059,0.3764705882352941,1.0,1.0,1.0,0.6235294117647059,1.0,0.0,0.0,0.3764705882352941,0.1165143249487804,381,0.6509186351706037,0.3490813648293963,0.9,-0.2764705882352941,0.2764705882352941,prompt_only_top1,0.1,1,,mps,2,0.25,477,results/sim_complete/seed2_calib0.25/metrics_summary_alpha0.10.csv
510,0.9098039215686274,0.0901960784313725,4.647058823529412,4.0,9.0,0.6235294117647059,0.2313725490196078,0.7686274509803922,0.0,0.0098039215686274,0.1165143249487804,381,0.94750656167979,0.0104986876640419,0.9,0.0098039215686274,0.0098039215686274,coras,0.1,0.9885332438555205,,mps,2,0.25,477,results/sim_complete/seed2_calib0.25/metrics_summary_alpha0.10.csv
510,0.9666666666666668,0.0333333333333333,9.107843137254902,10.0,13.0,0.6235294117647059,0.0450980392156862,0.9549019607843138,0.0,0.0,0.1165143249487804,381,0.984251968503937,0.0,0.9,0.0666666666666666,0.0666666666666666,coras_aps,0.1,0.9966031426287084,,mps,2,0.25,477,results/sim_complete/seed2_calib0.25/metrics_summary_alpha0.10.csv
510,0.9137254901960784,0.0862745098039216,4.992156862745098,4.0,10.0,0.6235294117647059,0.288235294117647,0.711764705882353,0.0,0.0215686274509803,0.1165143249487804,381,0.94750656167979,0.0104986876640419,0.9,0.0137254901960783,0.0137254901960783,mondrian_domain,0.1,"{'__global__': 0.9885332438555205, np.str_('target_camera_shift'): 0.9947735105451162, np.str_('target_lighting_shift'): 0.9671965442960121, np.str_('target_occluded'): 0.9666111124413842}",,mps,2,0.25,477,results/sim_complete/seed2_calib0.25/metrics_summary_alpha0.10.csv
510,0.5843137254901961,0.4156862745098039,1.0,1.0,1.0,0.5843137254901961,1.0,0.0,0.0,0.4156862745098039,0.1630393110078805,381,0.6089238845144357,0.3910761154855643,0.8,-0.2156862745098039,0.2156862745098039,top1_singleton,0.2,1,,mps,2,0.25,477,results/sim_complete/seed2_calib0.25/metrics_summary_alpha0.20.csv
510,0.8352941176470589,0.1647058823529411,4.0,4.0,4.0,0.5843137254901961,0.0,1.0,0.0,0.0,0.1630393110078805,381,0.8608923884514436,0.0,0.8,0.0352941176470588,0.0352941176470588,topk_calibrated,0.2,4,,mps,2,0.25,477,results/sim_complete/seed2_calib0.25/metrics_summary_alpha0.20.csv
510,0.788235294117647,0.2117647058823529,2.545098039215686,2.0,5.0,0.5843137254901961,0.403921568627451,0.596078431372549,0.0,0.0666666666666666,0.1630393110078805,381,0.8162729658792651,0.0577427821522309,0.8,-0.011764705882353,0.011764705882353,vanilla_conformal,0.2,0.9613400107511585,,mps,2,0.25,477,results/sim_complete/seed2_calib0.25/metrics_summary_alpha0.20.csv
510,0.9137254901960784,0.0862745098039216,6.549019607843137,7.0,11.0,0.5843137254901961,0.1549019607843137,0.8450980392156863,0.0,0.0039215686274509,0.1630393110078805,381,0.9343832020997376,0.0026246719160104,0.8,0.1137254901960783,0.1137254901960783,aps_conformal,0.2,0.9910511914026868,,mps,2,0.25,477,results/sim_complete/seed2_calib0.25/metrics_summary_alpha0.20.csv
510,0.792156862745098,0.207843137254902,2.429411764705882,2.0,5.0,0.5843137254901961,0.3627450980392157,0.6372549019607843,0.0,0.0588235294117647,0.0672142028611094,381,0.821522309711286,0.0472440944881889,0.8,-0.007843137254902,0.007843137254902,temperature_conformal,0.2,0.9304222026790139,1.4731069803237915,mps,2,0.25,477,results/sim_complete/seed2_calib0.25/metrics_summary_alpha0.20.csv
510,0.6235294117647059,0.3764705882352941,1.0,1.0,1.0,0.6235294117647059,1.0,0.0,0.0,0.3764705882352941,0.1165143249487804,381,0.6509186351706037,0.3490813648293963,0.8,-0.1764705882352941,0.1764705882352941,prompt_only_top1,0.2,1,,mps,2,0.25,477,results/sim_complete/seed2_calib0.25/metrics_summary_alpha0.20.csv
510,0.8058823529411765,0.1941176470588235,2.1823529411764704,2.0,4.0,0.6235294117647059,0.4784313725490196,0.5215686274509804,0.0,0.0823529411764705,0.1165143249487804,381,0.84251968503937,0.0761154855643044,0.8,0.0058823529411764,0.0058823529411764,coras,0.2,0.9383376927536212,,mps,2,0.25,477,results/sim_complete/seed2_calib0.25/metrics_summary_alpha0.20.csv
510,0.9490196078431372,0.0509803921568627,7.107843137254902,8.0,11.0,0.6235294117647059,0.1215686274509803,0.8784313725490196,0.0,0.0019607843137254,0.1165143249487804,381,0.9711286089238844,0.0026246719160104,0.8,0.1490196078431371,0.1490196078431371,coras_aps,0.2,0.9915415559869041,,mps,2,0.25,477,results/sim_complete/seed2_calib0.25/metrics_summary_alpha0.20.csv
510,0.8058823529411765,0.1941176470588235,2.5725490196078433,1.0,6.0,0.6235294117647059,0.503921568627451,0.4901960784313725,0.0058823529411764,0.1,0.1165143249487804,381,0.8582677165354331,0.0787401574803149,0.8,0.0058823529411764,0.0058823529411764,mondrian_domain,0.2,"{'__global__': 0.9383376927536212, np.str_('target_camera_shift'): 0.9771498002801517, np.str_('target_lighting_shift'): 0.7745308195322841, np.str_('target_occluded'): 0.9231822654010167}",,mps,2,0.25,477,results/sim_complete/seed2_calib0.25/metrics_summary_alpha0.20.csv
502,0.5756972111553785,0.4243027888446214,1.0,1.0,1.0,0.5756972111553785,1.0,0.0,0.0,0.4243027888446215,0.1691912539541524,382,0.6047120418848168,0.3952879581151832,0.95,-0.3743027888446214,0.3743027888446214,top1_singleton,0.05,1,,mps,2,0.4,783,results/sim_complete/seed2_calib0.40/metrics_summary_alpha0.05.csv
502,0.9601593625498008,0.0398406374501991,11.0,11.0,11.0,0.5756972111553785,0.0,1.0,0.0,0.0,0.1691912539541524,382,0.981675392670157,0.0,0.95,0.0101593625498008,0.0101593625498008,topk_calibrated,0.05,11,,mps,2,0.4,783,results/sim_complete/seed2_calib0.40/metrics_summary_alpha0.05.csv
502,0.9302788844621512,0.0697211155378486,8.525896414342629,9.0,14.0,0.5756972111553785,0.0756972111553784,0.9243027888446216,0.0,0.0,0.1691912539541524,382,0.9581151832460733,0.0,0.95,-0.0197211155378486,0.0197211155378486,vanilla_conformal,0.05,0.9982976968019158,,mps,2,0.4,783,results/sim_complete/seed2_calib0.40/metrics_summary_alpha0.05.csv
502,0.9581673306772908,0.0418326693227091,10.093625498007968,11.0,13.0,0.5756972111553785,0.0179282868525896,0.9820717131474104,0.0,0.0,0.1691912539541524,382,0.981675392670157,0.0,0.95,0.0081673306772909,0.0081673306772909,aps_conformal,0.05,0.9980271373546176,,mps,2,0.4,783,results/sim_complete/seed2_calib0.40/metrics_summary_alpha0.05.csv
502,0.9282868525896414,0.0717131474103586,8.241035856573705,9.0,13.0,0.5756972111553785,0.0517928286852589,0.9482071713147412,0.0,0.0,0.0688021375287571,382,0.9554973821989527,0.0,0.95,-0.0217131474103585,0.0217131474103585,temperature_conformal,0.05,0.9900371173714844,1.4732095003128052,mps,2,0.4,783,results/sim_complete/seed2_calib0.40/metrics_summary_alpha0.05.csv
502,0.6314741035856574,0.3685258964143426,1.0,1.0,1.0,0.6314741035856574,1.0,0.0,0.0,0.3685258964143426,0.1196645034708091,382,0.6675392670157068,0.3324607329842932,0.95,-0.3185258964143426,0.3185258964143426,prompt_only_top1,0.05,1,,mps,2,0.4,783,results/sim_complete/seed2_calib0.40/metrics_summary_alpha0.05.csv
502,0.9322709163346612,0.0677290836653387,6.4800796812749,6.0,12.0,0.6314741035856574,0.1553784860557769,0.8446215139442231,0.0,0.0039840637450199,0.1196645034708091,382,0.9659685863874344,0.0052356020942408,0.95,-0.0177290836653386,0.0177290836653386,coras,0.05,0.9953427672029905,,mps,2,0.4,783,results/sim_complete/seed2_calib0.40/metrics_summary_alpha0.05.csv
502,0.9681274900398408,0.0318725099601593,9.922310756972111,11.0,13.0,0.6314741035856574,0.0318725099601593,0.9681274900398408,0.0,0.0,0.1196645034708091,382,0.9895287958115184,0.0,0.95,0.0181274900398407,0.0181274900398407,coras_aps,0.05,0.9978891252836738,,mps,2,0.4,783,results/sim_complete/seed2_calib0.40/metrics_summary_alpha0.05.csv
502,0.9382470119521912,0.0617529880478087,6.677290836653387,7.0,13.0,0.6314741035856574,0.199203187250996,0.8007968127490039,0.0,0.0039840637450199,0.1196645034708091,382,0.9764397905759162,0.0026178010471204,0.95,-0.0117529880478086,0.0117529880478086,mondrian_domain,0.05,"{'__global__': 0.9953427672029905, np.str_('target_camera_shift'): 0.998080755820109, np.str_('target_lighting_shift'): 0.9843746533847733, np.str_('target_occluded'): 0.9953187810574159}",,mps,2,0.4,783,results/sim_complete/seed2_calib0.40/metrics_summary_alpha0.05.csv
502,0.5756972111553785,0.4243027888446214,1.0,1.0,1.0,0.5756972111553785,1.0,0.0,0.0,0.4243027888446215,0.1691912539541524,382,0.6047120418848168,0.3952879581151832,0.9,-0.3243027888446215,0.3243027888446215,top1_singleton,0.1,1,,mps,2,0.4,783,results/sim_complete/seed2_calib0.40/metrics_summary_alpha0.10.csv
502,0.8884462151394422,0.1115537848605577,7.0,7.0,7.0,0.5756972111553785,0.0,1.0,0.0,0.0,0.1691912539541524,382,0.9267015706806284,0.0,0.9,-0.0115537848605578,0.0115537848605578,topk_calibrated,0.1,7,,mps,2,0.4,783,results/sim_complete/seed2_calib0.40/metrics_summary_alpha0.10.csv
502,0.8844621513944223,0.1155378486055777,4.960159362549801,4.0,10.0,0.5756972111553785,0.2211155378486055,0.7788844621513944,0.0,0.0298804780876494,0.1691912539541524,382,0.9162303664921466,0.0261780104712041,0.9,-0.0155378486055777,0.0155378486055777,vanilla_conformal,0.1,0.9919458952840823,,mps,2,0.4,783,results/sim_complete/seed2_calib0.40/metrics_summary_alpha0.10.csv
502,0.9322709163346612,0.0677290836653387,8.237051792828685,9.0,12.0,0.5756972111553785,0.0836653386454183,0.9163346613545816,0.0,0.0,0.1691912539541524,382,0.9581151832460733,0.0,0.9,0.0322709163346612,0.0322709163346612,aps_conformal,0.1,0.9957728399616779,,mps,2,0.4,783,results/sim_complete/seed2_calib0.40/metrics_summary_alpha0.10.csv
502,0.8924302788844621,0.1075697211155378,5.159362549800797,5.0,9.0,0.5756972111553785,0.1394422310756972,0.8605577689243028,0.0,0.0179282868525896,0.0688503114960225,382,0.9240837696335078,0.0104712041884816,0.9,-0.0075697211155378,0.0075697211155378,temperature_conformal,0.1,0.9769006043009656,1.472930669784546,mps,2,0.4,783,results/sim_complete/seed2_calib0.40/metrics_summary_alpha0.10.csv
502,0.6314741035856574,0.3685258964143426,1.0,1.0,1.0,0.6314741035856574,1.0,0.0,0.0,0.3685258964143426,0.1196645034708091,382,0.6675392670157068,0.3324607329842932,0.9,-0.2685258964143426,0.2685258964143426,prompt_only_top1,0.1,1,,mps,2,0.4,783,results/sim_complete/seed2_calib0.40/metrics_summary_alpha0.10.csv
502,0.8924302788844621,0.1075697211155378,4.217131474103586,3.0,9.0,0.6314741035856574,0.2768924302788844,0.7231075697211156,0.0,0.0219123505976095,0.1196645034708091,382,0.9424083769633508,0.0157068062827225,0.9,-0.0075697211155378,0.0075697211155378,coras,0.1,0.9868913317914433,,mps,2,0.4,783,results/sim_complete/seed2_calib0.40/metrics_summary_alpha0.10.csv
502,0.954183266932271,0.045816733067729,8.48605577689243,9.0,12.0,0.6314741035856574,0.0836653386454183,0.9163346613545816,0.0,0.0,0.1196645034708091,382,0.9842931937172776,0.0,0.9,0.0541832669322709,0.0541832669322709,coras_aps,0.1,0.9958135640910275,,mps,2,0.4,783,results/sim_complete/seed2_calib0.40/metrics_summary_alpha0.10.csv
502,0.8824701195219123,0.1175298804780876,4.2151394422310755,3.0,9.0,0.6314741035856574,0.3286852589641434,0.6713147410358565,0.0,0.0179282868525896,0.1196645034708091,382,0.9319371727748692,0.0104712041884816,0.9,-0.0175298804780876,0.0175298804780876,mondrian_domain,0.1,"{'__global__': 0.9868913317914433, np.str_('target_camera_shift'): 0.9934454731440495, np.str_('target_lighting_shift'): 0.9441054010654406, np.str_('target_occluded'): 0.9666111124413842}",,mps,2,0.4,783,results/sim_complete/seed2_calib0.40/metrics_summary_alpha0.10.csv
502,0.5756972111553785,0.4243027888446214,1.0,1.0,1.0,0.5756972111553785,1.0,0.0,0.0,0.4243027888446215,0.1691912539541524,382,0.6047120418848168,0.3952879581151832,0.8,-0.2243027888446215,0.2243027888446215,top1_singleton,0.2,1,,mps,2,0.4,783,results/sim_complete/seed2_calib0.40/metrics_summary_alpha0.20.csv
502,0.8207171314741036,0.1792828685258963,4.0,4.0,4.0,0.5756972111553785,0.0,1.0,0.0,0.0,0.1691912539541524,382,0.8717277486910995,0.0,0.8,0.0207171314741035,0.0207171314741035,topk_calibrated,0.2,4,,mps,2,0.4,783,results/sim_complete/seed2_calib0.40/metrics_summary_alpha0.20.csv
502,0.7828685258964143,0.2171314741035857,2.5816733067729083,2.0,6.0,0.5756972111553785,0.4063745019920319,0.5936254980079682,0.0,0.0717131474103585,0.1691912539541524,382,0.8219895287958116,0.0654450261780104,0.8,-0.0171314741035857,0.0171314741035857,vanilla_conformal,0.2,0.9604476003852684,,mps,2,0.4,783,results/sim_complete/seed2_calib0.40/metrics_summary_alpha0.20.csv
502,0.9103585657370518,0.0896414342629482,6.3804780876494025,7.0,11.0,0.5756972111553785,0.1792828685258964,0.8207171314741036,0.0,0.0119521912350597,0.1691912539541524,382,0.9424083769633508,0.0078534031413612,0.8,0.1103585657370517,0.1103585657370517,aps_conformal,0.2,0.9907178994647394,,mps,2,0.4,783,results/sim_complete/seed2_calib0.40/metrics_summary_alpha0.20.csv
502,0.7828685258964143,0.2171314741035857,2.4262948207171315,2.0,5.0,0.5756972111553785,0.3745019920318725,0.6254980079681275,0.0,0.0597609561752988,0.0688244221606591,382,0.8219895287958116,0.0523560209424083,0.8,-0.0171314741035857,0.0171314741035857,temperature_conformal,0.2,0.927179520857154,1.4730805158615112,mps,2,0.4,783,results/sim_complete/seed2_calib0.40/metrics_summary_alpha0.20.csv
502,0.6314741035856574,0.3685258964143426,1.0,1.0,1.0,0.6314741035856574,1.0,0.0,0.0,0.3685258964143426,0.1196645034708091,382,0.6675392670157068,0.3324607329842932,0.8,-0.1685258964143426,0.1685258964143426,prompt_only_top1,0.2,1,,mps,2,0.4,783,results/sim_complete/seed2_calib0.40/metrics_summary_alpha0.20.csv
502,0.7868525896414342,0.2131474103585657,2.0278884462151394,1.0,4.0,0.6314741035856574,0.5059760956175299,0.4940239043824701,0.0,0.0836653386454183,0.1196645034708091,382,0.8350785340314136,0.0759162303664921,0.8,-0.0131474103585658,0.0131474103585658,coras,0.2,0.9310425820690145,,mps,2,0.4,783,results/sim_complete/seed2_calib0.40/metrics_summary_alpha0.20.csv
502,0.9342629482071712,0.0657370517928287,6.266932270916334,7.0,11.0,0.6314741035856574,0.1693227091633466,0.8306772908366534,0.0,0.0039840637450199,0.1196645034708091,382,0.9685863874345548,0.0052356020942408,0.8,0.1342629482071712,0.1342629482071712,coras_aps,0.2,0.9887139131917103,,mps,2,0.4,783,results/sim_complete/seed2_calib0.40/metrics_summary_alpha0.20.csv
502,0.7848605577689243,0.2151394422310757,2.254980079681275,1.0,5.0,0.6314741035856574,0.547808764940239,0.448207171314741,0.0039840637450199,0.1135458167330677,0.1196645034708091,382,0.837696335078534,0.094240837696335,0.8,-0.0151394422310757,0.0151394422310757,mondrian_domain,0.2,"{'__global__': 0.9310425820690145, np.str_('target_camera_shift'): 0.972461297528041, np.str_('target_lighting_shift'): 0.7745361021454178, np.str_('target_occluded'): 0.8581313923601619}",,mps,2,0.4,783,results/sim_complete/seed2_calib0.40/metrics_summary_alpha0.20.csv
517,0.3288201160541586,0.6711798839458414,1.0,1.0,1.0,0.3288201160541586,1.0,0.0,0.0,0.6711798839458414,0.367677118726379,392,0.3571428571428571,0.6428571428571429,0.95,-0.6211798839458413,0.6211798839458413,top1_singleton,0.05,1,,mps,3,0.1,176,results/sim_complete/seed3_calib0.10/metrics_summary_alpha0.05.csv
517,0.9787234042553192,0.0212765957446808,15.0,15.0,15.0,0.3288201160541586,0.0,1.0,0.0,0.0,0.367677118726379,392,0.9897959183673468,0.0,0.95,0.0287234042553191,0.0287234042553191,topk_calibrated,0.05,15,,mps,3,0.1,176,results/sim_complete/seed3_calib0.10/metrics_summary_alpha0.05.csv
517,0.986460348162476,0.0135396518375241,13.804642166344294,15.0,16.0,0.3288201160541586,0.0058027079303675,0.9941972920696324,0.0,0.0,0.367677118726379,392,1.0,0.0,0.95,0.0364603481624759,0.0364603481624759,vanilla_conformal,0.05,0.999761788919027,,mps,3,0.1,176,results/sim_complete/seed3_calib0.10/metrics_summary_alpha0.05.csv
517,0.9671179883945842,0.0328820116054158,13.79110251450677,14.0,15.0,0.3288201160541586,0.0,1.0,0.0,0.0,0.367677118726379,392,0.9897959183673468,0.0,0.95,0.0171179883945842,0.0171179883945842,aps_conformal,0.05,0.9997821652323426,,mps,3,0.1,176,results/sim_complete/seed3_calib0.10/metrics_summary_alpha0.05.csv
517,0.9477756286266924,0.0522243713733076,13.096711798839458,13.0,15.0,0.3288201160541586,0.0,1.0,0.0,0.0,0.1043692078577356,392,0.9897959183673468,0.0,0.95,-0.0022243713733075,0.0022243713733075,temperature_conformal,0.05,0.9829261944360526,2.5693607330322266,mps,3,0.1,176,results/sim_complete/seed3_calib0.10/metrics_summary_alpha0.05.csv
517,0.5783365570599613,0.4216634429400386,1.0,1.0,1.0,0.5783365570599613,1.0,0.0,0.0,0.4216634429400386,0.1264993128453951,392,0.6301020408163265,0.3698979591836734,0.95,-0.3716634429400386,0.3716634429400386,prompt_only_top1,0.05,1,,mps,3,0.1,176,results/sim_complete/seed3_calib0.10/metrics_summary_alpha0.05.csv
517,0.9516441005802708,0.0483558994197291,9.266924564796906,11.0,13.0,0.5783365570599613,0.0773694390715667,0.9226305609284332,0.0,0.0,0.1264993128453951,392,0.971938775510204,0.0,0.95,0.0016441005802708,0.0016441005802708,coras,0.05,0.9982588205680053,,mps,3,0.1,176,results/sim_complete/seed3_calib0.10/metrics_summary_alpha0.05.csv
517,0.9555125725338492,0.0444874274661508,10.702127659574469,12.0,13.0,0.5783365570599613,0.0174081237911025,0.9825918762088974,0.0,0.0,0.1264993128453951,392,0.9744897959183674,0.0,0.95,0.0055125725338491,0.0055125725338491,coras_aps,0.05,0.9985612171672262,,mps,3,0.1,176,results/sim_complete/seed3_calib0.10/metrics_summary_alpha0.05.csv
517,0.9787234042553192,0.0212765957446808,10.665377176015474,12.0,15.0,0.5783365570599613,0.0618955512572533,0.9381044487427466,0.0,0.0019342359767891,0.1264993128453951,392,0.9872448979591836,0.0,0.95,0.0287234042553191,0.0287234042553191,mondrian_domain,0.05,"{'__global__': 0.9982588205680053, np.str_('target_camera_shift'): 0.9990071894248023, np.str_('target_lighting_shift'): 0.9997342964366698, np.str_('target_occluded'): 0.9948428531895022}",,mps,3,0.1,176,results/sim_complete/seed3_calib0.10/metrics_summary_alpha0.05.csv
517,0.3288201160541586,0.6711798839458414,1.0,1.0,1.0,0.3288201160541586,1.0,0.0,0.0,0.6711798839458414,0.367677118726379,392,0.3571428571428571,0.6428571428571429,0.9,-0.5711798839458414,0.5711798839458414,top1_singleton,0.1,1,,mps,3,0.1,176,results/sim_complete/seed3_calib0.10/metrics_summary_alpha0.10.csv
517,0.93036750483559,0.06963249516441,13.0,13.0,13.0,0.3288201160541586,0.0,1.0,0.0,0.0,0.367677118726379,392,0.971938775510204,0.0,0.9,0.0303675048355899,0.0303675048355899,topk_calibrated,0.1,13,,mps,3,0.1,176,results/sim_complete/seed3_calib0.10/metrics_summary_alpha0.10.csv
517,0.920696324951644,0.0793036750483558,11.321083172147002,13.0,15.0,0.3288201160541586,0.0290135396518375,0.9709864603481624,0.0,0.0,0.367677118726379,392,0.9770408163265306,0.0,0.9,0.020696324951644,0.020696324951644,vanilla_conformal,0.1,0.999321445915972,,mps,3,0.1,176,results/sim_complete/seed3_calib0.10/metrics_summary_alpha0.10.csv
517,0.9264990328820116,0.0735009671179883,11.729206963249515,13.0,14.0,0.3288201160541586,0.0096711798839458,0.9903288201160542,0.0,0.0,0.367677118726379,392,0.971938775510204,0.0,0.9,0.0264990328820116,0.0264990328820116,aps_conformal,0.1,0.9991031961255151,,mps,3,0.1,176,results/sim_complete/seed3_calib0.10/metrics_summary_alpha0.10.csv
517,0.9284332688588008,0.0715667311411992,11.909090909090908,12.0,14.0,0.3288201160541586,0.0,1.0,0.0,0.0,0.1043711571142869,392,0.971938775510204,0.0,0.9,0.0284332688588007,0.0284332688588007,temperature_conformal,0.1,0.9799007472762213,2.56990385055542,mps,3,0.1,176,results/sim_complete/seed3_calib0.10/metrics_summary_alpha0.10.csv
517,0.5783365570599613,0.4216634429400386,1.0,1.0,1.0,0.5783365570599613,1.0,0.0,0.0,0.4216634429400386,0.1264993128453951,392,0.6301020408163265,0.3698979591836734,0.9,-0.3216634429400387,0.3216634429400387,prompt_only_top1,0.1,1,,mps,3,0.1,176,results/sim_complete/seed3_calib0.10/metrics_summary_alpha0.10.csv
517,0.90715667311412,0.09284332688588,6.924564796905223,8.0,11.0,0.5783365570599613,0.1315280464216634,0.8684719535783365,0.0,0.0019342359767891,0.1264993128453951,392,0.9489795918367347,0.0,0.9,0.0071566731141199,0.0071566731141199,coras,0.1,0.994827634843662,,mps,3,0.1,176,results/sim_complete/seed3_calib0.10/metrics_summary_alpha0.10.csv
517,0.9400386847195358,0.0599613152804642,9.224371373307545,10.0,12.0,0.5783365570599613,0.0638297872340425,0.9361702127659576,0.0,0.0,0.1264993128453951,392,0.9693877551020408,0.0,0.9,0.0400386847195357,0.0400386847195357,coras_aps,0.1,0.9968504759528835,,mps,3,0.1,176,results/sim_complete/seed3_calib0.10/metrics_summary_alpha0.10.csv
517,0.9013539651837524,0.0986460348162475,6.574468085106383,7.0,11.0,0.5783365570599613,0.1644100580270793,0.8355899419729207,0.0,0.0019342359767891,0.1264993128453951,392,0.9362244897959184,0.0,0.9,0.0013539651837524,0.0013539651837524,mondrian_domain,0.1,"{'__global__': 0.994827634843662, np.str_('target_camera_shift'): 0.9965627479973673, np.str_('target_lighting_shift'): 0.9883232763757708, np.str_('target_occluded'): 0.9879969617543641}",,mps,3,0.1,176,results/sim_complete/seed3_calib0.10/metrics_summary_alpha0.10.csv
517,0.3288201160541586,0.6711798839458414,1.0,1.0,1.0,0.3288201160541586,1.0,0.0,0.0,0.6711798839458414,0.367677118726379,392,0.3571428571428571,0.6428571428571429,0.8,-0.4711798839458414,0.4711798839458414,top1_singleton,0.2,1,,mps,3,0.1,176,results/sim_complete/seed3_calib0.10/metrics_summary_alpha0.20.csv
517,0.8762088974854932,0.1237911025145067,11.0,11.0,11.0,0.3288201160541586,0.0,1.0,0.0,0.0,0.367677118726379,392,0.923469387755102,0.0,0.8,0.0762088974854932,0.0762088974854932,topk_calibrated,0.2,11,,mps,3,0.1,176,results/sim_complete/seed3_calib0.10/metrics_summary_alpha0.20.csv
517,0.8220502901353965,0.1779497098646034,8.16247582205029,9.0,11.0,0.3288201160541586,0.0638297872340425,0.9361702127659576,0.0,0.0019342359767891,0.367677118726379,392,0.875,0.0,0.8,0.0220502901353965,0.0220502901353965,vanilla_conformal,0.2,0.9976953485858856,,mps,3,0.1,176,results/sim_complete/seed3_calib0.10/metrics_summary_alpha0.20.csv
517,0.8665377176015474,0.1334622823984526,9.133462282398453,10.0,12.0,0.3288201160541586,0.0715667311411992,0.9284332688588008,0.0,0.0019342359767891,0.367677118726379,392,0.9260204081632653,0.0,0.8,0.0665377176015473,0.0665377176015473,aps_conformal,0.2,0.9967918706507979,,mps,3,0.1,176,results/sim_complete/seed3_calib0.10/metrics_summary_alpha0.20.csv
517,0.8336557059961315,0.1663442940038685,8.990328820116055,10.0,11.0,0.3288201160541586,0.0058027079303675,0.9941972920696324,0.0,0.0,0.1043653788936757,392,0.8877551020408163,0.0,0.8,0.0336557059961314,0.0336557059961314,temperature_conformal,0.2,0.970939449110193,2.5682907104492188,mps,3,0.1,176,results/sim_complete/seed3_calib0.10/metrics_summary_alpha0.20.csv
517,0.5783365570599613,0.4216634429400386,1.0,1.0,1.0,0.5783365570599613,1.0,0.0,0.0,0.4216634429400386,0.1264993128453951,392,0.6301020408163265,0.3698979591836734,0.8,-0.2216634429400387,0.2216634429400387,prompt_only_top1,0.2,1,,mps,3,0.1,176,results/sim_complete/seed3_calib0.10/metrics_summary_alpha0.20.csv
517,0.804642166344294,0.195357833655706,3.8568665377176017,3.0,8.0,0.5783365570599613,0.2978723404255319,0.7021276595744681,0.0,0.0328820116054158,0.1264993128453951,392,0.8545918367346939,0.0306122448979591,0.8,0.0046421663442939,0.0046421663442939,coras,0.2,0.9747601909209364,,mps,3,0.1,176,results/sim_complete/seed3_calib0.10/metrics_summary_alpha0.20.csv
517,0.8994197292069632,0.1005802707930367,7.359767891682785,8.0,11.0,0.5783365570599613,0.1083172147001934,0.8916827852998066,0.0,0.0,0.1264993128453951,392,0.9387755102040816,0.0,0.8,0.0994197292069631,0.0994197292069631,coras_aps,0.2,0.9919636536407819,,mps,3,0.1,176,results/sim_complete/seed3_calib0.10/metrics_summary_alpha0.20.csv
517,0.8143133462282398,0.1856866537717602,4.230174081237911,4.0,9.0,0.5783365570599613,0.2688588007736944,0.7311411992263056,0.0,0.0135396518375241,0.1264993128453951,392,0.8826530612244898,0.0127551020408163,0.8,0.0143133462282397,0.0143133462282397,mondrian_domain,0.2,"{'__global__': 0.9747601909209364, np.str_('target_camera_shift'): 0.9899032797207395, np.str_('target_lighting_shift'): 0.9272581800693522, np.str_('target_occluded'): 0.9623121956388831}",,mps,3,0.1,176,results/sim_complete/seed3_calib0.10/metrics_summary_alpha0.20.csv
506,0.3260869565217391,0.6739130434782609,1.0,1.0,1.0,0.3260869565217391,1.0,0.0,0.0,0.6739130434782609,0.3660518310196802,392,0.3545918367346938,0.6454081632653061,0.95,-0.6239130434782608,0.6239130434782608,top1_singleton,0.05,1,,mps,3,0.25,484,results/sim_complete/seed3_calib0.25/metrics_summary_alpha0.05.csv
506,0.9565217391304348,0.0434782608695651,14.0,14.0,14.0,0.3260869565217391,0.0,1.0,0.0,0.0,0.3660518310196802,392,0.9744897959183674,0.0,0.95,0.0065217391304348,0.0065217391304348,topk_calibrated,0.05,14,,mps,3,0.25,484,results/sim_complete/seed3_calib0.25/metrics_summary_alpha0.05.csv
506,0.9624505928853756,0.0375494071146245,12.363636363636363,14.0,15.0,0.3260869565217391,0.0296442687747035,0.9703557312252964,0.0,0.0019762845849802,0.3660518310196802,392,0.9897959183673468,0.0,0.95,0.0124505928853755,0.0124505928853755,vanilla_conformal,0.05,0.9995492341699991,,mps,3,0.25,484,results/sim_complete/seed3_calib0.25/metrics_summary_alpha0.05.csv
506,0.958498023715415,0.0415019762845849,12.976284584980236,14.0,14.0,0.3260869565217391,0.0,1.0,0.0,0.0,0.3660518310196802,392,0.9770408163265306,0.0,0.95,0.008498023715415,0.008498023715415,aps_conformal,0.05,0.999559382933958,,mps,3,0.25,484,results/sim_complete/seed3_calib0.25/metrics_summary_alpha0.05.csv
506,0.9565217391304348,0.0434782608695651,13.290513833992096,13.0,15.0,0.3260869565217391,0.0,1.0,0.0,0.0,0.087911151270738,392,0.9872448979591836,0.0,0.95,0.0065217391304348,0.0065217391304348,temperature_conformal,0.05,0.9835760973025969,2.5700931549072266,mps,3,0.25,484,results/sim_complete/seed3_calib0.25/metrics_summary_alpha0.05.csv
506,0.6245059288537549,0.3754940711462451,1.0,1.0,1.0,0.6245059288537549,1.0,0.0,0.0,0.375494071146245,0.0791656559660989,392,0.6607142857142857,0.3392857142857143,0.95,-0.325494071146245,0.325494071146245,prompt_only_top1,0.05,1,,mps,3,0.25,484,results/sim_complete/seed3_calib0.25/metrics_summary_alpha0.05.csv
506,0.9644268774703556,0.0355731225296442,9.729249011857709,11.0,13.0,0.6245059288537549,0.0790513833992094,0.9209486166007904,0.0,0.0,0.0791656559660989,392,0.9872448979591836,0.0,0.95,0.0144268774703557,0.0144268774703557,coras,0.05,0.9985547751765111,,mps,3,0.25,484,results/sim_complete/seed3_calib0.25/metrics_summary_alpha0.05.csv
506,0.974308300395257,0.025691699604743,10.889328063241107,12.0,13.0,0.6245059288537549,0.0118577075098814,0.9881422924901184,0.0,0.0,0.0791656559660989,392,0.9948979591836736,0.0,0.95,0.024308300395257,0.024308300395257,coras_aps,0.05,0.9987292561974425,,mps,3,0.25,484,results/sim_complete/seed3_calib0.25/metrics_summary_alpha0.05.csv
506,0.974308300395257,0.025691699604743,9.549407114624506,12.0,14.0,0.6245059288537549,0.108695652173913,0.8913043478260869,0.0,0.0,0.0791656559660989,392,0.9948979591836736,0.0,0.95,0.024308300395257,0.024308300395257,mondrian_domain,0.05,"{'__global__': 0.9985547751765111, np.str_('target_camera_shift'): 0.9990071894248023, np.str_('target_lighting_shift'): 0.9987574264170473, np.str_('target_occluded'): 0.9930344429501148}",,mps,3,0.25,484,results/sim_complete/seed3_calib0.25/metrics_summary_alpha0.05.csv
506,0.3260869565217391,0.6739130434782609,1.0,1.0,1.0,0.3260869565217391,1.0,0.0,0.0,0.6739130434782609,0.3660518310196802,392,0.3545918367346938,0.6454081632653061,0.9,-0.5739130434782609,0.5739130434782609,top1_singleton,0.1,1,,mps,3,0.25,484,results/sim_complete/seed3_calib0.25/metrics_summary_alpha0.10.csv
506,0.9288537549407114,0.0711462450592885,13.0,13.0,13.0,0.3260869565217391,0.0,1.0,0.0,0.0,0.3660518310196802,392,0.9642857142857144,0.0,0.9,0.0288537549407114,0.0288537549407114,topk_calibrated,0.1,13,,mps,3,0.25,484,results/sim_complete/seed3_calib0.25/metrics_summary_alpha0.10.csv
506,0.9090909090909092,0.0909090909090909,10.934782608695652,12.0,14.0,0.3260869565217391,0.0454545454545454,0.9545454545454546,0.0,0.0019762845849802,0.3660518310196802,392,0.951530612244898,0.0,0.9,0.009090909090909,0.009090909090909,vanilla_conformal,0.1,0.9991717609431259,,mps,3,0.25,484,results/sim_complete/seed3_calib0.25/metrics_summary_alpha0.10.csv
506,0.9189723320158104,0.0810276679841897,11.347826086956522,12.0,13.0,0.3260869565217391,0.0237154150197628,0.9762845849802372,0.0,0.0,0.3660518310196802,392,0.9566326530612244,0.0,0.9,0.0189723320158102,0.0189723320158102,aps_conformal,0.1,0.9988844333313185,,mps,3,0.25,484,results/sim_complete/seed3_calib0.25/metrics_summary_alpha0.10.csv
506,0.9051383399209486,0.0948616600790513,11.65612648221344,12.0,14.0,0.3260869565217391,0.0,1.0,0.0,0.0,0.087911317860003,392,0.9566326530612244,0.0,0.9,0.0051383399209485,0.0051383399209485,temperature_conformal,0.1,0.9790274140864998,2.570096492767334,mps,3,0.25,484,results/sim_complete/seed3_calib0.25/metrics_summary_alpha0.10.csv
506,0.6245059288537549,0.3754940711462451,1.0,1.0,1.0,0.6245059288537549,1.0,0.0,0.0,0.375494071146245,0.0791656559660989,392,0.6607142857142857,0.3392857142857143,0.9,-0.2754940711462451,0.2754940711462451,prompt_only_top1,0.1,1,,mps,3,0.25,484,results/sim_complete/seed3_calib0.25/metrics_summary_alpha0.10.csv
506,0.9051383399209486,0.0948616600790513,6.984189723320158,8.0,11.0,0.6245059288537549,0.1561264822134387,0.8438735177865613,0.0,0.0019762845849802,0.0791656559660989,392,0.9413265306122448,0.0025510204081632,0.9,0.0051383399209485,0.0051383399209485,coras,0.1,0.9948428531895022,,mps,3,0.25,484,results/sim_complete/seed3_calib0.25/metrics_summary_alpha0.10.csv
506,0.9486166007905138,0.0513833992094862,9.272727272727272,11.0,12.0,0.6245059288537549,0.067193675889328,0.932806324110672,0.0,0.0,0.0791656559660989,392,0.9744897959183674,0.0,0.9,0.0486166007905137,0.0486166007905137,coras_aps,0.1,0.9969198806369179,,mps,3,0.25,484,results/sim_complete/seed3_calib0.25/metrics_summary_alpha0.10.csv
506,0.9288537549407114,0.0711462450592885,7.444664031620554,9.0,12.0,0.6245059288537549,0.1758893280632411,0.8241106719367589,0.0,0.0039525691699604,0.0791656559660989,392,0.9540816326530612,0.0025510204081632,0.9,0.0288537549407114,0.0288537549407114,mondrian_domain,0.1,"{'__global__': 0.9948428531895022, np.str_('target_camera_shift'): 0.9977133834845077, np.str_('target_lighting_shift'): 0.9951135792910548, np.str_('target_occluded'): 0.9695185637595707}",,mps,3,0.25,484,results/sim_complete/seed3_calib0.25/metrics_summary_alpha0.10.csv
506,0.3260869565217391,0.6739130434782609,1.0,1.0,1.0,0.3260869565217391,1.0,0.0,0.0,0.6739130434782609,0.3660518310196802,392,0.3545918367346938,0.6454081632653061,0.8,-0.4739130434782609,0.4739130434782609,top1_singleton,0.2,1,,mps,3,0.25,484,results/sim_complete/seed3_calib0.25/metrics_summary_alpha0.20.csv
506,0.7924901185770751,0.2075098814229249,9.0,9.0,9.0,0.3260869565217391,0.0,1.0,0.0,0.0,0.3660518310196802,392,0.8367346938775511,0.0,0.8,-0.0075098814229249,0.0075098814229249,topk_calibrated,0.2,9,,mps,3,0.25,484,results/sim_complete/seed3_calib0.25/metrics_summary_alpha0.20.csv
506,0.7924901185770751,0.2075098814229249,7.905138339920948,9.0,11.0,0.3260869565217391,0.0830039525691699,0.91699604743083,0.0,0.0059288537549407,0.3660518310196802,392,0.8290816326530612,0.0025510204081632,0.8,-0.0075098814229249,0.0075098814229249,vanilla_conformal,0.2,0.9974086016676013,,mps,3,0.25,484,results/sim_complete/seed3_calib0.25/metrics_summary_alpha0.20.csv
506,0.8399209486166008,0.1600790513833991,8.83399209486166,10.0,11.0,0.3260869565217391,0.0810276679841897,0.9189723320158104,0.0,0.0079051383399209,0.3660518310196802,392,0.8852040816326531,0.0051020408163265,0.8,0.0399209486166007,0.0399209486166007,aps_conformal,0.2,0.9961690053333562,,mps,3,0.25,484,results/sim_complete/seed3_calib0.25/metrics_summary_alpha0.20.csv
506,0.7885375494071146,0.2114624505928853,8.013833992094861,9.0,10.0,0.3260869565217391,0.0217391304347826,0.9782608695652174,0.0,0.0019762845849802,0.0875442637192397,392,0.8290816326530612,0.0,0.8,-0.0114624505928854,0.0114624505928854,temperature_conformal,0.2,0.9671671235627143,2.5689823627471924,mps,3,0.25,484,results/sim_complete/seed3_calib0.25/metrics_summary_alpha0.20.csv
506,0.6245059288537549,0.3754940711462451,1.0,1.0,1.0,0.6245059288537549,1.0,0.0,0.0,0.375494071146245,0.0791656559660989,392,0.6607142857142857,0.3392857142857143,0.8,-0.1754940711462451,0.1754940711462451,prompt_only_top1,0.2,1,,mps,3,0.25,484,results/sim_complete/seed3_calib0.25/metrics_summary_alpha0.20.csv
506,0.7845849802371542,0.2154150197628458,3.636363636363636,3.0,7.0,0.6245059288537549,0.3023715415019762,0.6976284584980237,0.0,0.025691699604743,0.0791656559660989,392,0.826530612244898,0.0229591836734693,0.8,-0.0154150197628458,0.0154150197628458,coras,0.2,0.9695939651106251,,mps,3,0.25,484,results/sim_complete/seed3_calib0.25/metrics_summary_alpha0.20.csv
506,0.9031620553359684,0.0968379446640316,7.0059288537549405,8.0,10.0,0.6245059288537549,0.1403162055335968,0.8596837944664032,0.0,0.0019762845849802,0.0791656559660989,392,0.9387755102040816,0.0025510204081632,0.8,0.1031620553359683,0.1031620553359683,coras_aps,0.2,0.9900617937608428,,mps,3,0.25,484,results/sim_complete/seed3_calib0.25/metrics_summary_alpha0.20.csv
506,0.8003952569169961,0.1996047430830039,3.847826086956522,3.0,8.0,0.6245059288537549,0.3280632411067193,0.6719367588932806,0.0,0.0237154150197628,0.0791656559660989,392,0.8571428571428571,0.0204081632653061,0.8,0.000395256916996,0.000395256916996,mondrian_domain,0.2,"{'__global__': 0.9695939651106251, np.str_('target_camera_shift'): 0.9869281267751903, np.str_('target_lighting_shift'): 0.9456611387761396, np.str_('target_occluded'): 0.9020858354061085}",,mps,3,0.25,484,results/sim_complete/seed3_calib0.25/metrics_summary_alpha0.20.csv
497,0.3480885311871227,0.6519114688128773,1.0,1.0,1.0,0.3480885311871227,1.0,0.0,0.0,0.6519114688128773,0.3428638643542545,391,0.3580562659846547,0.6419437340153452,0.95,-0.6019114688128773,0.6019114688128773,top1_singleton,0.05,1,,mps,3,0.4,799,results/sim_complete/seed3_calib0.40/metrics_summary_alpha0.05.csv
497,0.9859154929577464,0.0140845070422535,14.0,14.0,14.0,0.3480885311871227,0.0,1.0,0.0,0.0,0.3428638643542545,391,0.989769820971867,0.0,0.95,0.0359154929577465,0.0359154929577465,topk_calibrated,0.05,14,,mps,3,0.4,799,results/sim_complete/seed3_calib0.40/metrics_summary_alpha0.05.csv
497,0.9798792756539236,0.0201207243460764,12.474849094567404,14.0,15.0,0.3480885311871227,0.0181086519114688,0.9818913480885312,0.0,0.0,0.3428638643542545,391,0.989769820971867,0.0,0.95,0.0298792756539235,0.0298792756539235,vanilla_conformal,0.05,0.9995444989681709,,mps,3,0.4,799,results/sim_complete/seed3_calib0.40/metrics_summary_alpha0.05.csv
497,0.9818913480885312,0.0181086519114688,13.084507042253522,14.0,14.0,0.3480885311871227,0.0,1.0,0.0,0.0,0.3428638643542545,391,0.9872122762148338,0.0,0.95,0.0318913480885312,0.0318913480885312,aps_conformal,0.05,0.999559382933958,,mps,3,0.4,799,results/sim_complete/seed3_calib0.40/metrics_summary_alpha0.05.csv
497,0.9738430583501008,0.0261569416498993,13.354124748490946,13.0,15.0,0.3480885311871227,0.0,1.0,0.0,0.0,0.0915673972817996,391,0.9846547314578004,0.0,0.95,0.0238430583501007,0.0238430583501007,temperature_conformal,0.05,0.983577821140439,2.569937944412231,mps,3,0.4,799,results/sim_complete/seed3_calib0.40/metrics_summary_alpha0.05.csv
497,0.6881287726358148,0.3118712273641851,1.0,1.0,1.0,0.6881287726358148,1.0,0.0,0.0,0.3118712273641851,0.0585422548744616,391,0.7161125319693095,0.2838874680306905,0.95,-0.2618712273641851,0.2618712273641851,prompt_only_top1,0.05,1,,mps,3,0.4,799,results/sim_complete/seed3_calib0.40/metrics_summary_alpha0.05.csv
497,0.9617706237424548,0.0382293762575453,9.40241448692153,11.0,13.0,0.6881287726358148,0.0885311871227364,0.9114688128772636,0.0,0.0,0.0585422548744616,391,0.9769820971867008,0.0,0.95,0.0117706237424547,0.0117706237424547,coras,0.05,0.9982588205680053,,mps,3,0.4,799,results/sim_complete/seed3_calib0.40/metrics_summary_alpha0.05.csv
497,0.9698189134808852,0.0301810865191146,10.601609657947686,12.0,13.0,0.6881287726358148,0.0140845070422535,0.9859154929577464,0.0,0.0,0.0585422548744616,391,0.979539641943734,0.0,0.95,0.0198189134808853,0.0198189134808853,coras_aps,0.05,0.998479799769081,,mps,3,0.4,799,results/sim_complete/seed3_calib0.40/metrics_summary_alpha0.05.csv
497,0.971830985915493,0.028169014084507,8.995975855130785,11.0,13.0,0.6881287726358148,0.1066398390342052,0.8933601609657947,0.0,0.0020120724346076,0.0585422548744616,391,0.9820971867007672,0.0025575447570332,0.95,0.021830985915493,0.021830985915493,mondrian_domain,0.05,"{'__global__': 0.9982588205680053, np.str_('target_camera_shift'): 0.9986194985569172, np.str_('target_lighting_shift'): 0.9987574264170473, np.str_('target_occluded'): 0.9879969617543641}",,mps,3,0.4,799,results/sim_complete/seed3_calib0.40/metrics_summary_alpha0.05.csv
497,0.3480885311871227,0.6519114688128773,1.0,1.0,1.0,0.3480885311871227,1.0,0.0,0.0,0.6519114688128773,0.3428638643542545,391,0.3580562659846547,0.6419437340153452,0.9,-0.5519114688128772,0.5519114688128772,top1_singleton,0.1,1,,mps,3,0.4,799,results/sim_complete/seed3_calib0.40/metrics_summary_alpha0.10.csv
497,0.9537223340040242,0.0462776659959758,13.0,13.0,13.0,0.3480885311871227,0.0,1.0,0.0,0.0,0.3428638643542545,391,0.969309462915601,0.0,0.9,0.0537223340040241,0.0537223340040241,topk_calibrated,0.1,13,,mps,3,0.4,799,results/sim_complete/seed3_calib0.40/metrics_summary_alpha0.10.csv
497,0.9396378269617708,0.0603621730382293,10.989939637826962,12.0,14.0,0.3480885311871227,0.0261569416498993,0.9738430583501008,0.0,0.0020120724346076,0.3428638643542545,391,0.9514066496163684,0.0025575447570332,0.9,0.0396378269617706,0.0396378269617706,vanilla_conformal,0.1,0.9991534749370087,,mps,3,0.4,799,results/sim_complete/seed3_calib0.40/metrics_summary_alpha0.10.csv
497,0.9476861167002012,0.0523138832997988,11.41046277665996,12.0,13.0,0.3480885311871227,0.0160965794768611,0.9839034205231388,0.0,0.0,0.3428638643542545,391,0.9641943734015346,0.0,0.9,0.0476861167002011,0.0476861167002011,aps_conformal,0.1,0.9988528253068245,,mps,3,0.4,799,results/sim_complete/seed3_calib0.40/metrics_summary_alpha0.10.csv
497,0.937625754527163,0.0623742454728369,11.59959758551308,12.0,13.0,0.3480885311871227,0.0,1.0,0.0,0.0,0.0914820322618738,391,0.959079283887468,0.0,0.9,0.0376257545271629,0.0376257545271629,temperature_conformal,0.1,0.9788631962705701,2.5681722164154053,mps,3,0.4,799,results/sim_complete/seed3_calib0.40/metrics_summary_alpha0.10.csv
497,0.6881287726358148,0.3118712273641851,1.0,1.0,1.0,0.6881287726358148,1.0,0.0,0.0,0.3118712273641851,0.0585422548744616,391,0.7161125319693095,0.2838874680306905,0.9,-0.2118712273641851,0.2118712273641851,prompt_only_top1,0.1,1,,mps,3,0.4,799,results/sim_complete/seed3_calib0.40/metrics_summary_alpha0.10.csv
497,0.9275653923541248,0.0724346076458752,6.867203219315895,8.0,11.0,0.6881287726358148,0.1529175050301811,0.8470824949698189,0.0,0.0040241448692152,0.0585422548744616,391,0.9411764705882352,0.0051150895140664,0.9,0.0275653923541246,0.0275653923541246,coras,0.1,0.994335219553618,,mps,3,0.4,799,results/sim_complete/seed3_calib0.40/metrics_summary_alpha0.10.csv
497,0.9517102615694164,0.0482897384305834,9.253521126760564,11.0,12.0,0.6881287726358148,0.0663983903420523,0.9336016096579476,0.0,0.0,0.0585422548744616,391,0.9641943734015346,0.0,0.9,0.0517102615694164,0.0517102615694164,coras_aps,0.1,0.9968504759528835,,mps,3,0.4,799,results/sim_complete/seed3_calib0.40/metrics_summary_alpha0.10.csv
497,0.9255533199195172,0.0744466800804829,6.732394366197183,7.0,12.0,0.6881287726358148,0.1730382293762575,0.8269617706237424,0.0,0.0040241448692152,0.0585422548744616,391,0.9411764705882352,0.0025575447570332,0.9,0.025553319919517,0.025553319919517,mondrian_domain,0.1,"{'__global__': 0.994335219553618, np.str_('target_camera_shift'): 0.9963794856523075, np.str_('target_lighting_shift'): 0.9943187512777658, np.str_('target_occluded'): 0.9623121956388831}",,mps,3,0.4,799,results/sim_complete/seed3_calib0.40/metrics_summary_alpha0.10.csv
497,0.3480885311871227,0.6519114688128773,1.0,1.0,1.0,0.3480885311871227,1.0,0.0,0.0,0.6519114688128773,0.3428638643542545,391,0.3580562659846547,0.6419437340153452,0.8,-0.4519114688128773,0.4519114688128773,top1_singleton,0.2,1,,mps,3,0.4,799,results/sim_complete/seed3_calib0.40/metrics_summary_alpha0.20.csv
497,0.8832997987927566,0.1167002012072434,10.0,10.0,10.0,0.3480885311871227,0.0,1.0,0.0,0.0,0.3428638643542545,391,0.8976982097186701,0.0,0.8,0.0832997987927565,0.0832997987927565,topk_calibrated,0.2,10,,mps,3,0.4,799,results/sim_complete/seed3_calib0.40/metrics_summary_alpha0.20.csv
497,0.8571428571428571,0.1428571428571429,8.152917505030182,9.0,11.0,0.3480885311871227,0.0603621730382293,0.9396378269617708,0.0,0.0040241448692152,0.3428638643542545,391,0.8721227621483376,0.0025575447570332,0.8,0.057142857142857,0.057142857142857,vanilla_conformal,0.2,0.9975260286188536,,mps,3,0.4,799,results/sim_complete/seed3_calib0.40/metrics_summary_alpha0.20.csv
497,0.8953722334004024,0.1046277665995976,9.199195171026156,10.0,12.0,0.3480885311871227,0.0583501006036217,0.9416498993963782,0.0,0.0040241448692152,0.3428638643542545,391,0.9104859335038364,0.0025575447570332,0.8,0.0953722334004023,0.0953722334004023,aps_conformal,0.2,0.9966282248106954,,mps,3,0.4,799,results/sim_complete/seed3_calib0.40/metrics_summary_alpha0.20.csv
497,0.8611670020120724,0.1388329979879276,8.352112676056338,9.0,10.0,0.3480885311871227,0.0060362173038229,0.993963782696177,0.0,0.0,0.0915344424818819,391,0.8772378516624041,0.0,0.8,0.0611670020120723,0.0611670020120723,temperature_conformal,0.2,0.9682843777037945,2.569256067276001,mps,3,0.4,799,results/sim_complete/seed3_calib0.40/metrics_summary_alpha0.20.csv
497,0.6881287726358148,0.3118712273641851,1.0,1.0,1.0,0.6881287726358148,1.0,0.0,0.0,0.3118712273641851,0.0585422548744616,391,0.7161125319693095,0.2838874680306905,0.8,-0.1118712273641852,0.1118712273641852,prompt_only_top1,0.2,1,,mps,3,0.4,799,results/sim_complete/seed3_calib0.40/metrics_summary_alpha0.20.csv
497,0.8450704225352113,0.1549295774647887,3.770623742454728,3.0,7.0,0.6881287726358148,0.2796780684104628,0.7203219315895373,0.0,0.0120724346076458,0.0585422548744616,391,0.8695652173913043,0.0127877237851662,0.8,0.0450704225352112,0.0450704225352112,coras,0.2,0.9727031282147124,,mps,3,0.4,799,results/sim_complete/seed3_calib0.40/metrics_summary_alpha0.20.csv
497,0.9235412474849096,0.0764587525150904,7.17907444668008,8.0,11.0,0.6881287726358148,0.1408450704225352,0.8591549295774648,0.0,0.0040241448692152,0.0585422548744616,391,0.9411764705882352,0.0051150895140664,0.8,0.1235412474849094,0.1235412474849094,coras_aps,0.2,0.990758883650952,,mps,3,0.4,799,results/sim_complete/seed3_calib0.40/metrics_summary_alpha0.20.csv
497,0.8390342052313883,0.1609657947686117,3.8993963782696177,3.0,8.0,0.6881287726358148,0.3319919517102616,0.6680080482897385,0.0,0.0160965794768611,0.0585422548744616,391,0.8695652173913043,0.0179028132992327,0.8,0.0390342052313882,0.0390342052313882,mondrian_domain,0.2,"{'__global__': 0.9727031282147124, np.str_('target_camera_shift'): 0.9863655522716864, np.str_('target_lighting_shift'): 0.9589198151947239, np.str_('target_occluded'): 0.8461181320485227}",,mps,3,0.4,799,results/sim_complete/seed3_calib0.40/metrics_summary_alpha0.20.csv
504,0.3888888888888889,0.6111111111111112,1.0,1.0,1.0,0.3888888888888889,1.0,0.0,0.0,0.6111111111111112,0.2702601298392253,369,0.4092140921409214,0.5907859078590786,0.95,-0.5611111111111111,0.5611111111111111,top1_singleton,0.05,1,,mps,4,0.1,162,results/sim_complete/seed4_calib0.10/metrics_summary_alpha0.05.csv
504,0.9781746031746033,0.0218253968253968,15.0,15.0,15.0,0.3888888888888889,0.0,1.0,0.0,0.0,0.2702601298392253,369,0.991869918699187,0.0,0.95,0.0281746031746031,0.0281746031746031,topk_calibrated,0.05,15,,mps,4,0.1,162,results/sim_complete/seed4_calib0.10/metrics_summary_alpha0.05.csv
504,0.9464285714285714,0.0535714285714286,12.40277777777778,13.0,15.0,0.3888888888888889,0.0079365079365079,0.992063492063492,0.0,0.0,0.2702601298392253,369,0.964769647696477,0.0,0.95,-0.0035714285714285,0.0035714285714285,vanilla_conformal,0.05,0.9994421522148536,,mps,4,0.1,162,results/sim_complete/seed4_calib0.10/metrics_summary_alpha0.05.csv
504,0.9583333333333334,0.0416666666666666,13.438492063492063,14.0,14.699999999999989,0.3888888888888889,0.0,1.0,0.0,0.0,0.2702601298392253,369,0.978319783197832,0.0,0.95,0.0083333333333334,0.0083333333333334,aps_conformal,0.05,0.9996379121795614,,mps,4,0.1,162,results/sim_complete/seed4_calib0.10/metrics_summary_alpha0.05.csv
504,0.9623015873015872,0.0376984126984126,13.702380952380953,14.0,15.0,0.3888888888888889,0.0,1.0,0.0,0.0,0.0874448133487697,369,0.978319783197832,0.0,0.95,0.0123015873015873,0.0123015873015873,temperature_conformal,0.05,0.9925573977490004,1.913781762123108,mps,4,0.1,162,results/sim_complete/seed4_calib0.10/metrics_summary_alpha0.05.csv
504,0.5396825396825397,0.4603174603174603,1.0,1.0,1.0,0.5396825396825397,1.0,0.0,0.0,0.4603174603174603,0.1096272313130724,369,0.5907859078590786,0.4092140921409214,0.95,-0.4103174603174603,0.4103174603174603,prompt_only_top1,0.05,1,,mps,4,0.1,162,results/sim_complete/seed4_calib0.10/metrics_summary_alpha0.05.csv
504,0.9484126984126984,0.0515873015873016,11.26388888888889,12.0,14.0,0.5396825396825397,0.0158730158730158,0.984126984126984,0.0,0.0,0.1096272313130724,369,0.975609756097561,0.0,0.95,-0.0015873015873015,0.0015873015873015,coras,0.05,0.9986975662730684,,mps,4,0.1,162,results/sim_complete/seed4_calib0.10/metrics_summary_alpha0.05.csv
504,0.9563492063492064,0.0436507936507936,12.583333333333334,13.0,14.0,0.5396825396825397,0.0039682539682539,0.996031746031746,0.0,0.0,0.1096272313130724,369,0.978319783197832,0.0,0.95,0.0063492063492064,0.0063492063492064,coras_aps,0.05,0.9991744438023794,,mps,4,0.1,162,results/sim_complete/seed4_calib0.10/metrics_summary_alpha0.05.csv
504,0.9662698412698412,0.0337301587301587,11.468253968253968,12.0,15.0,0.5396825396825397,0.0257936507936507,0.9742063492063492,0.0,0.0,0.1096272313130724,369,0.991869918699187,0.0,0.95,0.0162698412698413,0.0162698412698413,mondrian_domain,0.05,"{'__global__': 0.9986975662730684, np.str_('target_camera_shift'): 0.9985491235537871, np.str_('target_lighting_shift'): 0.9997464680967753, np.str_('target_occluded'): 0.996334852473407}",,mps,4,0.1,162,results/sim_complete/seed4_calib0.10/metrics_summary_alpha0.05.csv
504,0.3888888888888889,0.6111111111111112,1.0,1.0,1.0,0.3888888888888889,1.0,0.0,0.0,0.6111111111111112,0.2702601298392253,369,0.4092140921409214,0.5907859078590786,0.9,-0.5111111111111111,0.5111111111111111,top1_singleton,0.1,1,,mps,4,0.1,162,results/sim_complete/seed4_calib0.10/metrics_summary_alpha0.10.csv
504,0.8968253968253969,0.1031746031746031,12.0,12.0,12.0,0.3888888888888889,0.0,1.0,0.0,0.0,0.2702601298392253,369,0.926829268292683,0.0,0.9,-0.0031746031746031,0.0031746031746031,topk_calibrated,0.1,12,,mps,4,0.1,162,results/sim_complete/seed4_calib0.10/metrics_summary_alpha0.10.csv
504,0.9186507936507936,0.0813492063492064,10.988095238095235,13.0,14.0,0.3888888888888889,0.0178571428571428,0.9821428571428572,0.0,0.0,0.2702601298392253,369,0.94579945799458,0.0,0.9,0.0186507936507935,0.0186507936507935,vanilla_conformal,0.1,0.9987815338035816,,mps,4,0.1,162,results/sim_complete/seed4_calib0.10/metrics_summary_alpha0.10.csv
504,0.9067460317460316,0.0932539682539682,11.398809523809524,12.0,13.0,0.3888888888888889,0.0079365079365079,0.992063492063492,0.0,0.0,0.2702601298392253,369,0.9376693766937668,0.0,0.9,0.0067460317460317,0.0067460317460317,aps_conformal,0.1,0.9985579502020331,,mps,4,0.1,162,results/sim_complete/seed4_calib0.10/metrics_summary_alpha0.10.csv
504,0.9067460317460316,0.0932539682539682,11.103174603174605,12.0,13.0,0.3888888888888889,0.0039682539682539,0.996031746031746,0.0,0.0,0.0855936836269986,369,0.9376693766937668,0.0,0.9,0.0067460317460317,0.0067460317460317,temperature_conformal,0.1,0.984777251197207,1.9141302108764648,mps,4,0.1,162,results/sim_complete/seed4_calib0.10/metrics_summary_alpha0.10.csv
504,0.5396825396825397,0.4603174603174603,1.0,1.0,1.0,0.5396825396825397,1.0,0.0,0.0,0.4603174603174603,0.1096272313130724,369,0.5907859078590786,0.4092140921409214,0.9,-0.3603174603174603,0.3603174603174603,prompt_only_top1,0.1,1,,mps,4,0.1,162,results/sim_complete/seed4_calib0.10/metrics_summary_alpha0.10.csv
504,0.9246031746031746,0.0753968253968253,8.581349206349206,9.0,12.0,0.5396825396825397,0.0615079365079365,0.9384920634920636,0.0,0.0,0.1096272313130724,369,0.962059620596206,0.0,0.9,0.0246031746031746,0.0246031746031746,coras,0.1,0.9958720340915829,,mps,4,0.1,162,results/sim_complete/seed4_calib0.10/metrics_summary_alpha0.10.csv
504,0.9226190476190476,0.0773809523809523,10.285714285714286,11.0,13.0,0.5396825396825397,0.0138888888888888,0.9861111111111112,0.0,0.0,0.1096272313130724,369,0.956639566395664,0.0,0.9,0.0226190476190476,0.0226190476190476,coras_aps,0.1,0.9965997481184391,,mps,4,0.1,162,results/sim_complete/seed4_calib0.10/metrics_summary_alpha0.10.csv
504,0.8988095238095238,0.1011904761904761,7.424603174603175,7.0,13.0,0.5396825396825397,0.0892857142857142,0.9107142857142856,0.0,0.0079365079365079,0.1096272313130724,369,0.9376693766937668,0.008130081300813,0.9,-0.0011904761904761,0.0011904761904761,mondrian_domain,0.1,"{'__global__': 0.9958720340915829, np.str_('target_camera_shift'): 0.9895940123666478, np.str_('target_lighting_shift'): 0.9987254116131287, np.str_('target_occluded'): 0.9792132192536724}",,mps,4,0.1,162,results/sim_complete/seed4_calib0.10/metrics_summary_alpha0.10.csv
504,0.3888888888888889,0.6111111111111112,1.0,1.0,1.0,0.3888888888888889,1.0,0.0,0.0,0.6111111111111112,0.2702601298392253,369,0.4092140921409214,0.5907859078590786,0.8,-0.4111111111111111,0.4111111111111111,top1_singleton,0.2,1,,mps,4,0.1,162,results/sim_complete/seed4_calib0.10/metrics_summary_alpha0.20.csv
504,0.8253968253968254,0.1746031746031746,9.0,9.0,9.0,0.3888888888888889,0.0,1.0,0.0,0.0,0.2702601298392253,369,0.8753387533875339,0.0,0.8,0.0253968253968253,0.0253968253968253,topk_calibrated,0.2,9,,mps,4,0.1,162,results/sim_complete/seed4_calib0.10/metrics_summary_alpha0.20.csv
504,0.8313492063492064,0.1686507936507936,6.9226190476190474,8.0,10.0,0.3888888888888889,0.0992063492063492,0.9007936507936508,0.0,0.0039682539682539,0.2702601298392253,369,0.8753387533875339,0.005420054200542,0.8,0.0313492063492063,0.0313492063492063,vanilla_conformal,0.2,0.9936536781316092,,mps,4,0.1,162,results/sim_complete/seed4_calib0.10/metrics_summary_alpha0.20.csv
504,0.876984126984127,0.123015873015873,9.095238095238097,10.0,11.699999999999989,0.3888888888888889,0.0436507936507936,0.9563492063492064,0.0,0.0019841269841269,0.2702601298392253,369,0.9105691056910568,0.0,0.8,0.0769841269841269,0.0769841269841269,aps_conformal,0.2,0.9948942003320235,,mps,4,0.1,162,results/sim_complete/seed4_calib0.10/metrics_summary_alpha0.20.csv
504,0.8214285714285714,0.1785714285714286,7.26984126984127,8.0,10.0,0.3888888888888889,0.0277777777777777,0.9722222222222222,0.0,0.0,0.0855946798977838,369,0.8726287262872628,0.0,0.8,0.0214285714285713,0.0214285714285713,temperature_conformal,0.2,0.9689429327526587,1.9148417711257937,mps,4,0.1,162,results/sim_complete/seed4_calib0.10/metrics_summary_alpha0.20.csv
504,0.5396825396825397,0.4603174603174603,1.0,1.0,1.0,0.5396825396825397,1.0,0.0,0.0,0.4603174603174603,0.1096272313130724,369,0.5907859078590786,0.4092140921409214,0.8,-0.2603174603174604,0.2603174603174604,prompt_only_top1,0.2,1,,mps,4,0.1,162,results/sim_complete/seed4_calib0.10/metrics_summary_alpha0.20.csv
504,0.8095238095238095,0.1904761904761904,4.134920634920635,4.0,8.0,0.5396825396825397,0.238095238095238,0.7619047619047619,0.0,0.0238095238095238,0.1096272313130724,369,0.8672086720867209,0.016260162601626,0.8,0.0095238095238094,0.0095238095238094,coras,0.2,0.9681830386050913,,mps,4,0.1,162,results/sim_complete/seed4_calib0.10/metrics_summary_alpha0.20.csv
504,0.9087301587301588,0.0912698412698412,8.176587301587302,9.0,11.0,0.5396825396825397,0.0634920634920634,0.9365079365079364,0.0,0.0,0.1096272313130724,369,0.951219512195122,0.0,0.8,0.1087301587301586,0.1087301587301586,coras_aps,0.2,0.9902805725825339,,mps,4,0.1,162,results/sim_complete/seed4_calib0.10/metrics_summary_alpha0.20.csv
504,0.8253968253968254,0.1746031746031746,4.992063492063492,4.0,11.0,0.5396825396825397,0.2202380952380952,0.7797619047619048,0.0,0.0376984126984126,0.1096272313130724,369,0.8780487804878049,0.02710027100271,0.8,0.0253968253968253,0.0253968253968253,mondrian_domain,0.2,"{'__global__': 0.9681830386050913, np.str_('target_camera_shift'): 0.974950339614153, np.str_('target_lighting_shift'): 0.9900945201432014, np.str_('target_occluded'): 0.896194832378553}",,mps,4,0.1,162,results/sim_complete/seed4_calib0.10/metrics_summary_alpha0.20.csv
478,0.4372384937238494,0.5627615062761506,1.0,1.0,1.0,0.4372384937238494,1.0,0.0,0.0,0.5627615062761506,0.2466977832347362,363,0.4793388429752066,0.5206611570247934,0.95,-0.5127615062761506,0.5127615062761506,top1_singleton,0.05,1,,mps,4,0.25,482,results/sim_complete/seed4_calib0.25/metrics_summary_alpha0.05.csv
478,0.9811715481171548,0.0188284518828452,15.0,15.0,15.0,0.4372384937238494,0.0,1.0,0.0,0.0,0.2466977832347362,363,0.9944903581267218,0.0,0.95,0.0311715481171548,0.0311715481171548,topk_calibrated,0.05,15,,mps,4,0.25,482,results/sim_complete/seed4_calib0.25/metrics_summary_alpha0.05.csv
478,0.9644351464435148,0.0355648535564853,12.089958158995817,13.0,15.0,0.4372384937238494,0.0188284518828451,0.9811715481171548,0.0,0.0,0.2466977832347362,363,0.977961432506887,0.0,0.95,0.0144351464435147,0.0144351464435147,vanilla_conformal,0.05,0.9994945321618729,,mps,4,0.25,482,results/sim_complete/seed4_calib0.25/metrics_summary_alpha0.05.csv
478,0.9707112970711296,0.0292887029288703,13.146443514644352,14.0,14.0,0.4372384937238494,0.0,1.0,0.0,0.0,0.2466977832347362,363,0.9807162534435262,0.0,0.95,0.0207112970711297,0.0207112970711297,aps_conformal,0.05,0.9996379121795614,,mps,4,0.25,482,results/sim_complete/seed4_calib0.25/metrics_summary_alpha0.05.csv
478,0.9665271966527196,0.0334728033472803,13.338912133891212,14.0,15.0,0.4372384937238494,0.0,1.0,0.0,0.0,0.0834582920613032,363,0.9807162534435262,0.0,0.95,0.0165271966527197,0.0165271966527197,temperature_conformal,0.05,0.9924014465990207,1.9138429164886477,mps,4,0.25,482,results/sim_complete/seed4_calib0.25/metrics_summary_alpha0.05.csv
478,0.5836820083682008,0.4163179916317991,1.0,1.0,1.0,0.5836820083682008,1.0,0.0,0.0,0.4163179916317991,0.0709617020991154,363,0.6225895316804407,0.3774104683195592,0.95,-0.3663179916317991,0.3663179916317991,prompt_only_top1,0.05,1,,mps,4,0.25,482,results/sim_complete/seed4_calib0.25/metrics_summary_alpha0.05.csv
478,0.9748953974895398,0.0251046025104602,11.223849372384937,13.0,15.0,0.5836820083682008,0.0230125523012552,0.9769874476987448,0.0,0.0,0.0709617020991154,363,0.9834710743801652,0.0,0.95,0.0248953974895398,0.0248953974895398,coras,0.05,0.9988314246303174,,mps,4,0.25,482,results/sim_complete/seed4_calib0.25/metrics_summary_alpha0.05.csv
478,0.9665271966527196,0.0334728033472803,12.322175732217572,13.0,14.0,0.5836820083682008,0.00836820083682,0.99163179916318,0.0,0.0,0.0709617020991154,363,0.9807162534435262,0.0,0.95,0.0165271966527197,0.0165271966527197,coras_aps,0.05,0.9991744438023794,,mps,4,0.25,482,results/sim_complete/seed4_calib0.25/metrics_summary_alpha0.05.csv
478,0.9748953974895398,0.0251046025104602,10.763598326359832,13.0,15.0,0.5836820083682008,0.0690376569037656,0.9309623430962344,0.0,0.00418410041841,0.0709617020991154,363,0.9807162534435262,0.0027548209366391,0.95,0.0248953974895398,0.0248953974895398,mondrian_domain,0.05,"{'__global__': 0.9988314246303174, np.str_('target_camera_shift'): 0.9991364122756919, np.str_('target_lighting_shift'): 0.9993293860809669, np.str_('target_occluded'): 0.9792132192536724}",,mps,4,0.25,482,results/sim_complete/seed4_calib0.25/metrics_summary_alpha0.05.csv
478,0.4372384937238494,0.5627615062761506,1.0,1.0,1.0,0.4372384937238494,1.0,0.0,0.0,0.5627615062761506,0.2466977832347362,363,0.4793388429752066,0.5206611570247934,0.9,-0.4627615062761506,0.4627615062761506,top1_singleton,0.1,1,,mps,4,0.25,482,results/sim_complete/seed4_calib0.25/metrics_summary_alpha0.10.csv
478,0.9309623430962344,0.0690376569037657,13.0,13.0,13.0,0.4372384937238494,0.0,1.0,0.0,0.0,0.2466977832347362,363,0.9449035812672176,0.0,0.9,0.0309623430962342,0.0309623430962342,topk_calibrated,0.1,13,,mps,4,0.25,482,results/sim_complete/seed4_calib0.25/metrics_summary_alpha0.10.csv
478,0.9267782426778244,0.0732217573221757,10.397489539748952,13.0,14.0,0.4372384937238494,0.0460251046025104,0.9539748953974896,0.0,0.0,0.2466977832347362,363,0.9421487603305784,0.0,0.9,0.0267782426778242,0.0267782426778242,vanilla_conformal,0.1,0.9987526688551944,,mps,4,0.25,482,results/sim_complete/seed4_calib0.25/metrics_summary_alpha0.10.csv
478,0.9330543933054394,0.0669456066945606,11.50836820083682,12.0,13.0,0.4372384937238494,0.0146443514644351,0.9853556485355648,0.0,0.0,0.2466977832347362,363,0.9449035812672176,0.0,0.9,0.0330543933054393,0.0330543933054393,aps_conformal,0.1,0.9989346044090002,,mps,4,0.25,482,results/sim_complete/seed4_calib0.25/metrics_summary_alpha0.10.csv
478,0.9246861924686192,0.0753138075313807,11.07531380753138,12.0,13.0,0.4372384937238494,0.0104602510460251,0.9895397489539748,0.0,0.0,0.083483589062764,363,0.9421487603305784,0.0,0.9,0.0246861924686192,0.0246861924686192,temperature_conformal,0.1,0.9858872752352101,1.9142470359802248,mps,4,0.25,482,results/sim_complete/seed4_calib0.25/metrics_summary_alpha0.10.csv
478,0.5836820083682008,0.4163179916317991,1.0,1.0,1.0,0.5836820083682008,1.0,0.0,0.0,0.4163179916317991,0.0709617020991154,363,0.6225895316804407,0.3774104683195592,0.9,-0.3163179916317992,0.3163179916317992,prompt_only_top1,0.1,1,,mps,4,0.25,482,results/sim_complete/seed4_calib0.25/metrics_summary_alpha0.10.csv
478,0.9456066945606696,0.0543933054393305,8.232217573221757,9.0,12.0,0.5836820083682008,0.0878661087866108,0.9121338912133892,0.0,0.0,0.0709617020991154,363,0.975206611570248,0.0,0.9,0.0456066945606694,0.0456066945606694,coras,0.1,0.9957477644781831,,mps,4,0.25,482,results/sim_complete/seed4_calib0.25/metrics_summary_alpha0.10.csv
478,0.9476987447698744,0.0523012552301255,10.251046025104603,11.0,13.0,0.5836820083682008,0.0188284518828451,0.9811715481171548,0.0,0.0,0.0709617020991154,363,0.9724517906336088,0.0,0.9,0.0476987447698744,0.0476987447698744,coras_aps,0.1,0.9969416077441848,,mps,4,0.25,482,results/sim_complete/seed4_calib0.25/metrics_summary_alpha0.10.csv
478,0.9435146443514644,0.0564853556485355,8.600418410041842,10.0,13.0,0.5836820083682008,0.1192468619246862,0.8807531380753139,0.0,0.006276150627615,0.0709617020991154,363,0.9696969696969696,0.0027548209366391,0.9,0.0435146443514644,0.0435146443514644,mondrian_domain,0.1,"{'__global__': 0.9957477644781831, np.str_('target_camera_shift'): 0.9974484480247698, np.str_('target_lighting_shift'): 0.9977502046192273, np.str_('target_occluded'): 0.9639485480710254}",,mps,4,0.25,482,results/sim_complete/seed4_calib0.25/metrics_summary_alpha0.10.csv
478,0.4372384937238494,0.5627615062761506,1.0,1.0,1.0,0.4372384937238494,1.0,0.0,0.0,0.5627615062761506,0.2466977832347362,363,0.4793388429752066,0.5206611570247934,0.8,-0.3627615062761506,0.3627615062761506,top1_singleton,0.2,1,,mps,4,0.25,482,results/sim_complete/seed4_calib0.25/metrics_summary_alpha0.20.csv
478,0.8389121338912134,0.1610878661087865,9.0,9.0,9.0,0.4372384937238494,0.0,1.0,0.0,0.0,0.2466977832347362,363,0.8732782369146006,0.0,0.8,0.0389121338912133,0.0389121338912133,topk_calibrated,0.2,9,,mps,4,0.25,482,results/sim_complete/seed4_calib0.25/metrics_summary_alpha0.20.csv
478,0.8326359832635983,0.1673640167364016,6.349372384937238,7.0,10.0,0.4372384937238494,0.1569037656903765,0.8430962343096234,0.0,0.0104602510460251,0.2466977832347362,363,0.8622589531680441,0.0110192837465564,0.8,0.0326359832635982,0.0326359832635982,vanilla_conformal,0.2,0.9930196591005046,,mps,4,0.25,482,results/sim_complete/seed4_calib0.25/metrics_summary_alpha0.20.csv
478,0.8723849372384938,0.1276150627615062,7.707112970711297,9.0,11.0,0.4372384937238494,0.1129707112970711,0.8870292887029289,0.0,0.0104602510460251,0.2466977832347362,363,0.9008264462809916,0.0055096418732782,0.8,0.0723849372384937,0.0723849372384937,aps_conformal,0.2,0.9921246913792473,,mps,4,0.25,482,results/sim_complete/seed4_calib0.25/metrics_summary_alpha0.20.csv
478,0.8410041841004184,0.1589958158995815,6.7196652719665275,7.0,9.0,0.4372384937238494,0.0711297071129707,0.9288702928870292,0.0,0.00418410041841,0.0834577921173615,363,0.8732782369146006,0.0055096418732782,0.8,0.0410041841004183,0.0410041841004183,temperature_conformal,0.2,0.9675916268620106,1.9138349294662476,mps,4,0.25,482,results/sim_complete/seed4_calib0.25/metrics_summary_alpha0.20.csv
478,0.5836820083682008,0.4163179916317991,1.0,1.0,1.0,0.5836820083682008,1.0,0.0,0.0,0.4163179916317991,0.0709617020991154,363,0.6225895316804407,0.3774104683195592,0.8,-0.2163179916317992,0.2163179916317992,prompt_only_top1,0.2,1,,mps,4,0.25,482,results/sim_complete/seed4_calib0.25/metrics_summary_alpha0.20.csv
478,0.8451882845188284,0.1548117154811715,4.2866108786610875,4.0,8.0,0.5836820083682008,0.2635983263598326,0.7364016736401674,0.0,0.0188284518828451,0.0709617020991154,363,0.8953168044077136,0.0165289256198347,0.8,0.0451882845188283,0.0451882845188283,coras,0.2,0.970855356569348,,mps,4,0.25,482,results/sim_complete/seed4_calib0.25/metrics_summary_alpha0.20.csv
478,0.9184100418410042,0.0815899581589958,7.035564853556485,8.0,10.0,0.5836820083682008,0.1234309623430962,0.8765690376569037,0.0,0.0,0.0709617020991154,363,0.9614325068870524,0.0,0.8,0.1184100418410041,0.1184100418410041,coras_aps,0.2,0.9851661805872396,,mps,4,0.25,482,results/sim_complete/seed4_calib0.25/metrics_summary_alpha0.20.csv
478,0.8389121338912134,0.1610878661087865,4.364016736401673,4.0,9.0,0.5836820083682008,0.2677824267782426,0.7322175732217573,0.0,0.0230125523012552,0.0709617020991154,363,0.8870523415977961,0.0165289256198347,0.8,0.0389121338912133,0.0389121338912133,mondrian_domain,0.2,"{'__global__': 0.970855356569348, np.str_('target_camera_shift'): 0.97958915827355, np.str_('target_lighting_shift'): 0.970245517967003, np.str_('target_occluded'): 0.9087563856024299}",,mps,4,0.25,482,results/sim_complete/seed4_calib0.25/metrics_summary_alpha0.20.csv
483,0.4616977225672878,0.5383022774327122,1.0,1.0,1.0,0.4616977225672878,1.0,0.0,0.0,0.5383022774327122,0.2424262619833911,373,0.5067024128686327,0.4932975871313673,0.95,-0.4883022774327121,0.4883022774327121,top1_singleton,0.05,1,,mps,4,0.4,767,results/sim_complete/seed4_calib0.40/metrics_summary_alpha0.05.csv
483,0.9730848861283644,0.0269151138716355,14.0,14.0,14.0,0.4616977225672878,0.0,1.0,0.0,0.0,0.2424262619833911,373,0.9892761394101875,0.0,0.95,0.0230848861283644,0.0230848861283644,topk_calibrated,0.05,14,,mps,4,0.4,767,results/sim_complete/seed4_calib0.40/metrics_summary_alpha0.05.csv
483,0.9523809523809524,0.0476190476190476,11.855072463768115,13.0,15.0,0.4616977225672878,0.0269151138716356,0.9730848861283644,0.0,0.0,0.2424262619833911,373,0.967828418230563,0.0,0.95,0.0023809523809523,0.0023809523809523,vanilla_conformal,0.05,0.9994517474078158,,mps,4,0.4,767,results/sim_complete/seed4_calib0.40/metrics_summary_alpha0.05.csv
483,0.9627329192546584,0.0372670807453415,12.559006211180124,13.0,14.0,0.4616977225672878,0.0,1.0,0.0,0.0,0.2424262619833911,373,0.9785522788203752,0.0,0.95,0.0127329192546584,0.0127329192546584,aps_conformal,0.05,0.9994400187200282,,mps,4,0.4,767,results/sim_complete/seed4_calib0.40/metrics_summary_alpha0.05.csv
483,0.9565217391304348,0.0434782608695651,13.19047619047619,14.0,15.0,0.4616977225672878,0.0,1.0,0.0,0.0,0.0640300120573626,373,0.9731903485254692,0.0,0.95,0.0065217391304348,0.0065217391304348,temperature_conformal,0.05,0.9921268116413355,1.914265751838684,mps,4,0.4,767,results/sim_complete/seed4_calib0.40/metrics_summary_alpha0.05.csv
483,0.5962732919254659,0.4037267080745341,1.0,1.0,1.0,0.5962732919254659,1.0,0.0,0.0,0.4037267080745341,0.0846450112613153,373,0.6327077747989276,0.3672922252010724,0.95,-0.3537267080745341,0.3537267080745341,prompt_only_top1,0.05,1,,mps,4,0.4,767,results/sim_complete/seed4_calib0.40/metrics_summary_alpha0.05.csv
483,0.958592132505176,0.041407867494824,10.751552795031056,12.0,14.0,0.5962732919254659,0.0434782608695652,0.9565217391304348,0.0,0.0,0.0846450112613153,373,0.967828418230563,0.0,0.95,0.0085921325051759,0.0085921325051759,coras,0.05,0.9987180197763357,,mps,4,0.4,767,results/sim_complete/seed4_calib0.40/metrics_summary_alpha0.05.csv
483,0.9648033126293996,0.0351966873706004,12.113871635610764,13.0,14.0,0.5962732919254659,0.0144927536231884,0.9855072463768116,0.0,0.0,0.0846450112613153,373,0.9731903485254692,0.0,0.95,0.0148033126293996,0.0148033126293996,coras_aps,0.05,0.9991347821653374,,mps,4,0.4,767,results/sim_complete/seed4_calib0.40/metrics_summary_alpha0.05.csv
483,0.9606625258799172,0.0393374741200828,10.186335403726709,12.0,15.0,0.5962732919254659,0.0869565217391304,0.9130434782608696,0.0,0.0041407867494824,0.0846450112613153,373,0.967828418230563,0.0053619302949061,0.95,0.0106625258799172,0.0106625258799172,mondrian_domain,0.05,"{'__global__': 0.9987180197763357, np.str_('target_camera_shift'): 0.9989765646480061, np.str_('target_lighting_shift'): 0.9990470508774663, np.str_('target_occluded'): 0.9828799269440874}",,mps,4,0.4,767,results/sim_complete/seed4_calib0.40/metrics_summary_alpha0.05.csv
483,0.4616977225672878,0.5383022774327122,1.0,1.0,1.0,0.4616977225672878,1.0,0.0,0.0,0.5383022774327122,0.2424262619833911,373,0.5067024128686327,0.4932975871313673,0.9,-0.4383022774327122,0.4383022774327122,top1_singleton,0.1,1,,mps,4,0.4,767,results/sim_complete/seed4_calib0.40/metrics_summary_alpha0.10.csv
483,0.906832298136646,0.0931677018633539,12.0,12.0,12.0,0.4616977225672878,0.0,1.0,0.0,0.0,0.2424262619833911,373,0.9249329758713136,0.0,0.9,0.0068322981366459,0.0068322981366459,topk_calibrated,0.1,12,,mps,4,0.4,767,results/sim_complete/seed4_calib0.40/metrics_summary_alpha0.10.csv
483,0.9006211180124224,0.0993788819875776,9.650103519668738,11.0,13.0,0.4616977225672878,0.0703933747412008,0.9296066252587992,0.0,0.0041407867494824,0.2424262619833911,373,0.9168900804289544,0.002680965147453,0.9,0.0006211180124223,0.0006211180124223,vanilla_conformal,0.1,0.9983124936312494,,mps,4,0.4,767,results/sim_complete/seed4_calib0.40/metrics_summary_alpha0.10.csv
483,0.9047619047619048,0.0952380952380952,10.639751552795031,12.0,13.0,0.4616977225672878,0.0331262939958592,0.9668737060041408,0.0,0.0,0.2424262619833911,373,0.9222520107238604,0.0,0.9,0.0047619047619047,0.0047619047619047,aps_conformal,0.1,0.9983404360793361,,mps,4,0.4,767,results/sim_complete/seed4_calib0.40/metrics_summary_alpha0.10.csv
483,0.8985507246376812,0.1014492753623188,9.937888198757763,11.0,13.0,0.4616977225672878,0.020703933747412,0.979296066252588,0.0,0.0,0.0639929650705784,373,0.9142091152815014,0.0,0.9,-0.0014492753623188,0.0014492753623188,temperature_conformal,0.1,0.9828158375774304,1.9133771657943728,mps,4,0.4,767,results/sim_complete/seed4_calib0.40/metrics_summary_alpha0.10.csv
483,0.5962732919254659,0.4037267080745341,1.0,1.0,1.0,0.5962732919254659,1.0,0.0,0.0,0.4037267080745341,0.0846450112613153,373,0.6327077747989276,0.3672922252010724,0.9,-0.3037267080745341,0.3037267080745341,prompt_only_top1,0.1,1,,mps,4,0.4,767,results/sim_complete/seed4_calib0.40/metrics_summary_alpha0.10.csv
483,0.9026915113871636,0.0973084886128364,6.846790890269151,7.0,11.0,0.5962732919254659,0.134575569358178,0.865424430641822,0.0,0.0020703933747412,0.0846450112613153,373,0.9329758713136728,0.002680965147453,0.9,0.0026915113871635,0.0026915113871635,coras,0.1,0.9928263186109322,,mps,4,0.4,767,results/sim_complete/seed4_calib0.40/metrics_summary_alpha0.10.csv
483,0.9316770186335404,0.0683229813664596,9.641821946169772,11.0,12.0,0.5962732919254659,0.0476190476190476,0.9523809523809524,0.0,0.0,0.0846450112613153,373,0.9490616621983914,0.0,0.9,0.0316770186335403,0.0316770186335403,coras_aps,0.1,0.9962396854259509,,mps,4,0.4,767,results/sim_complete/seed4_calib0.40/metrics_summary_alpha0.10.csv
483,0.917184265010352,0.082815734989648,7.188405797101449,7.0,12.0,0.5962732919254659,0.1407867494824016,0.8592132505175983,0.0,0.0041407867494824,0.0846450112613153,373,0.941018766756032,0.0053619302949061,0.9,0.0171842650103519,0.0171842650103519,mondrian_domain,0.1,"{'__global__': 0.9928263186109322, np.str_('target_camera_shift'): 0.9952810018300633, np.str_('target_lighting_shift'): 0.9951574059055585, np.str_('target_occluded'): 0.9681830386050913}",,mps,4,0.4,767,results/sim_complete/seed4_calib0.40/metrics_summary_alpha0.10.csv
483,0.4616977225672878,0.5383022774327122,1.0,1.0,1.0,0.4616977225672878,1.0,0.0,0.0,0.5383022774327122,0.2424262619833911,373,0.5067024128686327,0.4932975871313673,0.8,-0.3383022774327122,0.3383022774327122,top1_singleton,0.2,1,,mps,4,0.4,767,results/sim_complete/seed4_calib0.40/metrics_summary_alpha0.20.csv
483,0.8053830227743272,0.1946169772256728,8.0,8.0,8.0,0.4616977225672878,0.0,1.0,0.0,0.0,0.2424262619833911,373,0.8471849865951743,0.0,0.8,0.0053830227743271,0.0053830227743271,topk_calibrated,0.2,8,,mps,4,0.4,767,results/sim_complete/seed4_calib0.40/metrics_summary_alpha0.20.csv
483,0.8136645962732919,0.1863354037267081,5.927536231884058,6.0,10.0,0.4616977225672878,0.1718426501035196,0.8281573498964804,0.0,0.020703933747412,0.2424262619833911,373,0.8471849865951743,0.0187667560321715,0.8,0.0136645962732918,0.0136645962732918,vanilla_conformal,0.2,0.9923214867117377,,mps,4,0.4,767,results/sim_complete/seed4_calib0.40/metrics_summary_alpha0.20.csv
483,0.8612836438923396,0.1387163561076604,7.496894409937888,9.0,11.0,0.4616977225672878,0.113871635610766,0.8861283643892339,0.0,0.0062111801242236,0.2424262619833911,373,0.8873994638069705,0.002680965147453,0.8,0.0612836438923395,0.0612836438923395,aps_conformal,0.2,0.9919011811745884,,mps,4,0.4,767,results/sim_complete/seed4_calib0.40/metrics_summary_alpha0.20.csv
483,0.8136645962732919,0.1863354037267081,6.308488612836439,7.0,9.0,0.4616977225672878,0.0848861283643892,0.9151138716356108,0.0,0.0082815734989648,0.0640101970820303,373,0.8552278820375335,0.0080428954423592,0.8,0.0136645962732918,0.0136645962732918,temperature_conformal,0.2,0.9655032719737372,1.913790583610535,mps,4,0.4,767,results/sim_complete/seed4_calib0.40/metrics_summary_alpha0.20.csv
483,0.5962732919254659,0.4037267080745341,1.0,1.0,1.0,0.5962732919254659,1.0,0.0,0.0,0.4037267080745341,0.0846450112613153,373,0.6327077747989276,0.3672922252010724,0.8,-0.2037267080745342,0.2037267080745342,prompt_only_top1,0.2,1,,mps,4,0.4,767,results/sim_complete/seed4_calib0.40/metrics_summary_alpha0.20.csv
483,0.8198757763975155,0.1801242236024844,3.722567287784679,3.0,8.0,0.5962732919254659,0.3064182194616977,0.6935817805383023,0.0,0.020703933747412,0.0846450112613153,373,0.8579088471849866,0.0160857908847185,0.8,0.0198757763975154,0.0198757763975154,coras,0.2,0.9644659256157476,,mps,4,0.4,767,results/sim_complete/seed4_calib0.40/metrics_summary_alpha0.20.csv
483,0.8944099378881988,0.1055900621118012,6.561076604554866,8.0,10.0,0.5962732919254659,0.1490683229813664,0.8509316770186336,0.0,0.0062111801242236,0.0846450112613153,373,0.9329758713136728,0.0080428954423592,0.8,0.0944099378881987,0.0944099378881987,coras_aps,0.2,0.9832156839434049,,mps,4,0.4,767,results/sim_complete/seed4_calib0.40/metrics_summary_alpha0.20.csv
483,0.8074534161490683,0.1925465838509317,3.399585921325052,3.0,7.0,0.5962732919254659,0.3229813664596273,0.6770186335403726,0.0,0.0248447204968944,0.0846450112613153,373,0.8445040214477212,0.0187667560321715,0.8,0.0074534161490682,0.0074534161490682,mondrian_domain,0.2,"{'__global__': 0.9644659256157476, np.str_('target_camera_shift'): 0.975444897723853, np.str_('target_lighting_shift'): 0.9365010734714869, np.str_('target_occluded'): 0.9194493791049868}",,mps,4,0.4,767,results/sim_complete/seed4_calib0.40/metrics_summary_alpha0.20.csv
