n,coverage,noncoverage_rate,mean_set_size,median_set_size,p90_set_size,top1_accuracy,singleton_rate,abstain_rate,empty_set_rate,fail_to_abstain_rate,ece_top1,unsafe_n,unsafe_coverage,unsafe_fail_to_abstain_rate,method,alpha,domain,seed,target_coverage,coverage_gap,result_file
246,0.5203252032520326,0.4796747967479674,1.0,1.0,1.0,0.5203252032520326,1.0,0.0,0.0,0.4796747967479675,0.2699891478002158,176,0.5909090909090909,0.4090909090909091,top1_singleton,0.05,target_camera_shift,0,0.95,-0.4296747967479674,results/sim_complete/seed0_calib0.10/metrics_by_domain_alpha0.05.csv
162,0.4135802469135802,0.5864197530864197,1.0,1.0,1.0,0.4135802469135802,1.0,0.0,0.0,0.5864197530864198,0.1677504724633364,117,0.4700854700854701,0.5299145299145299,top1_singleton,0.05,target_lighting_shift,0,0.95,-0.5364197530864196,results/sim_complete/seed0_calib0.10/metrics_by_domain_alpha0.05.csv
93,0.6559139784946236,0.3440860215053763,1.0,1.0,1.0,0.6559139784946236,1.0,0.0,0.0,0.3440860215053763,0.1554486524808995,83,0.6506024096385542,0.3493975903614458,top1_singleton,0.05,target_occluded,0,0.95,-0.2940860215053763,results/sim_complete/seed0_calib0.10/metrics_by_domain_alpha0.05.csv
246,0.926829268292683,0.073170731707317,13.0,13.0,13.0,0.5203252032520326,0.0,1.0,0.0,0.0,0.2699891478002158,176,0.9886363636363636,0.0,topk_calibrated,0.05,target_camera_shift,0,0.95,-0.0231707317073169,results/sim_complete/seed0_calib0.10/metrics_by_domain_alpha0.05.csv
162,0.9567901234567902,0.0432098765432098,13.0,13.0,13.0,0.4135802469135802,0.0,1.0,0.0,0.0,0.1677504724633364,117,0.9572649572649572,0.0,topk_calibrated,0.05,target_lighting_shift,0,0.95,0.0067901234567901,results/sim_complete/seed0_calib0.10/metrics_by_domain_alpha0.05.csv
93,1.0,0.0,13.0,13.0,13.0,0.6559139784946236,0.0,1.0,0.0,0.0,0.1554486524808995,83,1.0,0.0,topk_calibrated,0.05,target_occluded,0,0.95,0.05,results/sim_complete/seed0_calib0.10/metrics_by_domain_alpha0.05.csv
246,0.8902439024390244,0.1097560975609756,8.483739837398375,9.0,13.0,0.5203252032520326,0.024390243902439,0.975609756097561,0.0,0.0040650406504065,0.2699891478002158,176,0.9772727272727272,0.0,vanilla_conformal,0.05,target_camera_shift,0,0.95,-0.0597560975609755,results/sim_complete/seed0_calib0.10/metrics_by_domain_alpha0.05.csv
162,0.9320987654320988,0.0679012345679012,10.623456790123456,12.0,13.0,0.4135802469135802,0.0246913580246913,0.9753086419753086,0.0,0.0,0.1677504724633364,117,0.9487179487179488,0.0,vanilla_conformal,0.05,target_lighting_shift,0,0.95,-0.0179012345679011,results/sim_complete/seed0_calib0.10/metrics_by_domain_alpha0.05.csv
93,0.978494623655914,0.021505376344086,8.387096774193548,9.0,14.0,0.6559139784946236,0.0967741935483871,0.9032258064516128,0.0,0.0,0.1554486524808995,83,0.9879518072289156,0.0,vanilla_conformal,0.05,target_occluded,0,0.95,0.028494623655914,results/sim_complete/seed0_calib0.10/metrics_by_domain_alpha0.05.csv
246,0.9065040650406504,0.0934959349593496,10.211382113821138,11.0,13.0,0.5203252032520326,0.008130081300813,0.991869918699187,0.0,0.0040650406504065,0.2699891478002158,176,0.9829545454545454,0.0,aps_conformal,0.05,target_camera_shift,0,0.95,-0.0434959349593495,results/sim_complete/seed0_calib0.10/metrics_by_domain_alpha0.05.csv
162,0.9135802469135802,0.0864197530864198,11.185185185185183,12.0,12.0,0.4135802469135802,0.0,1.0,0.0,0.0,0.1677504724633364,117,0.9401709401709402,0.0,aps_conformal,0.05,target_lighting_shift,0,0.95,-0.0364197530864197,results/sim_complete/seed0_calib0.10/metrics_by_domain_alpha0.05.csv
93,0.978494623655914,0.021505376344086,10.053763440860216,11.0,13.0,0.6559139784946236,0.021505376344086,0.978494623655914,0.0,0.0,0.1554486524808995,83,0.9879518072289156,0.0,aps_conformal,0.05,target_occluded,0,0.95,0.028494623655914,results/sim_complete/seed0_calib0.10/metrics_by_domain_alpha0.05.csv
246,0.8983739837398373,0.1016260162601626,9.276422764227643,10.0,13.0,0.5203252032520326,0.008130081300813,0.991869918699187,0.0,0.0040650406504065,0.0781231500115632,176,0.9829545454545454,0.0,temperature_conformal,0.05,target_camera_shift,0,0.95,-0.0516260162601626,results/sim_complete/seed0_calib0.10/metrics_by_domain_alpha0.05.csv
162,0.9135802469135802,0.0864197530864198,10.641975308641976,11.0,12.0,0.4135802469135802,0.0,1.0,0.0,0.0,0.1946523409006293,117,0.9316239316239316,0.0,temperature_conformal,0.05,target_lighting_shift,0,0.95,-0.0364197530864197,results/sim_complete/seed0_calib0.10/metrics_by_domain_alpha0.05.csv
93,0.978494623655914,0.021505376344086,9.43010752688172,10.0,13.0,0.6559139784946236,0.0,1.0,0.0,0.0,0.1251971973057735,83,0.9879518072289156,0.0,temperature_conformal,0.05,target_occluded,0,0.95,0.028494623655914,results/sim_complete/seed0_calib0.10/metrics_by_domain_alpha0.05.csv
246,0.5121951219512195,0.4878048780487805,1.0,1.0,1.0,0.5121951219512195,1.0,0.0,0.0,0.4878048780487805,0.1811517323352262,176,0.5795454545454546,0.4204545454545454,prompt_only_top1,0.05,target_camera_shift,0,0.95,-0.4378048780487804,results/sim_complete/seed0_calib0.10/metrics_by_domain_alpha0.05.csv
162,0.7592592592592593,0.2407407407407407,1.0,1.0,1.0,0.7592592592592593,1.0,0.0,0.0,0.2407407407407407,0.0702497456978284,117,0.7948717948717948,0.2051282051282051,prompt_only_top1,0.05,target_lighting_shift,0,0.95,-0.1907407407407406,results/sim_complete/seed0_calib0.10/metrics_by_domain_alpha0.05.csv
93,0.6774193548387096,0.3225806451612903,1.0,1.0,1.0,0.6774193548387096,1.0,0.0,0.0,0.3225806451612903,0.1232857505324199,83,0.7108433734939759,0.2891566265060241,prompt_only_top1,0.05,target_occluded,0,0.95,-0.2725806451612903,results/sim_complete/seed0_calib0.10/metrics_by_domain_alpha0.05.csv
246,0.91869918699187,0.08130081300813,10.841463414634148,12.0,14.0,0.5121951219512195,0.016260162601626,0.983739837398374,0.0,0.0,0.1811517323352262,176,0.9829545454545454,0.0,coras,0.05,target_camera_shift,0,0.95,-0.03130081300813,results/sim_complete/seed0_calib0.10/metrics_by_domain_alpha0.05.csv
162,0.9629629629629628,0.037037037037037,8.37037037037037,10.0,13.0,0.7592592592592593,0.1234567901234567,0.8765432098765432,0.0,0.0,0.0702497456978284,117,0.9743589743589745,0.0,coras,0.05,target_lighting_shift,0,0.95,0.0129629629629629,results/sim_complete/seed0_calib0.10/metrics_by_domain_alpha0.05.csv
93,1.0,0.0,8.634408602150538,10.0,14.0,0.6774193548387096,0.1290322580645161,0.8709677419354839,0.0,0.0,0.1232857505324199,83,1.0,0.0,coras,0.05,target_occluded,0,0.95,0.05,results/sim_complete/seed0_calib0.10/metrics_by_domain_alpha0.05.csv
246,0.9146341463414634,0.0853658536585365,11.235772357723578,12.0,13.0,0.5121951219512195,0.0,1.0,0.0,0.0,0.1811517323352262,176,0.9772727272727272,0.0,coras_aps,0.05,target_camera_shift,0,0.95,-0.0353658536585365,results/sim_complete/seed0_calib0.10/metrics_by_domain_alpha0.05.csv
162,0.9444444444444444,0.0555555555555555,9.25925925925926,11.0,13.0,0.7592592592592593,0.037037037037037,0.9629629629629628,0.0,0.0,0.0702497456978284,117,0.9743589743589745,0.0,coras_aps,0.05,target_lighting_shift,0,0.95,-0.0055555555555555,results/sim_complete/seed0_calib0.10/metrics_by_domain_alpha0.05.csv
93,1.0,0.0,9.419354838709678,11.0,13.0,0.6774193548387096,0.032258064516129,0.967741935483871,0.0,0.0,0.1232857505324199,83,1.0,0.0,coras_aps,0.05,target_occluded,0,0.95,0.05,results/sim_complete/seed0_calib0.10/metrics_by_domain_alpha0.05.csv
246,0.91869918699187,0.08130081300813,10.853658536585366,12.0,14.0,0.5121951219512195,0.016260162601626,0.983739837398374,0.0,0.0,0.1811517323352262,176,0.9829545454545454,0.0,mondrian_domain,0.05,target_camera_shift,0,0.95,-0.03130081300813,results/sim_complete/seed0_calib0.10/metrics_by_domain_alpha0.05.csv
162,0.9691358024691358,0.0308641975308642,9.006172839506172,11.5,14.0,0.7592592592592593,0.0864197530864197,0.9135802469135802,0.0,0.0,0.0702497456978284,117,0.9743589743589745,0.0,mondrian_domain,0.05,target_lighting_shift,0,0.95,0.0191358024691358,results/sim_complete/seed0_calib0.10/metrics_by_domain_alpha0.05.csv
93,1.0,0.0,8.634408602150538,10.0,14.0,0.6774193548387096,0.1290322580645161,0.8709677419354839,0.0,0.0,0.1232857505324199,83,1.0,0.0,mondrian_domain,0.05,target_occluded,0,0.95,0.05,results/sim_complete/seed0_calib0.10/metrics_by_domain_alpha0.05.csv
246,0.5203252032520326,0.4796747967479674,1.0,1.0,1.0,0.5203252032520326,1.0,0.0,0.0,0.4796747967479675,0.2699891478002158,176,0.5909090909090909,0.4090909090909091,top1_singleton,0.1,target_camera_shift,0,0.9,-0.3796747967479674,results/sim_complete/seed0_calib0.10/metrics_by_domain_alpha0.10.csv
162,0.4135802469135802,0.5864197530864197,1.0,1.0,1.0,0.4135802469135802,1.0,0.0,0.0,0.5864197530864198,0.1677504724633364,117,0.4700854700854701,0.5299145299145299,top1_singleton,0.1,target_lighting_shift,0,0.9,-0.4864197530864197,results/sim_complete/seed0_calib0.10/metrics_by_domain_alpha0.10.csv
93,0.6559139784946236,0.3440860215053763,1.0,1.0,1.0,0.6559139784946236,1.0,0.0,0.0,0.3440860215053763,0.1554486524808995,83,0.6506024096385542,0.3493975903614458,top1_singleton,0.1,target_occluded,0,0.9,-0.2440860215053764,results/sim_complete/seed0_calib0.10/metrics_by_domain_alpha0.10.csv
246,0.8739837398373984,0.1260162601626016,8.0,8.0,8.0,0.5203252032520326,0.0,1.0,0.0,0.0,0.2699891478002158,176,0.9715909090909092,0.0,topk_calibrated,0.1,target_camera_shift,0,0.9,-0.0260162601626016,results/sim_complete/seed0_calib0.10/metrics_by_domain_alpha0.10.csv
162,0.8271604938271605,0.1728395061728395,8.0,8.0,8.0,0.4135802469135802,0.0,1.0,0.0,0.0,0.1677504724633364,117,0.8888888888888888,0.0,topk_calibrated,0.1,target_lighting_shift,0,0.9,-0.0728395061728395,results/sim_complete/seed0_calib0.10/metrics_by_domain_alpha0.10.csv
93,0.9247311827956988,0.0752688172043011,8.0,8.0,8.0,0.6559139784946236,0.0,1.0,0.0,0.0,0.1554486524808995,83,0.9397590361445785,0.0,topk_calibrated,0.1,target_occluded,0,0.9,0.0247311827956988,results/sim_complete/seed0_calib0.10/metrics_by_domain_alpha0.10.csv
246,0.8130081300813008,0.1869918699186992,5.223577235772358,5.0,10.0,0.5203252032520326,0.2032520325203252,0.7967479674796748,0.0,0.032520325203252,0.2699891478002158,176,0.9261363636363636,0.0170454545454545,vanilla_conformal,0.1,target_camera_shift,0,0.9,-0.0869918699186992,results/sim_complete/seed0_calib0.10/metrics_by_domain_alpha0.10.csv
162,0.8518518518518519,0.1481481481481481,7.845679012345679,9.0,11.0,0.4135802469135802,0.037037037037037,0.9629629629629628,0.0,0.0,0.1677504724633364,117,0.905982905982906,0.0,vanilla_conformal,0.1,target_lighting_shift,0,0.9,-0.0481481481481481,results/sim_complete/seed0_calib0.10/metrics_by_domain_alpha0.10.csv
93,0.946236559139785,0.053763440860215,5.086021505376344,5.0,10.0,0.6559139784946236,0.1935483870967742,0.8064516129032258,0.0,0.0,0.1554486524808995,83,0.9518072289156626,0.0,vanilla_conformal,0.1,target_occluded,0,0.9,0.0462365591397849,results/sim_complete/seed0_calib0.10/metrics_by_domain_alpha0.10.csv
246,0.8739837398373984,0.1260162601626016,7.398373983739837,8.0,11.0,0.5203252032520326,0.0772357723577235,0.9227642276422764,0.0,0.0040650406504065,0.2699891478002158,176,0.9715909090909092,0.0,aps_conformal,0.1,target_camera_shift,0,0.9,-0.0260162601626016,results/sim_complete/seed0_calib0.10/metrics_by_domain_alpha0.10.csv
162,0.8827160493827161,0.1172839506172839,9.160493827160494,10.0,11.0,0.4135802469135802,0.0308641975308641,0.9691358024691358,0.0,0.0,0.1677504724633364,117,0.9145299145299144,0.0,aps_conformal,0.1,target_lighting_shift,0,0.9,-0.0172839506172839,results/sim_complete/seed0_calib0.10/metrics_by_domain_alpha0.10.csv
93,0.967741935483871,0.032258064516129,7.408602150537634,8.0,12.0,0.6559139784946236,0.1182795698924731,0.8817204301075269,0.0,0.0,0.1554486524808995,83,0.9759036144578314,0.0,aps_conformal,0.1,target_occluded,0,0.9,0.0677419354838709,results/sim_complete/seed0_calib0.10/metrics_by_domain_alpha0.10.csv
246,0.8414634146341463,0.1585365853658537,6.154471544715447,6.0,10.0,0.5203252032520326,0.024390243902439,0.975609756097561,0.0,0.0040650406504065,0.0781183609032447,176,0.9488636363636364,0.0,temperature_conformal,0.1,target_camera_shift,0,0.9,-0.0585365853658537,results/sim_complete/seed0_calib0.10/metrics_by_domain_alpha0.10.csv
162,0.8333333333333334,0.1666666666666666,7.839506172839506,8.0,10.0,0.4135802469135802,0.0246913580246913,0.9753086419753086,0.0,0.0,0.1946429406154046,117,0.8974358974358975,0.0,temperature_conformal,0.1,target_lighting_shift,0,0.9,-0.0666666666666666,results/sim_complete/seed0_calib0.10/metrics_by_domain_alpha0.10.csv
93,0.935483870967742,0.0645161290322581,5.903225806451613,6.0,9.0,0.6559139784946236,0.0967741935483871,0.9032258064516128,0.0,0.0,0.1251638404453479,83,0.9518072289156626,0.0,temperature_conformal,0.1,target_occluded,0,0.9,0.0354838709677418,results/sim_complete/seed0_calib0.10/metrics_by_domain_alpha0.10.csv
246,0.5121951219512195,0.4878048780487805,1.0,1.0,1.0,0.5121951219512195,1.0,0.0,0.0,0.4878048780487805,0.1811517323352262,176,0.5795454545454546,0.4204545454545454,prompt_only_top1,0.1,target_camera_shift,0,0.9,-0.3878048780487805,results/sim_complete/seed0_calib0.10/metrics_by_domain_alpha0.10.csv
162,0.7592592592592593,0.2407407407407407,1.0,1.0,1.0,0.7592592592592593,1.0,0.0,0.0,0.2407407407407407,0.0702497456978284,117,0.7948717948717948,0.2051282051282051,prompt_only_top1,0.1,target_lighting_shift,0,0.9,-0.1407407407407407,results/sim_complete/seed0_calib0.10/metrics_by_domain_alpha0.10.csv
93,0.6774193548387096,0.3225806451612903,1.0,1.0,1.0,0.6774193548387096,1.0,0.0,0.0,0.3225806451612903,0.1232857505324199,83,0.7108433734939759,0.2891566265060241,prompt_only_top1,0.1,target_occluded,0,0.9,-0.2225806451612904,results/sim_complete/seed0_calib0.10/metrics_by_domain_alpha0.10.csv
246,0.7845528455284553,0.2154471544715447,4.634146341463414,5.0,8.0,0.5121951219512195,0.1422764227642276,0.8577235772357723,0.0,0.024390243902439,0.1811517323352262,176,0.8806818181818182,0.0284090909090909,coras,0.1,target_camera_shift,0,0.9,-0.1154471544715447,results/sim_complete/seed0_calib0.10/metrics_by_domain_alpha0.10.csv
162,0.925925925925926,0.074074074074074,3.9876543209876543,2.0,9.0,0.7592592592592593,0.4506172839506173,0.5493827160493827,0.0,0.0061728395061728,0.0702497456978284,117,0.9572649572649572,0.0,coras,0.1,target_lighting_shift,0,0.9,0.0259259259259259,results/sim_complete/seed0_calib0.10/metrics_by_domain_alpha0.10.csv
93,0.935483870967742,0.0645161290322581,3.655913978494623,3.0,7.799999999999997,0.6774193548387096,0.3655913978494624,0.6344086021505376,0.0,0.0,0.1232857505324199,83,0.9397590361445785,0.0,coras,0.1,target_occluded,0,0.9,0.0354838709677418,results/sim_complete/seed0_calib0.10/metrics_by_domain_alpha0.10.csv
246,0.902439024390244,0.097560975609756,9.211382113821138,10.0,12.0,0.5121951219512195,0.024390243902439,0.975609756097561,0.0,0.0,0.1811517323352262,176,0.9772727272727272,0.0,coras_aps,0.1,target_camera_shift,0,0.9,0.0024390243902439,results/sim_complete/seed0_calib0.10/metrics_by_domain_alpha0.10.csv
162,0.9444444444444444,0.0555555555555555,7.216049382716049,9.0,11.0,0.7592592592592593,0.1851851851851851,0.8148148148148148,0.0,0.0,0.0702497456978284,117,0.9743589743589745,0.0,coras_aps,0.1,target_lighting_shift,0,0.9,0.0444444444444444,results/sim_complete/seed0_calib0.10/metrics_by_domain_alpha0.10.csv
93,0.989247311827957,0.010752688172043,7.236559139784946,9.0,12.0,0.6774193548387096,0.1935483870967742,0.8064516129032258,0.0,0.0,0.1232857505324199,83,0.9879518072289156,0.0,coras_aps,0.1,target_occluded,0,0.9,0.0892473118279569,results/sim_complete/seed0_calib0.10/metrics_by_domain_alpha0.10.csv
246,0.8048780487804879,0.1951219512195121,4.9105691056910565,5.0,8.5,0.5121951219512195,0.1260162601626016,0.8739837398373984,0.0,0.0121951219512195,0.1811517323352262,176,0.9090909090909092,0.0113636363636363,mondrian_domain,0.1,target_camera_shift,0,0.9,-0.0951219512195121,results/sim_complete/seed0_calib0.10/metrics_by_domain_alpha0.10.csv
162,0.925925925925926,0.074074074074074,3.9876543209876543,2.0,9.0,0.7592592592592593,0.4506172839506173,0.5493827160493827,0.0,0.0061728395061728,0.0702497456978284,117,0.9572649572649572,0.0,mondrian_domain,0.1,target_lighting_shift,0,0.9,0.0259259259259259,results/sim_complete/seed0_calib0.10/metrics_by_domain_alpha0.10.csv
93,0.8602150537634409,0.1397849462365591,2.032258064516129,2.0,4.0,0.6774193548387096,0.4946236559139785,0.5053763440860215,0.0,0.043010752688172,0.1232857505324199,83,0.8674698795180723,0.036144578313253,mondrian_domain,0.1,target_occluded,0,0.9,-0.0397849462365591,results/sim_complete/seed0_calib0.10/metrics_by_domain_alpha0.10.csv
246,0.5203252032520326,0.4796747967479674,1.0,1.0,1.0,0.5203252032520326,1.0,0.0,0.0,0.4796747967479675,0.2699891478002158,176,0.5909090909090909,0.4090909090909091,top1_singleton,0.2,target_camera_shift,0,0.8,-0.2796747967479674,results/sim_complete/seed0_calib0.10/metrics_by_domain_alpha0.20.csv
162,0.4135802469135802,0.5864197530864197,1.0,1.0,1.0,0.4135802469135802,1.0,0.0,0.0,0.5864197530864198,0.1677504724633364,117,0.4700854700854701,0.5299145299145299,top1_singleton,0.2,target_lighting_shift,0,0.8,-0.3864197530864198,results/sim_complete/seed0_calib0.10/metrics_by_domain_alpha0.20.csv
93,0.6559139784946236,0.3440860215053763,1.0,1.0,1.0,0.6559139784946236,1.0,0.0,0.0,0.3440860215053763,0.1554486524808995,83,0.6506024096385542,0.3493975903614458,top1_singleton,0.2,target_occluded,0,0.8,-0.1440860215053764,results/sim_complete/seed0_calib0.10/metrics_by_domain_alpha0.20.csv
246,0.7967479674796748,0.2032520325203252,5.0,5.0,5.0,0.5203252032520326,0.0,1.0,0.0,0.0,0.2699891478002158,176,0.9147727272727272,0.0,topk_calibrated,0.2,target_camera_shift,0,0.8,-0.0032520325203252,results/sim_complete/seed0_calib0.10/metrics_by_domain_alpha0.20.csv
162,0.7037037037037037,0.2962962962962963,5.0,5.0,5.0,0.4135802469135802,0.0,1.0,0.0,0.0,0.1677504724633364,117,0.7692307692307693,0.0,topk_calibrated,0.2,target_lighting_shift,0,0.8,-0.0962962962962963,results/sim_complete/seed0_calib0.10/metrics_by_domain_alpha0.20.csv
93,0.9032258064516128,0.0967741935483871,5.0,5.0,5.0,0.6559139784946236,0.0,1.0,0.0,0.0,0.1554486524808995,83,0.9156626506024096,0.0,topk_calibrated,0.2,target_occluded,0,0.8,0.1032258064516128,results/sim_complete/seed0_calib0.10/metrics_by_domain_alpha0.20.csv
246,0.7601626016260162,0.2398373983739837,3.073170731707317,3.0,6.0,0.5203252032520326,0.3252032520325203,0.6747967479674797,0.0,0.0772357723577235,0.2699891478002158,176,0.875,0.0511363636363636,vanilla_conformal,0.2,target_camera_shift,0,0.8,-0.0398373983739838,results/sim_complete/seed0_calib0.10/metrics_by_domain_alpha0.20.csv
162,0.7530864197530864,0.2469135802469135,4.7407407407407405,5.0,7.0,0.4135802469135802,0.0679012345679012,0.9320987654320988,0.0,0.0,0.1677504724633364,117,0.811965811965812,0.0,vanilla_conformal,0.2,target_lighting_shift,0,0.8,-0.0469135802469136,results/sim_complete/seed0_calib0.10/metrics_by_domain_alpha0.20.csv
93,0.8924731182795699,0.1075268817204301,3.010752688172043,2.0,6.799999999999997,0.6559139784946236,0.3870967741935484,0.6129032258064516,0.0,0.032258064516129,0.1554486524808995,83,0.9036144578313252,0.0240963855421686,vanilla_conformal,0.2,target_occluded,0,0.8,0.0924731182795698,results/sim_complete/seed0_calib0.10/metrics_by_domain_alpha0.20.csv
246,0.8373983739837398,0.1626016260162601,5.939024390243903,6.0,10.0,0.5203252032520326,0.1747967479674796,0.8252032520325203,0.0,0.008130081300813,0.2699891478002158,176,0.9431818181818182,0.0,aps_conformal,0.2,target_camera_shift,0,0.8,0.0373983739837398,results/sim_complete/seed0_calib0.10/metrics_by_domain_alpha0.20.csv
162,0.8641975308641975,0.1358024691358025,8.0,9.0,10.0,0.4135802469135802,0.0432098765432098,0.9567901234567902,0.0,0.0,0.1677504724633364,117,0.905982905982906,0.0,aps_conformal,0.2,target_lighting_shift,0,0.8,0.0641975308641974,results/sim_complete/seed0_calib0.10/metrics_by_domain_alpha0.20.csv
93,0.935483870967742,0.0645161290322581,6.010752688172043,7.0,11.0,0.6559139784946236,0.2150537634408602,0.7849462365591398,0.0,0.0,0.1554486524808995,83,0.9518072289156626,0.0,aps_conformal,0.2,target_occluded,0,0.8,0.1354838709677418,results/sim_complete/seed0_calib0.10/metrics_by_domain_alpha0.20.csv
246,0.7723577235772358,0.2276422764227642,3.089430894308943,3.0,5.0,0.5203252032520326,0.2560975609756097,0.7439024390243902,0.0,0.048780487804878,0.0786453133130395,176,0.8977272727272727,0.0284090909090909,temperature_conformal,0.2,target_camera_shift,0,0.8,-0.0276422764227642,results/sim_complete/seed0_calib0.10/metrics_by_domain_alpha0.20.csv
162,0.7098765432098766,0.2901234567901234,4.364197530864198,4.0,6.0,0.4135802469135802,0.0493827160493827,0.9506172839506172,0.0,0.0,0.1913210432350468,117,0.7692307692307693,0.0,temperature_conformal,0.2,target_lighting_shift,0,0.8,-0.0901234567901234,results/sim_complete/seed0_calib0.10/metrics_by_domain_alpha0.20.csv
93,0.8709677419354839,0.1290322580645161,2.978494623655914,2.0,6.0,0.6559139784946236,0.3118279569892473,0.6881720430107527,0.0,0.021505376344086,0.1250599848852673,83,0.8795180722891566,0.0120481927710843,temperature_conformal,0.2,target_occluded,0,0.8,0.0709677419354838,results/sim_complete/seed0_calib0.10/metrics_by_domain_alpha0.20.csv
246,0.5121951219512195,0.4878048780487805,1.0,1.0,1.0,0.5121951219512195,1.0,0.0,0.0,0.4878048780487805,0.1811517323352262,176,0.5795454545454546,0.4204545454545454,prompt_only_top1,0.2,target_camera_shift,0,0.8,-0.2878048780487805,results/sim_complete/seed0_calib0.10/metrics_by_domain_alpha0.20.csv
162,0.7592592592592593,0.2407407407407407,1.0,1.0,1.0,0.7592592592592593,1.0,0.0,0.0,0.2407407407407407,0.0702497456978284,117,0.7948717948717948,0.2051282051282051,prompt_only_top1,0.2,target_lighting_shift,0,0.8,-0.0407407407407407,results/sim_complete/seed0_calib0.10/metrics_by_domain_alpha0.20.csv
93,0.6774193548387096,0.3225806451612903,1.0,1.0,1.0,0.6774193548387096,1.0,0.0,0.0,0.3225806451612903,0.1232857505324199,83,0.7108433734939759,0.2891566265060241,prompt_only_top1,0.2,target_occluded,0,0.8,-0.1225806451612904,results/sim_complete/seed0_calib0.10/metrics_by_domain_alpha0.20.csv
246,0.6747967479674797,0.3252032520325203,2.0284552845528454,2.0,4.0,0.5121951219512195,0.4308943089430894,0.5691056910569106,0.0,0.1341463414634146,0.1811517323352262,176,0.7840909090909091,0.125,coras,0.2,target_camera_shift,0,0.8,-0.1252032520325203,results/sim_complete/seed0_calib0.10/metrics_by_domain_alpha0.20.csv
162,0.8518518518518519,0.1481481481481481,1.7962962962962965,1.0,4.0,0.7592592592592593,0.6111111111111112,0.3888888888888889,0.0,0.0185185185185185,0.0702497456978284,117,0.8803418803418803,0.0085470085470085,coras,0.2,target_lighting_shift,0,0.8,0.0518518518518518,results/sim_complete/seed0_calib0.10/metrics_by_domain_alpha0.20.csv
93,0.8279569892473119,0.1720430107526881,1.7956989247311828,1.0,3.0,0.6774193548387096,0.5268817204301075,0.4731182795698925,0.0,0.053763440860215,0.1232857505324199,83,0.8433734939759037,0.0481927710843373,coras,0.2,target_occluded,0,0.8,0.0279569892473118,results/sim_complete/seed0_calib0.10/metrics_by_domain_alpha0.20.csv
246,0.8658536585365854,0.1341463414634146,6.6016260162601625,7.0,10.0,0.5121951219512195,0.073170731707317,0.926829268292683,0.0,0.0,0.1811517323352262,176,0.9488636363636364,0.0,coras_aps,0.2,target_camera_shift,0,0.8,0.0658536585365853,results/sim_complete/seed0_calib0.10/metrics_by_domain_alpha0.20.csv
162,0.9320987654320988,0.0679012345679012,5.283950617283951,5.5,10.0,0.7592592592592593,0.345679012345679,0.654320987654321,0.0,0.0,0.0702497456978284,117,0.9658119658119658,0.0,coras_aps,0.2,target_lighting_shift,0,0.8,0.1320987654320987,results/sim_complete/seed0_calib0.10/metrics_by_domain_alpha0.20.csv
93,0.978494623655914,0.021505376344086,5.161290322580645,6.0,9.0,0.6774193548387096,0.3118279569892473,0.6881720430107527,0.0,0.0,0.1232857505324199,83,0.9759036144578314,0.0,coras_aps,0.2,target_occluded,0,0.8,0.1784946236559139,results/sim_complete/seed0_calib0.10/metrics_by_domain_alpha0.20.csv
246,0.7276422764227642,0.2723577235772357,2.845528455284553,2.0,6.0,0.5121951219512195,0.3089430894308943,0.6910569105691057,0.0,0.0772357723577235,0.1811517323352262,176,0.8409090909090909,0.0738636363636363,mondrian_domain,0.2,target_camera_shift,0,0.8,-0.0723577235772358,results/sim_complete/seed0_calib0.10/metrics_by_domain_alpha0.20.csv
162,0.8641975308641975,0.1358024691358025,2.253086419753086,1.0,5.0,0.7592592592592593,0.5493827160493827,0.4506172839506173,0.0,0.0123456790123456,0.0702497456978284,117,0.8888888888888888,0.0085470085470085,mondrian_domain,0.2,target_lighting_shift,0,0.8,0.0641975308641974,results/sim_complete/seed0_calib0.10/metrics_by_domain_alpha0.20.csv
93,0.7849462365591398,0.2150537634408602,1.4086021505376345,1.0,2.0,0.6774193548387096,0.6666666666666666,0.3333333333333333,0.0,0.1182795698924731,0.1232857505324199,83,0.8072289156626506,0.1204819277108433,mondrian_domain,0.2,target_occluded,0,0.8,-0.0150537634408602,results/sim_complete/seed0_calib0.10/metrics_by_domain_alpha0.20.csv
277,0.5126353790613718,0.4873646209386282,1.0,1.0,1.0,0.5126353790613718,1.0,0.0,0.0,0.4873646209386281,0.2729595180037545,201,0.5870646766169154,0.4129353233830846,top1_singleton,0.05,target_camera_shift,0,0.95,-0.4373646209386281,results/sim_complete/seed0_calib0.25/metrics_by_domain_alpha0.05.csv
138,0.3985507246376811,0.6014492753623188,1.0,1.0,1.0,0.3985507246376811,1.0,0.0,0.0,0.6014492753623188,0.2191059556099351,109,0.4311926605504587,0.5688073394495413,top1_singleton,0.05,target_lighting_shift,0,0.95,-0.5514492753623188,results/sim_complete/seed0_calib0.25/metrics_by_domain_alpha0.05.csv
83,0.5783132530120482,0.4216867469879518,1.0,1.0,1.0,0.5783132530120482,1.0,0.0,0.0,0.4216867469879518,0.2480489195643321,73,0.5753424657534246,0.4246575342465753,top1_singleton,0.05,target_occluded,0,0.95,-0.3716867469879518,results/sim_complete/seed0_calib0.25/metrics_by_domain_alpha0.05.csv
277,0.924187725631769,0.075812274368231,13.0,13.0,13.0,0.5126353790613718,0.0,1.0,0.0,0.0,0.2729595180037545,201,0.9900497512437813,0.0,topk_calibrated,0.05,target_camera_shift,0,0.95,-0.0258122743682309,results/sim_complete/seed0_calib0.25/metrics_by_domain_alpha0.05.csv
138,0.9710144927536232,0.0289855072463768,13.0,13.0,13.0,0.3985507246376811,0.0,1.0,0.0,0.0,0.2191059556099351,109,0.9724770642201837,0.0,topk_calibrated,0.05,target_lighting_shift,0,0.95,0.0210144927536232,results/sim_complete/seed0_calib0.25/metrics_by_domain_alpha0.05.csv
83,1.0,0.0,13.0,13.0,13.0,0.5783132530120482,0.0,1.0,0.0,0.0,0.2480489195643321,73,1.0,0.0,topk_calibrated,0.05,target_occluded,0,0.95,0.05,results/sim_complete/seed0_calib0.25/metrics_by_domain_alpha0.05.csv
277,0.8989169675090253,0.1010830324909747,9.819494584837544,11.0,14.0,0.5126353790613718,0.0216606498194945,0.9783393501805054,0.0,0.0,0.2729595180037545,201,0.9800995024875622,0.0,vanilla_conformal,0.05,target_camera_shift,0,0.95,-0.0510830324909746,results/sim_complete/seed0_calib0.25/metrics_by_domain_alpha0.05.csv
138,0.9565217391304348,0.0434782608695651,11.507246376811594,12.0,13.0,0.3985507246376811,0.0072463768115942,0.9927536231884058,0.0,0.0,0.2191059556099351,109,0.963302752293578,0.0,vanilla_conformal,0.05,target_lighting_shift,0,0.95,0.0065217391304348,results/sim_complete/seed0_calib0.25/metrics_by_domain_alpha0.05.csv
83,0.9879518072289156,0.0120481927710843,9.421686746987952,11.0,15.0,0.5783132530120482,0.0481927710843373,0.9518072289156626,0.0,0.0,0.2480489195643321,73,0.9863013698630136,0.0,vanilla_conformal,0.05,target_occluded,0,0.95,0.0379518072289156,results/sim_complete/seed0_calib0.25/metrics_by_domain_alpha0.05.csv
277,0.9097472924187726,0.0902527075812273,11.101083032490974,12.0,14.0,0.5126353790613718,0.0,1.0,0.0,0.0,0.2729595180037545,201,0.9900497512437813,0.0,aps_conformal,0.05,target_camera_shift,0,0.95,-0.0402527075812273,results/sim_complete/seed0_calib0.25/metrics_by_domain_alpha0.05.csv
138,0.9420289855072465,0.0579710144927536,11.905797101449275,12.0,13.0,0.3985507246376811,0.0,1.0,0.0,0.0,0.2191059556099351,109,0.963302752293578,0.0,aps_conformal,0.05,target_lighting_shift,0,0.95,-0.0079710144927536,results/sim_complete/seed0_calib0.25/metrics_by_domain_alpha0.05.csv
83,0.9879518072289156,0.0120481927710843,10.795180722891564,12.0,14.0,0.5783132530120482,0.0,1.0,0.0,0.0,0.2480489195643321,73,0.9863013698630136,0.0,aps_conformal,0.05,target_occluded,0,0.95,0.0379518072289156,results/sim_complete/seed0_calib0.25/metrics_by_domain_alpha0.05.csv
277,0.9061371841155236,0.0938628158844765,11.04693140794224,12.0,14.0,0.5126353790613718,0.0,1.0,0.0,0.0,0.0852551563328319,201,0.9800995024875622,0.0,temperature_conformal,0.05,target_camera_shift,0,0.95,-0.0438628158844764,results/sim_complete/seed0_calib0.25/metrics_by_domain_alpha0.05.csv
138,0.9565217391304348,0.0434782608695651,11.804347826086955,12.0,13.0,0.3985507246376811,0.0,1.0,0.0,0.0,0.1515925719968614,109,0.963302752293578,0.0,temperature_conformal,0.05,target_lighting_shift,0,0.95,0.0065217391304348,results/sim_complete/seed0_calib0.25/metrics_by_domain_alpha0.05.csv
83,1.0,0.0,10.867469879518072,12.0,15.0,0.5783132530120482,0.0,1.0,0.0,0.0,0.1470831223415453,73,1.0,0.0,temperature_conformal,0.05,target_occluded,0,0.95,0.05,results/sim_complete/seed0_calib0.25/metrics_by_domain_alpha0.05.csv
277,0.5090252707581228,0.4909747292418772,1.0,1.0,1.0,0.5090252707581228,1.0,0.0,0.0,0.4909747292418772,0.1766194696789902,201,0.5671641791044776,0.4328358208955223,prompt_only_top1,0.05,target_camera_shift,0,0.95,-0.4409747292418772,results/sim_complete/seed0_calib0.25/metrics_by_domain_alpha0.05.csv
138,0.7681159420289855,0.2318840579710145,1.0,1.0,1.0,0.7681159420289855,1.0,0.0,0.0,0.2318840579710145,0.0577084831973606,109,0.8256880733944955,0.1743119266055046,prompt_only_top1,0.05,target_lighting_shift,0,0.95,-0.1818840579710144,results/sim_complete/seed0_calib0.25/metrics_by_domain_alpha0.05.csv
83,0.6506024096385542,0.3493975903614458,1.0,1.0,1.0,0.6506024096385542,1.0,0.0,0.0,0.3493975903614458,0.0926887658078839,73,0.6712328767123288,0.3287671232876712,prompt_only_top1,0.05,target_occluded,0,0.95,-0.2993975903614457,results/sim_complete/seed0_calib0.25/metrics_by_domain_alpha0.05.csv
277,0.924187725631769,0.075812274368231,10.891696750902527,12.0,14.0,0.5090252707581228,0.0180505415162454,0.9819494584837544,0.0,0.0,0.1766194696789902,201,0.9900497512437813,0.0,coras,0.05,target_camera_shift,0,0.95,-0.0258122743682309,results/sim_complete/seed0_calib0.25/metrics_by_domain_alpha0.05.csv
138,0.9855072463768116,0.0144927536231883,8.442028985507246,10.0,13.0,0.7681159420289855,0.1231884057971014,0.8768115942028986,0.0,0.0,0.0577084831973606,109,0.981651376146789,0.0,coras,0.05,target_lighting_shift,0,0.95,0.0355072463768116,results/sim_complete/seed0_calib0.25/metrics_by_domain_alpha0.05.csv
83,1.0,0.0,9.0,11.0,13.0,0.6506024096385542,0.1566265060240964,0.8433734939759037,0.0,0.0,0.0926887658078839,73,1.0,0.0,coras,0.05,target_occluded,0,0.95,0.05,results/sim_complete/seed0_calib0.25/metrics_by_domain_alpha0.05.csv
277,0.927797833935018,0.0722021660649819,11.772563176895307,12.0,14.0,0.5090252707581228,0.003610108303249,0.9963898916967509,0.0,0.0,0.1766194696789902,201,0.9900497512437813,0.0,coras_aps,0.05,target_camera_shift,0,0.95,-0.0222021660649819,results/sim_complete/seed0_calib0.25/metrics_by_domain_alpha0.05.csv
138,0.9782608695652174,0.0217391304347825,9.920289855072465,11.0,13.0,0.7681159420289855,0.0217391304347826,0.9782608695652174,0.0,0.0,0.0577084831973606,109,0.981651376146789,0.0,coras_aps,0.05,target_lighting_shift,0,0.95,0.0282608695652174,results/sim_complete/seed0_calib0.25/metrics_by_domain_alpha0.05.csv
83,1.0,0.0,10.27710843373494,12.0,13.0,0.6506024096385542,0.036144578313253,0.963855421686747,0.0,0.0,0.0926887658078839,73,1.0,0.0,coras_aps,0.05,target_occluded,0,0.95,0.05,results/sim_complete/seed0_calib0.25/metrics_by_domain_alpha0.05.csv
277,0.9530685920577616,0.0469314079422382,13.018050541516246,14.0,15.0,0.5090252707581228,0.0,1.0,0.0,0.0,0.1766194696789902,201,0.9900497512437813,0.0,mondrian_domain,0.05,target_camera_shift,0,0.95,0.0030685920577617,results/sim_complete/seed0_calib0.25/metrics_by_domain_alpha0.05.csv
138,0.9855072463768116,0.0144927536231883,8.884057971014492,11.0,13.0,0.7681159420289855,0.1014492753623188,0.8985507246376812,0.0,0.0,0.0577084831973606,109,0.981651376146789,0.0,mondrian_domain,0.05,target_lighting_shift,0,0.95,0.0355072463768116,results/sim_complete/seed0_calib0.25/metrics_by_domain_alpha0.05.csv
83,0.9397590361445785,0.0602409638554216,3.927710843373494,4.0,7.799999999999997,0.6506024096385542,0.3373493975903614,0.6626506024096386,0.0,0.0120481927710843,0.0926887658078839,73,0.9452054794520548,0.0136986301369863,mondrian_domain,0.05,target_occluded,0,0.95,-0.0102409638554216,results/sim_complete/seed0_calib0.25/metrics_by_domain_alpha0.05.csv
277,0.5126353790613718,0.4873646209386282,1.0,1.0,1.0,0.5126353790613718,1.0,0.0,0.0,0.4873646209386281,0.2729595180037545,201,0.5870646766169154,0.4129353233830846,top1_singleton,0.1,target_camera_shift,0,0.9,-0.3873646209386282,results/sim_complete/seed0_calib0.25/metrics_by_domain_alpha0.10.csv
138,0.3985507246376811,0.6014492753623188,1.0,1.0,1.0,0.3985507246376811,1.0,0.0,0.0,0.6014492753623188,0.2191059556099351,109,0.4311926605504587,0.5688073394495413,top1_singleton,0.1,target_lighting_shift,0,0.9,-0.5014492753623189,results/sim_complete/seed0_calib0.25/metrics_by_domain_alpha0.10.csv
83,0.5783132530120482,0.4216867469879518,1.0,1.0,1.0,0.5783132530120482,1.0,0.0,0.0,0.4216867469879518,0.2480489195643321,73,0.5753424657534246,0.4246575342465753,top1_singleton,0.1,target_occluded,0,0.9,-0.3216867469879518,results/sim_complete/seed0_calib0.25/metrics_by_domain_alpha0.10.csv
277,0.8844765342960289,0.1155234657039711,10.0,10.0,10.0,0.5126353790613718,0.0,1.0,0.0,0.0,0.2729595180037545,201,0.9751243781094528,0.0,topk_calibrated,0.1,target_camera_shift,0,0.9,-0.0155234657039711,results/sim_complete/seed0_calib0.25/metrics_by_domain_alpha0.10.csv
138,0.8623188405797102,0.1376811594202898,10.0,10.0,10.0,0.3985507246376811,0.0,1.0,0.0,0.0,0.2191059556099351,109,0.9357798165137616,0.0,topk_calibrated,0.1,target_lighting_shift,0,0.9,-0.0376811594202898,results/sim_complete/seed0_calib0.25/metrics_by_domain_alpha0.10.csv
83,0.9879518072289156,0.0120481927710843,10.0,10.0,10.0,0.5783132530120482,0.0,1.0,0.0,0.0,0.2480489195643321,73,0.9863013698630136,0.0,topk_calibrated,0.1,target_occluded,0,0.9,0.0879518072289156,results/sim_complete/seed0_calib0.25/metrics_by_domain_alpha0.10.csv
277,0.855595667870036,0.1444043321299639,7.11913357400722,7.0,12.0,0.5126353790613718,0.0830324909747292,0.9169675090252708,0.0,0.0072202166064981,0.2729595180037545,201,0.9502487562189056,0.0,vanilla_conformal,0.1,target_camera_shift,0,0.9,-0.0444043321299639,results/sim_complete/seed0_calib0.25/metrics_by_domain_alpha0.10.csv
138,0.8768115942028986,0.1231884057971014,9.797101449275363,11.0,12.0,0.3985507246376811,0.0217391304347826,0.9782608695652174,0.0,0.0,0.2191059556099351,109,0.926605504587156,0.0,vanilla_conformal,0.1,target_lighting_shift,0,0.9,-0.0231884057971014,results/sim_complete/seed0_calib0.25/metrics_by_domain_alpha0.10.csv
83,0.963855421686747,0.036144578313253,6.843373493975903,7.0,12.0,0.5783132530120482,0.216867469879518,0.7831325301204819,0.0,0.0,0.2480489195643321,73,0.9726027397260274,0.0,vanilla_conformal,0.1,target_occluded,0,0.9,0.0638554216867469,results/sim_complete/seed0_calib0.25/metrics_by_domain_alpha0.10.csv
277,0.8808664259927798,0.1191335740072202,8.364620938628159,9.0,12.0,0.5126353790613718,0.0469314079422382,0.9530685920577616,0.0,0.0,0.2729595180037545,201,0.9751243781094528,0.0,aps_conformal,0.1,target_camera_shift,0,0.9,-0.0191335740072202,results/sim_complete/seed0_calib0.25/metrics_by_domain_alpha0.10.csv
138,0.8840579710144928,0.1159420289855072,10.0,11.0,11.0,0.3985507246376811,0.0072463768115942,0.9927536231884058,0.0,0.0,0.2191059556099351,109,0.9357798165137616,0.0,aps_conformal,0.1,target_lighting_shift,0,0.9,-0.0159420289855072,results/sim_complete/seed0_calib0.25/metrics_by_domain_alpha0.10.csv
83,0.9879518072289156,0.0120481927710843,8.012048192771084,9.0,12.799999999999995,0.5783132530120482,0.072289156626506,0.927710843373494,0.0,0.0,0.2480489195643321,73,0.9863013698630136,0.0,aps_conformal,0.1,target_occluded,0,0.9,0.0879518072289156,results/sim_complete/seed0_calib0.25/metrics_by_domain_alpha0.10.csv
277,0.8736462093862816,0.1263537906137184,7.465703971119134,8.0,11.0,0.5126353790613718,0.0180505415162454,0.9819494584837544,0.0,0.0,0.08525246844983,201,0.9701492537313432,0.0,temperature_conformal,0.1,target_camera_shift,0,0.9,-0.0263537906137184,results/sim_complete/seed0_calib0.25/metrics_by_domain_alpha0.10.csv
138,0.8695652173913043,0.1304347826086956,9.108695652173912,10.0,11.0,0.3985507246376811,0.0072463768115942,0.9927536231884058,0.0,0.0,0.1515871593596871,109,0.9174311926605504,0.0,temperature_conformal,0.1,target_lighting_shift,0,0.9,-0.0304347826086957,results/sim_complete/seed0_calib0.25/metrics_by_domain_alpha0.10.csv
83,0.9759036144578314,0.0240963855421686,7.168674698795181,8.0,11.799999999999995,0.5783132530120482,0.036144578313253,0.963855421686747,0.0,0.0,0.1470807015839764,73,0.9863013698630136,0.0,temperature_conformal,0.1,target_occluded,0,0.9,0.0759036144578313,results/sim_complete/seed0_calib0.25/metrics_by_domain_alpha0.10.csv
277,0.5090252707581228,0.4909747292418772,1.0,1.0,1.0,0.5090252707581228,1.0,0.0,0.0,0.4909747292418772,0.1766194696789902,201,0.5671641791044776,0.4328358208955223,prompt_only_top1,0.1,target_camera_shift,0,0.9,-0.3909747292418772,results/sim_complete/seed0_calib0.25/metrics_by_domain_alpha0.10.csv
138,0.7681159420289855,0.2318840579710145,1.0,1.0,1.0,0.7681159420289855,1.0,0.0,0.0,0.2318840579710145,0.0577084831973606,109,0.8256880733944955,0.1743119266055046,prompt_only_top1,0.1,target_lighting_shift,0,0.9,-0.1318840579710145,results/sim_complete/seed0_calib0.25/metrics_by_domain_alpha0.10.csv
83,0.6506024096385542,0.3493975903614458,1.0,1.0,1.0,0.6506024096385542,1.0,0.0,0.0,0.3493975903614458,0.0926887658078839,73,0.6712328767123288,0.3287671232876712,prompt_only_top1,0.1,target_occluded,0,0.9,-0.2493975903614458,results/sim_complete/seed0_calib0.25/metrics_by_domain_alpha0.10.csv
277,0.8339350180505415,0.1660649819494585,5.490974729241877,6.0,9.0,0.5090252707581228,0.1010830324909747,0.8989169675090253,0.0,0.003610108303249,0.1766194696789902,201,0.9253731343283582,0.0049751243781094,coras,0.1,target_camera_shift,0,0.9,-0.0660649819494585,results/sim_complete/seed0_calib0.25/metrics_by_domain_alpha0.10.csv
138,0.9420289855072465,0.0579710144927536,4.673913043478261,3.0,10.0,0.7681159420289855,0.3695652173913043,0.6304347826086957,0.0,0.0,0.0577084831973606,109,0.9541284403669724,0.0,coras,0.1,target_lighting_shift,0,0.9,0.0420289855072463,results/sim_complete/seed0_calib0.25/metrics_by_domain_alpha0.10.csv
83,0.9518072289156626,0.0481927710843373,4.27710843373494,5.0,8.0,0.6506024096385542,0.3132530120481928,0.6867469879518072,0.0,0.0120481927710843,0.0926887658078839,73,0.958904109589041,0.0136986301369863,coras,0.1,target_occluded,0,0.9,0.0518072289156625,results/sim_complete/seed0_calib0.25/metrics_by_domain_alpha0.10.csv
277,0.8989169675090253,0.1010830324909747,9.84115523465704,10.0,12.0,0.5090252707581228,0.0144404332129963,0.9855595667870036,0.0,0.0,0.1766194696789902,201,0.9751243781094528,0.0,coras_aps,0.1,target_camera_shift,0,0.9,-0.0010830324909747,results/sim_complete/seed0_calib0.25/metrics_by_domain_alpha0.10.csv
138,0.9710144927536232,0.0289855072463768,7.797101449275362,9.0,11.0,0.7681159420289855,0.1376811594202898,0.8623188405797102,0.0,0.0,0.0577084831973606,109,0.981651376146789,0.0,coras_aps,0.1,target_lighting_shift,0,0.9,0.0710144927536231,results/sim_complete/seed0_calib0.25/metrics_by_domain_alpha0.10.csv
83,1.0,0.0,8.204819277108435,10.0,12.0,0.6506024096385542,0.1325301204819277,0.8674698795180723,0.0,0.0,0.0926887658078839,73,1.0,0.0,coras_aps,0.1,target_occluded,0,0.9,0.0999999999999999,results/sim_complete/seed0_calib0.25/metrics_by_domain_alpha0.10.csv
277,0.8628158844765343,0.1371841155234656,6.8014440433212995,7.0,10.0,0.5090252707581228,0.0685920577617328,0.9314079422382672,0.0,0.003610108303249,0.1766194696789902,201,0.9502487562189056,0.0049751243781094,mondrian_domain,0.1,target_camera_shift,0,0.9,-0.0371841155234656,results/sim_complete/seed0_calib0.25/metrics_by_domain_alpha0.10.csv
138,0.9347826086956522,0.0652173913043477,3.7028985507246377,2.0,9.0,0.7681159420289855,0.4420289855072464,0.5579710144927537,0.0,0.0,0.0577084831973606,109,0.944954128440367,0.0,mondrian_domain,0.1,target_lighting_shift,0,0.9,0.0347826086956521,results/sim_complete/seed0_calib0.25/metrics_by_domain_alpha0.10.csv
83,0.9156626506024096,0.0843373493975904,2.5903614457831323,2.0,5.0,0.6506024096385542,0.4096385542168674,0.5903614457831325,0.0,0.0120481927710843,0.0926887658078839,73,0.9178082191780822,0.0136986301369863,mondrian_domain,0.1,target_occluded,0,0.9,0.0156626506024095,results/sim_complete/seed0_calib0.25/metrics_by_domain_alpha0.10.csv
277,0.5126353790613718,0.4873646209386282,1.0,1.0,1.0,0.5126353790613718,1.0,0.0,0.0,0.4873646209386281,0.2729595180037545,201,0.5870646766169154,0.4129353233830846,top1_singleton,0.2,target_camera_shift,0,0.8,-0.2873646209386282,results/sim_complete/seed0_calib0.25/metrics_by_domain_alpha0.20.csv
138,0.3985507246376811,0.6014492753623188,1.0,1.0,1.0,0.3985507246376811,1.0,0.0,0.0,0.6014492753623188,0.2191059556099351,109,0.4311926605504587,0.5688073394495413,top1_singleton,0.2,target_lighting_shift,0,0.8,-0.4014492753623189,results/sim_complete/seed0_calib0.25/metrics_by_domain_alpha0.20.csv
83,0.5783132530120482,0.4216867469879518,1.0,1.0,1.0,0.5783132530120482,1.0,0.0,0.0,0.4216867469879518,0.2480489195643321,73,0.5753424657534246,0.4246575342465753,top1_singleton,0.2,target_occluded,0,0.8,-0.2216867469879518,results/sim_complete/seed0_calib0.25/metrics_by_domain_alpha0.20.csv
277,0.8231046931407943,0.1768953068592057,6.0,6.0,6.0,0.5126353790613718,0.0,1.0,0.0,0.0,0.2729595180037545,201,0.9253731343283582,0.0,topk_calibrated,0.2,target_camera_shift,0,0.8,0.0231046931407942,results/sim_complete/seed0_calib0.25/metrics_by_domain_alpha0.20.csv
138,0.7681159420289855,0.2318840579710145,6.0,6.0,6.0,0.3985507246376811,0.0,1.0,0.0,0.0,0.2191059556099351,109,0.8440366972477065,0.0,topk_calibrated,0.2,target_lighting_shift,0,0.8,-0.0318840579710145,results/sim_complete/seed0_calib0.25/metrics_by_domain_alpha0.20.csv
83,0.9518072289156626,0.0481927710843373,6.0,6.0,6.0,0.5783132530120482,0.0,1.0,0.0,0.0,0.2480489195643321,73,0.9452054794520548,0.0,topk_calibrated,0.2,target_occluded,0,0.8,0.1518072289156625,results/sim_complete/seed0_calib0.25/metrics_by_domain_alpha0.20.csv
277,0.7617328519855595,0.2382671480144405,3.256317689530686,3.0,6.0,0.5126353790613718,0.259927797833935,0.740072202166065,0.0,0.0649819494584837,0.2729595180037545,201,0.8606965174129353,0.0497512437810945,vanilla_conformal,0.2,target_camera_shift,0,0.8,-0.0382671480144405,results/sim_complete/seed0_calib0.25/metrics_by_domain_alpha0.20.csv
138,0.7536231884057971,0.2463768115942028,4.833333333333333,5.0,7.0,0.3985507246376811,0.0869565217391304,0.9130434782608696,0.0,0.0,0.2191059556099351,109,0.8256880733944955,0.0,vanilla_conformal,0.2,target_lighting_shift,0,0.8,-0.0463768115942029,results/sim_complete/seed0_calib0.25/metrics_by_domain_alpha0.20.csv
83,0.891566265060241,0.108433734939759,3.072289156626506,2.0,6.0,0.5783132530120482,0.3614457831325301,0.6385542168674698,0.0,0.036144578313253,0.2480489195643321,73,0.8904109589041096,0.0410958904109589,vanilla_conformal,0.2,target_occluded,0,0.8,0.0915662650602409,results/sim_complete/seed0_calib0.25/metrics_by_domain_alpha0.20.csv
277,0.851985559566787,0.148014440433213,6.212996389891697,7.0,10.0,0.5126353790613718,0.1588447653429603,0.8411552346570397,0.0,0.0072202166064981,0.2729595180037545,201,0.9502487562189056,0.0,aps_conformal,0.2,target_camera_shift,0,0.8,0.0519855595667869,results/sim_complete/seed0_calib0.25/metrics_by_domain_alpha0.20.csv
138,0.855072463768116,0.144927536231884,8.26086956521739,9.0,10.0,0.3985507246376811,0.036231884057971,0.9637681159420288,0.0,0.0,0.2191059556099351,109,0.926605504587156,0.0,aps_conformal,0.2,target_lighting_shift,0,0.8,0.0550724637681159,results/sim_complete/seed0_calib0.25/metrics_by_domain_alpha0.20.csv
83,0.9759036144578314,0.0240963855421686,6.0602409638554215,6.0,10.0,0.5783132530120482,0.2650602409638554,0.7349397590361446,0.0,0.0,0.2480489195643321,73,0.9863013698630136,0.0,aps_conformal,0.2,target_occluded,0,0.8,0.1759036144578313,results/sim_complete/seed0_calib0.25/metrics_by_domain_alpha0.20.csv
277,0.7833935018050542,0.2166064981949458,3.55956678700361,4.0,6.0,0.5126353790613718,0.1841155234657039,0.8158844765342961,0.0,0.0288808664259927,0.085244787211517,201,0.8805970149253731,0.0199004975124378,temperature_conformal,0.2,target_camera_shift,0,0.8,-0.0166064981949458,results/sim_complete/seed0_calib0.25/metrics_by_domain_alpha0.20.csv
138,0.7681159420289855,0.2318840579710145,4.8478260869565215,5.0,6.0,0.3985507246376811,0.0434782608695652,0.9565217391304348,0.0,0.0,0.1515716909933684,109,0.8440366972477065,0.0,temperature_conformal,0.2,target_lighting_shift,0,0.8,-0.0318840579710145,results/sim_complete/seed0_calib0.25/metrics_by_domain_alpha0.20.csv
83,0.9036144578313252,0.0963855421686746,3.2771084337349397,3.0,6.0,0.5783132530120482,0.2650602409638554,0.7349397590361446,0.0,0.0240963855421686,0.1470737855826813,73,0.9041095890410958,0.0273972602739726,temperature_conformal,0.2,target_occluded,0,0.8,0.1036144578313252,results/sim_complete/seed0_calib0.25/metrics_by_domain_alpha0.20.csv
277,0.5090252707581228,0.4909747292418772,1.0,1.0,1.0,0.5090252707581228,1.0,0.0,0.0,0.4909747292418772,0.1766194696789902,201,0.5671641791044776,0.4328358208955223,prompt_only_top1,0.2,target_camera_shift,0,0.8,-0.2909747292418773,results/sim_complete/seed0_calib0.25/metrics_by_domain_alpha0.20.csv
138,0.7681159420289855,0.2318840579710145,1.0,1.0,1.0,0.7681159420289855,1.0,0.0,0.0,0.2318840579710145,0.0577084831973606,109,0.8256880733944955,0.1743119266055046,prompt_only_top1,0.2,target_lighting_shift,0,0.8,-0.0318840579710145,results/sim_complete/seed0_calib0.25/metrics_by_domain_alpha0.20.csv
83,0.6506024096385542,0.3493975903614458,1.0,1.0,1.0,0.6506024096385542,1.0,0.0,0.0,0.3493975903614458,0.0926887658078839,73,0.6712328767123288,0.3287671232876712,prompt_only_top1,0.2,target_occluded,0,0.8,-0.1493975903614458,results/sim_complete/seed0_calib0.25/metrics_by_domain_alpha0.20.csv
277,0.703971119133574,0.296028880866426,2.472924187725632,2.0,5.0,0.5090252707581228,0.3212996389891697,0.6787003610108303,0.0,0.0830324909747292,0.1766194696789902,201,0.7860696517412935,0.0796019900497512,coras,0.2,target_camera_shift,0,0.8,-0.096028880866426,results/sim_complete/seed0_calib0.25/metrics_by_domain_alpha0.20.csv
138,0.8840579710144928,0.1159420289855072,2.1159420289855073,1.0,4.0,0.7681159420289855,0.5362318840579711,0.463768115942029,0.0,0.0144927536231884,0.0577084831973606,109,0.8990825688073395,0.018348623853211,coras,0.2,target_lighting_shift,0,0.8,0.0840579710144927,results/sim_complete/seed0_calib0.25/metrics_by_domain_alpha0.20.csv
83,0.8795180722891566,0.1204819277108434,2.3012048192771086,2.0,4.0,0.6506024096385542,0.4457831325301205,0.5542168674698795,0.0,0.036144578313253,0.0926887658078839,73,0.8904109589041096,0.0410958904109589,coras,0.2,target_occluded,0,0.8,0.0795180722891565,results/sim_complete/seed0_calib0.25/metrics_by_domain_alpha0.20.csv
277,0.8736462093862816,0.1263537906137184,7.425992779783393,8.0,10.400000000000006,0.5090252707581228,0.0613718411552346,0.9386281588447654,0.0,0.003610108303249,0.1766194696789902,201,0.965174129353234,0.0049751243781094,coras_aps,0.2,target_camera_shift,0,0.8,0.0736462093862815,results/sim_complete/seed0_calib0.25/metrics_by_domain_alpha0.20.csv
138,0.9565217391304348,0.0434782608695651,5.811594202898551,6.0,10.0,0.7681159420289855,0.2681159420289855,0.7318840579710145,0.0,0.0,0.0577084831973606,109,0.9724770642201837,0.0,coras_aps,0.2,target_lighting_shift,0,0.8,0.1565217391304347,results/sim_complete/seed0_calib0.25/metrics_by_domain_alpha0.20.csv
83,0.9759036144578314,0.0240963855421686,6.036144578313253,7.0,10.0,0.6506024096385542,0.253012048192771,0.7469879518072289,0.0,0.0,0.0926887658078839,73,0.9726027397260274,0.0,coras_aps,0.2,target_occluded,0,0.8,0.1759036144578313,results/sim_complete/seed0_calib0.25/metrics_by_domain_alpha0.20.csv
277,0.7436823104693141,0.2563176895306859,3.411552346570397,3.0,6.0,0.5090252707581228,0.1913357400722021,0.8086642599277978,0.0,0.0252707581227436,0.1766194696789902,201,0.8308457711442786,0.0298507462686567,mondrian_domain,0.2,target_camera_shift,0,0.8,-0.0563176895306859,results/sim_complete/seed0_calib0.25/metrics_by_domain_alpha0.20.csv
138,0.8333333333333334,0.1666666666666666,1.565217391304348,1.0,3.0,0.7681159420289855,0.6304347826086957,0.3695652173913043,0.0,0.0289855072463768,0.0577084831973606,109,0.8623853211009175,0.0275229357798165,mondrian_domain,0.2,target_lighting_shift,0,0.8,0.0333333333333333,results/sim_complete/seed0_calib0.25/metrics_by_domain_alpha0.20.csv
83,0.8554216867469879,0.144578313253012,1.6144578313253013,1.0,3.0,0.6506024096385542,0.5542168674698795,0.4457831325301205,0.0,0.0843373493975903,0.0926887658078839,73,0.8767123287671232,0.0684931506849315,mondrian_domain,0.2,target_occluded,0,0.8,0.0554216867469878,results/sim_complete/seed0_calib0.25/metrics_by_domain_alpha0.20.csv
250,0.48,0.52,1.0,1.0,1.0,0.48,1.0,0.0,0.0,0.52,0.2860023636642298,170,0.5470588235294118,0.4529411764705882,top1_singleton,0.05,target_camera_shift,0,0.95,-0.47,results/sim_complete/seed0_calib0.40/metrics_by_domain_alpha0.05.csv
148,0.4121621621621621,0.5878378378378378,1.0,1.0,1.0,0.4121621621621621,1.0,0.0,0.0,0.5878378378378378,0.1543340425120897,109,0.4220183486238532,0.5779816513761468,top1_singleton,0.05,target_lighting_shift,0,0.95,-0.5378378378378378,results/sim_complete/seed0_calib0.40/metrics_by_domain_alpha0.05.csv
85,0.611764705882353,0.388235294117647,1.0,1.0,1.0,0.611764705882353,1.0,0.0,0.0,0.388235294117647,0.1952875609428623,70,0.6428571428571429,0.3571428571428571,top1_singleton,0.05,target_occluded,0,0.95,-0.3382352941176469,results/sim_complete/seed0_calib0.40/metrics_by_domain_alpha0.05.csv
250,0.912,0.0879999999999999,13.0,13.0,13.0,0.48,0.0,1.0,0.0,0.0,0.2860023636642298,170,0.9823529411764704,0.0,topk_calibrated,0.05,target_camera_shift,0,0.95,-0.0379999999999999,results/sim_complete/seed0_calib0.40/metrics_by_domain_alpha0.05.csv
148,0.972972972972973,0.0270270270270269,13.0,13.0,13.0,0.4121621621621621,0.0,1.0,0.0,0.0,0.1543340425120897,109,0.9724770642201837,0.0,topk_calibrated,0.05,target_lighting_shift,0,0.95,0.022972972972973,results/sim_complete/seed0_calib0.40/metrics_by_domain_alpha0.05.csv
85,0.976470588235294,0.0235294117647059,13.0,13.0,13.0,0.611764705882353,0.0,1.0,0.0,0.0,0.1952875609428623,70,0.9857142857142858,0.0,topk_calibrated,0.05,target_occluded,0,0.95,0.0264705882352941,results/sim_complete/seed0_calib0.40/metrics_by_domain_alpha0.05.csv
250,0.896,0.1039999999999999,10.26,11.0,14.0,0.48,0.02,0.98,0.0,0.0,0.2860023636642298,170,0.9823529411764704,0.0,vanilla_conformal,0.05,target_camera_shift,0,0.95,-0.0539999999999999,results/sim_complete/seed0_calib0.40/metrics_by_domain_alpha0.05.csv
148,0.9594594594594594,0.0405405405405405,11.445945945945946,12.0,13.300000000000011,0.4121621621621621,0.0067567567567567,0.9932432432432432,0.0,0.0,0.1543340425120897,109,0.963302752293578,0.0,vanilla_conformal,0.05,target_lighting_shift,0,0.95,0.0094594594594594,results/sim_complete/seed0_calib0.40/metrics_by_domain_alpha0.05.csv
85,0.9647058823529412,0.0352941176470588,9.152941176470588,10.0,15.0,0.611764705882353,0.0823529411764705,0.9176470588235294,0.0,0.0,0.1952875609428623,70,0.9857142857142858,0.0,vanilla_conformal,0.05,target_occluded,0,0.95,0.0147058823529412,results/sim_complete/seed0_calib0.40/metrics_by_domain_alpha0.05.csv
250,0.908,0.0919999999999999,11.728,13.0,14.0,0.48,0.0,1.0,0.0,0.0,0.2860023636642298,170,0.9882352941176472,0.0,aps_conformal,0.05,target_camera_shift,0,0.95,-0.0419999999999999,results/sim_complete/seed0_calib0.40/metrics_by_domain_alpha0.05.csv
148,0.972972972972973,0.0270270270270269,12.08783783783784,13.0,13.0,0.4121621621621621,0.0,1.0,0.0,0.0,0.1543340425120897,109,0.9724770642201837,0.0,aps_conformal,0.05,target_lighting_shift,0,0.95,0.022972972972973,results/sim_complete/seed0_calib0.40/metrics_by_domain_alpha0.05.csv
85,0.9647058823529412,0.0352941176470588,10.8,12.0,14.0,0.611764705882353,0.0,1.0,0.0,0.0,0.1952875609428623,70,0.9857142857142858,0.0,aps_conformal,0.05,target_occluded,0,0.95,0.0147058823529412,results/sim_complete/seed0_calib0.40/metrics_by_domain_alpha0.05.csv
250,0.904,0.0959999999999999,11.268,12.0,14.0,0.48,0.0,1.0,0.0,0.0,0.0881922755411561,170,0.9823529411764704,0.0,temperature_conformal,0.05,target_camera_shift,0,0.95,-0.0459999999999999,results/sim_complete/seed0_calib0.40/metrics_by_domain_alpha0.05.csv
148,0.9256756756756755,0.0743243243243243,11.702702702702704,12.0,13.0,0.4121621621621621,0.0,1.0,0.0,0.0,0.0772340581951588,109,0.926605504587156,0.0,temperature_conformal,0.05,target_lighting_shift,0,0.95,-0.0243243243243242,results/sim_complete/seed0_calib0.40/metrics_by_domain_alpha0.05.csv
85,0.9647058823529412,0.0352941176470588,10.670588235294115,12.0,14.0,0.611764705882353,0.0,1.0,0.0,0.0,0.1238393785453871,70,0.9857142857142858,0.0,temperature_conformal,0.05,target_occluded,0,0.95,0.0147058823529412,results/sim_complete/seed0_calib0.40/metrics_by_domain_alpha0.05.csv
250,0.492,0.508,1.0,1.0,1.0,0.492,1.0,0.0,0.0,0.508,0.1691750616502363,170,0.5588235294117647,0.4411764705882353,prompt_only_top1,0.05,target_camera_shift,0,0.95,-0.4579999999999999,results/sim_complete/seed0_calib0.40/metrics_by_domain_alpha0.05.csv
148,0.75,0.25,1.0,1.0,1.0,0.75,1.0,0.0,0.0,0.25,0.0479196586620503,109,0.8073394495412844,0.1926605504587156,prompt_only_top1,0.05,target_lighting_shift,0,0.95,-0.1999999999999999,results/sim_complete/seed0_calib0.40/metrics_by_domain_alpha0.05.csv
85,0.7176470588235294,0.2823529411764706,1.0,1.0,1.0,0.7176470588235294,1.0,0.0,0.0,0.2823529411764706,0.0881714794021242,70,0.7285714285714285,0.2714285714285714,prompt_only_top1,0.05,target_occluded,0,0.95,-0.2323529411764705,results/sim_complete/seed0_calib0.40/metrics_by_domain_alpha0.05.csv
250,0.924,0.0759999999999999,10.72,11.0,14.0,0.492,0.02,0.98,0.0,0.004,0.1691750616502363,170,0.976470588235294,0.0058823529411764,coras,0.05,target_camera_shift,0,0.95,-0.0259999999999999,results/sim_complete/seed0_calib0.40/metrics_by_domain_alpha0.05.csv
148,0.9797297297297296,0.0202702702702702,8.006756756756756,10.0,13.0,0.75,0.1554054054054054,0.8445945945945946,0.0,0.0,0.0479196586620503,109,0.981651376146789,0.0,coras,0.05,target_lighting_shift,0,0.95,0.0297297297297297,results/sim_complete/seed0_calib0.40/metrics_by_domain_alpha0.05.csv
85,1.0,0.0,7.752941176470588,8.0,13.0,0.7176470588235294,0.1764705882352941,0.8235294117647058,0.0,0.0,0.0881714794021242,70,1.0,0.0,coras,0.05,target_occluded,0,0.95,0.05,results/sim_complete/seed0_calib0.40/metrics_by_domain_alpha0.05.csv
250,0.94,0.06,12.212,12.0,14.0,0.492,0.004,0.996,0.0,0.0,0.1691750616502363,170,0.9882352941176472,0.0,coras_aps,0.05,target_camera_shift,0,0.95,-0.01,results/sim_complete/seed0_calib0.40/metrics_by_domain_alpha0.05.csv
148,0.9932432432432432,0.0067567567567567,10.141891891891891,11.0,13.0,0.75,0.0135135135135135,0.9864864864864864,0.0,0.0,0.0479196586620503,109,1.0,0.0,coras_aps,0.05,target_lighting_shift,0,0.95,0.0432432432432432,results/sim_complete/seed0_calib0.40/metrics_by_domain_alpha0.05.csv
85,1.0,0.0,10.282352941176471,11.0,14.0,0.7176470588235294,0.0235294117647058,0.976470588235294,0.0,0.0,0.0881714794021242,70,1.0,0.0,coras_aps,0.05,target_occluded,0,0.95,0.05,results/sim_complete/seed0_calib0.40/metrics_by_domain_alpha0.05.csv
250,0.96,0.04,13.184,14.0,15.0,0.492,0.0,1.0,0.0,0.0,0.1691750616502363,170,0.9882352941176472,0.0,mondrian_domain,0.05,target_camera_shift,0,0.95,0.01,results/sim_complete/seed0_calib0.40/metrics_by_domain_alpha0.05.csv
148,0.9662162162162162,0.0337837837837837,6.445945945945946,6.5,12.0,0.75,0.277027027027027,0.722972972972973,0.0,0.0,0.0479196586620503,109,0.981651376146789,0.0,mondrian_domain,0.05,target_lighting_shift,0,0.95,0.0162162162162162,results/sim_complete/seed0_calib0.40/metrics_by_domain_alpha0.05.csv
85,0.8941176470588236,0.1058823529411764,3.247058823529412,2.0,7.0,0.7176470588235294,0.4,0.6,0.0,0.0117647058823529,0.0881714794021242,70,0.9142857142857144,0.0142857142857142,mondrian_domain,0.05,target_occluded,0,0.95,-0.0558823529411763,results/sim_complete/seed0_calib0.40/metrics_by_domain_alpha0.05.csv
250,0.48,0.52,1.0,1.0,1.0,0.48,1.0,0.0,0.0,0.52,0.2860023636642298,170,0.5470588235294118,0.4529411764705882,top1_singleton,0.1,target_camera_shift,0,0.9,-0.42,results/sim_complete/seed0_calib0.40/metrics_by_domain_alpha0.10.csv
148,0.4121621621621621,0.5878378378378378,1.0,1.0,1.0,0.4121621621621621,1.0,0.0,0.0,0.5878378378378378,0.1543340425120897,109,0.4220183486238532,0.5779816513761468,top1_singleton,0.1,target_lighting_shift,0,0.9,-0.4878378378378378,results/sim_complete/seed0_calib0.40/metrics_by_domain_alpha0.10.csv
85,0.611764705882353,0.388235294117647,1.0,1.0,1.0,0.611764705882353,1.0,0.0,0.0,0.388235294117647,0.1952875609428623,70,0.6428571428571429,0.3571428571428571,top1_singleton,0.1,target_occluded,0,0.9,-0.288235294117647,results/sim_complete/seed0_calib0.40/metrics_by_domain_alpha0.10.csv
250,0.868,0.132,10.0,10.0,10.0,0.48,0.0,1.0,0.0,0.0,0.2860023636642298,170,0.9588235294117649,0.0,topk_calibrated,0.1,target_camera_shift,0,0.9,-0.032,results/sim_complete/seed0_calib0.40/metrics_by_domain_alpha0.10.csv
148,0.8243243243243243,0.1756756756756756,10.0,10.0,10.0,0.4121621621621621,0.0,1.0,0.0,0.0,0.1543340425120897,109,0.8807339449541285,0.0,topk_calibrated,0.1,target_lighting_shift,0,0.9,-0.0756756756756756,results/sim_complete/seed0_calib0.40/metrics_by_domain_alpha0.10.csv
85,0.9529411764705882,0.0470588235294118,10.0,10.0,10.0,0.611764705882353,0.0,1.0,0.0,0.0,0.1952875609428623,70,0.9714285714285714,0.0,topk_calibrated,0.1,target_occluded,0,0.9,0.0529411764705881,results/sim_complete/seed0_calib0.40/metrics_by_domain_alpha0.10.csv
250,0.852,0.148,7.464,8.0,12.0,0.48,0.076,0.924,0.0,0.008,0.2860023636642298,170,0.9294117647058824,0.0,vanilla_conformal,0.1,target_camera_shift,0,0.9,-0.048,results/sim_complete/seed0_calib0.40/metrics_by_domain_alpha0.10.csv
148,0.8445945945945946,0.1554054054054053,9.635135135135137,11.0,12.0,0.4121621621621621,0.0337837837837837,0.9662162162162162,0.0,0.0,0.1543340425120897,109,0.8899082568807339,0.0,vanilla_conformal,0.1,target_lighting_shift,0,0.9,-0.0554054054054053,results/sim_complete/seed0_calib0.40/metrics_by_domain_alpha0.10.csv
85,0.9294117647058824,0.0705882352941176,6.552941176470588,6.0,12.600000000000009,0.611764705882353,0.2,0.8,0.0,0.0,0.1952875609428623,70,0.9571428571428572,0.0,vanilla_conformal,0.1,target_occluded,0,0.9,0.0294117647058823,results/sim_complete/seed0_calib0.40/metrics_by_domain_alpha0.10.csv
250,0.868,0.132,8.776,10.0,12.0,0.48,0.044,0.956,0.0,0.004,0.2860023636642298,170,0.9529411764705882,0.0,aps_conformal,0.1,target_camera_shift,0,0.9,-0.032,results/sim_complete/seed0_calib0.40/metrics_by_domain_alpha0.10.csv
148,0.8513513513513513,0.1486486486486486,9.891891891891891,11.0,12.0,0.4121621621621621,0.027027027027027,0.972972972972973,0.0,0.0,0.1543340425120897,109,0.8899082568807339,0.0,aps_conformal,0.1,target_lighting_shift,0,0.9,-0.0486486486486487,results/sim_complete/seed0_calib0.40/metrics_by_domain_alpha0.10.csv
85,0.9647058823529412,0.0352941176470588,7.882352941176471,9.0,12.0,0.611764705882353,0.1058823529411764,0.8941176470588236,0.0,0.0,0.1952875609428623,70,0.9857142857142858,0.0,aps_conformal,0.1,target_occluded,0,0.9,0.0647058823529411,results/sim_complete/seed0_calib0.40/metrics_by_domain_alpha0.10.csv
250,0.86,0.14,7.664,8.0,11.0,0.48,0.02,0.98,0.0,0.0,0.0882084165155837,170,0.9470588235294116,0.0,temperature_conformal,0.1,target_camera_shift,0,0.9,-0.04,results/sim_complete/seed0_calib0.40/metrics_by_domain_alpha0.10.csv
148,0.831081081081081,0.1689189189189189,8.864864864864865,10.0,11.0,0.4121621621621621,0.0067567567567567,0.9932432432432432,0.0,0.0,0.0772497585322412,109,0.8807339449541285,0.0,temperature_conformal,0.1,target_lighting_shift,0,0.9,-0.0689189189189189,results/sim_complete/seed0_calib0.40/metrics_by_domain_alpha0.10.csv
85,0.9294117647058824,0.0705882352941176,6.894117647058824,7.0,11.0,0.611764705882353,0.0941176470588235,0.9058823529411764,0.0,0.0,0.1239303415280685,70,0.9571428571428572,0.0,temperature_conformal,0.1,target_occluded,0,0.9,0.0294117647058823,results/sim_complete/seed0_calib0.40/metrics_by_domain_alpha0.10.csv
250,0.492,0.508,1.0,1.0,1.0,0.492,1.0,0.0,0.0,0.508,0.1691750616502363,170,0.5588235294117647,0.4411764705882353,prompt_only_top1,0.1,target_camera_shift,0,0.9,-0.408,results/sim_complete/seed0_calib0.40/metrics_by_domain_alpha0.10.csv
148,0.75,0.25,1.0,1.0,1.0,0.75,1.0,0.0,0.0,0.25,0.0479196586620503,109,0.8073394495412844,0.1926605504587156,prompt_only_top1,0.1,target_lighting_shift,0,0.9,-0.15,results/sim_complete/seed0_calib0.40/metrics_by_domain_alpha0.10.csv
85,0.7176470588235294,0.2823529411764706,1.0,1.0,1.0,0.7176470588235294,1.0,0.0,0.0,0.2823529411764706,0.0881714794021242,70,0.7285714285714285,0.2714285714285714,prompt_only_top1,0.1,target_occluded,0,0.9,-0.1823529411764706,results/sim_complete/seed0_calib0.40/metrics_by_domain_alpha0.10.csv
250,0.832,0.168,5.948,6.0,10.0,0.492,0.08,0.92,0.0,0.012,0.1691750616502363,170,0.9176470588235294,0.0176470588235294,coras,0.1,target_camera_shift,0,0.9,-0.068,results/sim_complete/seed0_calib0.40/metrics_by_domain_alpha0.10.csv
148,0.9391891891891893,0.0608108108108108,4.871621621621622,3.0,10.0,0.75,0.3445945945945945,0.6554054054054054,0.0,0.0,0.0479196586620503,109,0.9724770642201837,0.0,coras,0.1,target_lighting_shift,0,0.9,0.0391891891891891,results/sim_complete/seed0_calib0.40/metrics_by_domain_alpha0.10.csv
85,0.8941176470588236,0.1058823529411764,3.6705882352941175,3.0,8.0,0.7176470588235294,0.3764705882352941,0.6235294117647059,0.0,0.0117647058823529,0.0881714794021242,70,0.9142857142857144,0.0142857142857142,coras,0.1,target_occluded,0,0.9,-0.0058823529411764,results/sim_complete/seed0_calib0.40/metrics_by_domain_alpha0.10.csv
250,0.904,0.0959999999999999,10.308,11.0,13.0,0.492,0.004,0.996,0.0,0.0,0.1691750616502363,170,0.9588235294117649,0.0,coras_aps,0.1,target_camera_shift,0,0.9,0.004,results/sim_complete/seed0_calib0.40/metrics_by_domain_alpha0.10.csv
148,0.9662162162162162,0.0337837837837837,7.824324324324325,9.0,12.0,0.75,0.1351351351351351,0.8648648648648649,0.0,0.0,0.0479196586620503,109,0.9724770642201837,0.0,coras_aps,0.1,target_lighting_shift,0,0.9,0.0662162162162162,results/sim_complete/seed0_calib0.40/metrics_by_domain_alpha0.10.csv
85,1.0,0.0,7.823529411764706,9.0,12.0,0.7176470588235294,0.1058823529411764,0.8941176470588236,0.0,0.0,0.0881714794021242,70,1.0,0.0,coras_aps,0.1,target_occluded,0,0.9,0.0999999999999999,results/sim_complete/seed0_calib0.40/metrics_by_domain_alpha0.10.csv
250,0.88,0.12,8.152,8.0,12.0,0.492,0.032,0.968,0.0,0.008,0.1691750616502363,170,0.9647058823529412,0.0117647058823529,mondrian_domain,0.1,target_camera_shift,0,0.9,-0.02,results/sim_complete/seed0_calib0.40/metrics_by_domain_alpha0.10.csv
148,0.8783783783783784,0.1216216216216216,3.297297297297298,2.0,7.0,0.75,0.4729729729729729,0.527027027027027,0.0,0.0067567567567567,0.0479196586620503,109,0.926605504587156,0.0,mondrian_domain,0.1,target_lighting_shift,0,0.9,-0.0216216216216216,results/sim_complete/seed0_calib0.40/metrics_by_domain_alpha0.10.csv
85,0.8823529411764706,0.1176470588235294,2.1882352941176473,1.0,5.0,0.7176470588235294,0.5176470588235295,0.4823529411764706,0.0,0.0117647058823529,0.0881714794021242,70,0.9142857142857144,0.0142857142857142,mondrian_domain,0.1,target_occluded,0,0.9,-0.0176470588235294,results/sim_complete/seed0_calib0.40/metrics_by_domain_alpha0.10.csv
250,0.48,0.52,1.0,1.0,1.0,0.48,1.0,0.0,0.0,0.52,0.2860023636642298,170,0.5470588235294118,0.4529411764705882,top1_singleton,0.2,target_camera_shift,0,0.8,-0.32,results/sim_complete/seed0_calib0.40/metrics_by_domain_alpha0.20.csv
148,0.4121621621621621,0.5878378378378378,1.0,1.0,1.0,0.4121621621621621,1.0,0.0,0.0,0.5878378378378378,0.1543340425120897,109,0.4220183486238532,0.5779816513761468,top1_singleton,0.2,target_lighting_shift,0,0.8,-0.3878378378378379,results/sim_complete/seed0_calib0.40/metrics_by_domain_alpha0.20.csv
85,0.611764705882353,0.388235294117647,1.0,1.0,1.0,0.611764705882353,1.0,0.0,0.0,0.388235294117647,0.1952875609428623,70,0.6428571428571429,0.3571428571428571,top1_singleton,0.2,target_occluded,0,0.8,-0.188235294117647,results/sim_complete/seed0_calib0.40/metrics_by_domain_alpha0.20.csv
250,0.816,0.184,6.0,6.0,6.0,0.48,0.0,1.0,0.0,0.0,0.2860023636642298,170,0.9058823529411764,0.0,topk_calibrated,0.2,target_camera_shift,0,0.8,0.0159999999999999,results/sim_complete/seed0_calib0.40/metrics_by_domain_alpha0.20.csv
148,0.7027027027027027,0.2972972972972972,6.0,6.0,6.0,0.4121621621621621,0.0,1.0,0.0,0.0,0.1543340425120897,109,0.7889908256880734,0.0,topk_calibrated,0.2,target_lighting_shift,0,0.8,-0.0972972972972973,results/sim_complete/seed0_calib0.40/metrics_by_domain_alpha0.20.csv
85,0.9176470588235294,0.0823529411764706,6.0,6.0,6.0,0.611764705882353,0.0,1.0,0.0,0.0,0.1952875609428623,70,0.9428571428571428,0.0,topk_calibrated,0.2,target_occluded,0,0.8,0.1176470588235293,results/sim_complete/seed0_calib0.40/metrics_by_domain_alpha0.20.csv
250,0.756,0.244,3.484,3.0,7.0,0.48,0.244,0.756,0.0,0.06,0.2860023636642298,170,0.8529411764705882,0.0352941176470588,vanilla_conformal,0.2,target_camera_shift,0,0.8,-0.044,results/sim_complete/seed0_calib0.40/metrics_by_domain_alpha0.20.csv
148,0.6756756756756757,0.3243243243243243,4.77027027027027,5.0,7.0,0.4121621621621621,0.1283783783783783,0.8716216216216216,0.0,0.0067567567567567,0.1543340425120897,109,0.7614678899082569,0.0091743119266055,vanilla_conformal,0.2,target_lighting_shift,0,0.8,-0.1243243243243243,results/sim_complete/seed0_calib0.40/metrics_by_domain_alpha0.20.csv
85,0.8941176470588236,0.1058823529411764,2.9411764705882355,2.0,6.0,0.611764705882353,0.4352941176470588,0.5647058823529412,0.0,0.0352941176470588,0.1952875609428623,70,0.9285714285714286,0.0285714285714285,vanilla_conformal,0.2,target_occluded,0,0.8,0.0941176470588235,results/sim_complete/seed0_calib0.40/metrics_by_domain_alpha0.20.csv
250,0.848,0.152,6.436,7.0,10.0,0.48,0.16,0.84,0.0,0.02,0.2860023636642298,170,0.9294117647058824,0.0058823529411764,aps_conformal,0.2,target_camera_shift,0,0.8,0.0479999999999999,results/sim_complete/seed0_calib0.40/metrics_by_domain_alpha0.20.csv
148,0.7972972972972973,0.2027027027027027,8.027027027027026,9.0,10.0,0.4121621621621621,0.081081081081081,0.918918918918919,0.0,0.0,0.1543340425120897,109,0.8623853211009175,0.0,aps_conformal,0.2,target_lighting_shift,0,0.8,-0.0027027027027027,results/sim_complete/seed0_calib0.40/metrics_by_domain_alpha0.20.csv
85,0.9294117647058824,0.0705882352941176,5.658823529411765,6.0,10.0,0.611764705882353,0.2823529411764706,0.7176470588235294,0.0,0.0,0.1952875609428623,70,0.9571428571428572,0.0,aps_conformal,0.2,target_occluded,0,0.8,0.1294117647058823,results/sim_complete/seed0_calib0.40/metrics_by_domain_alpha0.20.csv
250,0.772,0.2279999999999999,3.692,4.0,6.0,0.48,0.172,0.828,0.0,0.032,0.0882032361837746,170,0.8647058823529412,0.0176470588235294,temperature_conformal,0.2,target_camera_shift,0,0.8,-0.028,results/sim_complete/seed0_calib0.40/metrics_by_domain_alpha0.20.csv
148,0.6756756756756757,0.3243243243243243,4.722972972972973,5.0,6.0,0.4121621621621621,0.081081081081081,0.918918918918919,0.0,0.0067567567567567,0.0772447197905578,109,0.7614678899082569,0.0091743119266055,temperature_conformal,0.2,target_lighting_shift,0,0.8,-0.1243243243243243,results/sim_complete/seed0_calib0.40/metrics_by_domain_alpha0.20.csv
85,0.8941176470588236,0.1058823529411764,3.235294117647059,3.0,6.0,0.611764705882353,0.2941176470588235,0.7058823529411765,0.0,0.0117647058823529,0.1239011547275422,70,0.9285714285714286,0.0142857142857142,temperature_conformal,0.2,target_occluded,0,0.8,0.0941176470588235,results/sim_complete/seed0_calib0.40/metrics_by_domain_alpha0.20.csv
250,0.492,0.508,1.0,1.0,1.0,0.492,1.0,0.0,0.0,0.508,0.1691750616502363,170,0.5588235294117647,0.4411764705882353,prompt_only_top1,0.2,target_camera_shift,0,0.8,-0.308,results/sim_complete/seed0_calib0.40/metrics_by_domain_alpha0.20.csv
148,0.75,0.25,1.0,1.0,1.0,0.75,1.0,0.0,0.0,0.25,0.0479196586620503,109,0.8073394495412844,0.1926605504587156,prompt_only_top1,0.2,target_lighting_shift,0,0.8,-0.05,results/sim_complete/seed0_calib0.40/metrics_by_domain_alpha0.20.csv
85,0.7176470588235294,0.2823529411764706,1.0,1.0,1.0,0.7176470588235294,1.0,0.0,0.0,0.2823529411764706,0.0881714794021242,70,0.7285714285714285,0.2714285714285714,prompt_only_top1,0.2,target_occluded,0,0.8,-0.0823529411764706,results/sim_complete/seed0_calib0.40/metrics_by_domain_alpha0.20.csv
250,0.708,0.292,2.84,2.0,5.0,0.492,0.26,0.74,0.0,0.06,0.1691750616502363,170,0.7941176470588235,0.0705882352941176,coras,0.2,target_camera_shift,0,0.8,-0.092,results/sim_complete/seed0_calib0.40/metrics_by_domain_alpha0.20.csv
148,0.8581081081081081,0.1418918918918918,2.418918918918919,1.0,5.0,0.75,0.5405405405405406,0.4594594594594595,0.0,0.0135135135135135,0.0479196586620503,109,0.9174311926605504,0.0,coras,0.2,target_lighting_shift,0,0.8,0.058108108108108,results/sim_complete/seed0_calib0.40/metrics_by_domain_alpha0.20.csv
85,0.8823529411764706,0.1176470588235294,2.1058823529411765,1.0,5.0,0.7176470588235294,0.5176470588235295,0.4823529411764706,0.0,0.0117647058823529,0.0881714794021242,70,0.9142857142857144,0.0142857142857142,coras,0.2,target_occluded,0,0.8,0.0823529411764705,results/sim_complete/seed0_calib0.40/metrics_by_domain_alpha0.20.csv
250,0.872,0.128,7.964,9.0,11.0,0.492,0.028,0.972,0.0,0.004,0.1691750616502363,170,0.9470588235294116,0.0058823529411764,coras_aps,0.2,target_camera_shift,0,0.8,0.0719999999999999,results/sim_complete/seed0_calib0.40/metrics_by_domain_alpha0.20.csv
148,0.9527027027027029,0.0472972972972972,6.033783783783784,7.0,10.300000000000011,0.75,0.2905405405405405,0.7094594594594594,0.0,0.0,0.0479196586620503,109,0.9724770642201837,0.0,coras_aps,0.2,target_lighting_shift,0,0.8,0.1527027027027027,results/sim_complete/seed0_calib0.40/metrics_by_domain_alpha0.20.csv
85,0.9529411764705882,0.0470588235294118,5.505882352941176,5.0,10.0,0.7176470588235294,0.2705882352941176,0.7294117647058823,0.0,0.0,0.0881714794021242,70,0.9571428571428572,0.0,coras_aps,0.2,target_occluded,0,0.8,0.1529411764705881,results/sim_complete/seed0_calib0.40/metrics_by_domain_alpha0.20.csv
250,0.772,0.2279999999999999,4.352,4.0,8.0,0.492,0.14,0.86,0.0,0.024,0.1691750616502363,170,0.8529411764705882,0.0294117647058823,mondrian_domain,0.2,target_camera_shift,0,0.8,-0.028,results/sim_complete/seed0_calib0.40/metrics_by_domain_alpha0.20.csv
148,0.8108108108108109,0.1891891891891891,1.587837837837838,1.0,3.0,0.75,0.6824324324324325,0.3175675675675675,0.0,0.0608108108108108,0.0479196586620503,109,0.8623853211009175,0.0275229357798165,mondrian_domain,0.2,target_lighting_shift,0,0.8,0.0108108108108108,results/sim_complete/seed0_calib0.40/metrics_by_domain_alpha0.20.csv
85,0.8235294117647058,0.1764705882352941,1.423529411764706,1.0,3.0,0.7176470588235294,0.7176470588235294,0.2823529411764706,0.0,0.1058823529411764,0.0881714794021242,70,0.8571428571428571,0.0857142857142857,mondrian_domain,0.2,target_occluded,0,0.8,0.0235294117647058,results/sim_complete/seed0_calib0.40/metrics_by_domain_alpha0.20.csv
234,0.5213675213675214,0.4786324786324786,1.0,1.0,1.0,0.5213675213675214,1.0,0.0,0.0,0.4786324786324786,0.1889501473619052,170,0.5529411764705883,0.4470588235294118,top1_singleton,0.05,target_camera_shift,1,0.95,-0.4286324786324785,results/sim_complete/seed1_calib0.10/metrics_by_domain_alpha0.05.csv
153,0.4313725490196078,0.5686274509803921,1.0,1.0,1.0,0.4313725490196078,1.0,0.0,0.0,0.5686274509803921,0.1316793726491942,107,0.5046728971962616,0.4953271028037383,top1_singleton,0.05,target_lighting_shift,1,0.95,-0.5186274509803921,results/sim_complete/seed1_calib0.10/metrics_by_domain_alpha0.05.csv
84,0.6190476190476191,0.3809523809523809,1.0,1.0,1.0,0.6190476190476191,1.0,0.0,0.0,0.3809523809523809,0.265059300351615,63,0.5873015873015873,0.4126984126984127,top1_singleton,0.05,target_occluded,1,0.95,-0.3309523809523809,results/sim_complete/seed1_calib0.10/metrics_by_domain_alpha0.05.csv
234,0.9615384615384616,0.0384615384615384,14.0,14.0,14.0,0.5213675213675214,0.0,1.0,0.0,0.0,0.1889501473619052,170,0.9705882352941176,0.0,topk_calibrated,0.05,target_camera_shift,1,0.95,0.0115384615384616,results/sim_complete/seed1_calib0.10/metrics_by_domain_alpha0.05.csv
153,1.0,0.0,14.0,14.0,14.0,0.4313725490196078,0.0,1.0,0.0,0.0,0.1316793726491942,107,1.0,0.0,topk_calibrated,0.05,target_lighting_shift,1,0.95,0.05,results/sim_complete/seed1_calib0.10/metrics_by_domain_alpha0.05.csv
84,1.0,0.0,14.0,14.0,14.0,0.6190476190476191,0.0,1.0,0.0,0.0,0.265059300351615,63,1.0,0.0,topk_calibrated,0.05,target_occluded,1,0.95,0.05,results/sim_complete/seed1_calib0.10/metrics_by_domain_alpha0.05.csv
234,0.9572649572649572,0.0427350427350426,13.397435897435898,15.0,16.0,0.5213675213675214,0.0,1.0,0.0,0.0,0.1889501473619052,170,0.9941176470588236,0.0,vanilla_conformal,0.05,target_camera_shift,1,0.95,0.0072649572649573,results/sim_complete/seed1_calib0.10/metrics_by_domain_alpha0.05.csv
153,1.0,0.0,15.450980392156865,16.0,16.0,0.4313725490196078,0.0,1.0,0.0,0.0,0.1316793726491942,107,1.0,0.0,vanilla_conformal,0.05,target_lighting_shift,1,0.95,0.05,results/sim_complete/seed1_calib0.10/metrics_by_domain_alpha0.05.csv
84,0.988095238095238,0.0119047619047618,10.047619047619047,12.0,15.0,0.6190476190476191,0.0238095238095238,0.9761904761904762,0.0,0.0,0.265059300351615,63,0.984126984126984,0.0,vanilla_conformal,0.05,target_occluded,1,0.95,0.0380952380952381,results/sim_complete/seed1_calib0.10/metrics_by_domain_alpha0.05.csv
234,0.9529914529914528,0.047008547008547,14.14102564102564,14.0,15.0,0.5213675213675214,0.0,1.0,0.0,0.0,0.1889501473619052,170,0.9823529411764704,0.0,aps_conformal,0.05,target_camera_shift,1,0.95,0.0029914529914529,results/sim_complete/seed1_calib0.10/metrics_by_domain_alpha0.05.csv
153,1.0,0.0,14.84967320261438,15.0,15.0,0.4313725490196078,0.0,1.0,0.0,0.0,0.1316793726491942,107,1.0,0.0,aps_conformal,0.05,target_lighting_shift,1,0.95,0.05,results/sim_complete/seed1_calib0.10/metrics_by_domain_alpha0.05.csv
84,0.988095238095238,0.0119047619047618,12.607142857142858,13.0,14.0,0.6190476190476191,0.0,1.0,0.0,0.0,0.265059300351615,63,0.984126984126984,0.0,aps_conformal,0.05,target_occluded,1,0.95,0.0380952380952381,results/sim_complete/seed1_calib0.10/metrics_by_domain_alpha0.05.csv
234,0.9487179487179488,0.0512820512820513,13.73076923076923,14.0,16.0,0.5213675213675214,0.0,1.0,0.0,0.0,0.0887401093572475,170,0.9882352941176472,0.0,temperature_conformal,0.05,target_camera_shift,1,0.95,-0.0012820512820512,results/sim_complete/seed1_calib0.10/metrics_by_domain_alpha0.05.csv
153,1.0,0.0,14.797385620915032,15.0,16.0,0.4313725490196078,0.0,1.0,0.0,0.0,0.21615114973019,107,1.0,0.0,temperature_conformal,0.05,target_lighting_shift,1,0.95,0.05,results/sim_complete/seed1_calib0.10/metrics_by_domain_alpha0.05.csv
84,0.988095238095238,0.0119047619047618,11.55952380952381,13.0,14.0,0.6190476190476191,0.0,1.0,0.0,0.0,0.1519157983569925,63,0.984126984126984,0.0,temperature_conformal,0.05,target_occluded,1,0.95,0.0380952380952381,results/sim_complete/seed1_calib0.10/metrics_by_domain_alpha0.05.csv
234,0.5213675213675214,0.4786324786324786,1.0,1.0,1.0,0.5213675213675214,1.0,0.0,0.0,0.4786324786324786,0.2082601232855816,170,0.5529411764705883,0.4470588235294118,prompt_only_top1,0.05,target_camera_shift,1,0.95,-0.4286324786324785,results/sim_complete/seed1_calib0.10/metrics_by_domain_alpha0.05.csv
153,0.6993464052287581,0.3006535947712418,1.0,1.0,1.0,0.6993464052287581,1.0,0.0,0.0,0.3006535947712418,0.0939633975435953,107,0.794392523364486,0.205607476635514,prompt_only_top1,0.05,target_lighting_shift,1,0.95,-0.2506535947712418,results/sim_complete/seed1_calib0.10/metrics_by_domain_alpha0.05.csv
84,0.6904761904761905,0.3095238095238095,1.0,1.0,1.0,0.6904761904761905,1.0,0.0,0.0,0.3095238095238095,0.1368045103162067,63,0.6825396825396826,0.3174603174603174,prompt_only_top1,0.05,target_occluded,1,0.95,-0.2595238095238095,results/sim_complete/seed1_calib0.10/metrics_by_domain_alpha0.05.csv
234,0.9487179487179488,0.0512820512820513,10.61111111111111,11.0,14.0,0.5213675213675214,0.0085470085470085,0.9914529914529916,0.0,0.0,0.2082601232855816,170,0.9882352941176472,0.0,coras,0.05,target_camera_shift,1,0.95,-0.0012820512820512,results/sim_complete/seed1_calib0.10/metrics_by_domain_alpha0.05.csv
153,1.0,0.0,9.738562091503267,11.0,14.0,0.6993464052287581,0.0980392156862745,0.9019607843137256,0.0,0.0,0.0939633975435953,107,1.0,0.0,coras,0.05,target_lighting_shift,1,0.95,0.05,results/sim_complete/seed1_calib0.10/metrics_by_domain_alpha0.05.csv
84,1.0,0.0,9.285714285714286,11.0,14.0,0.6904761904761905,0.0595238095238095,0.9404761904761904,0.0,0.0,0.1368045103162067,63,1.0,0.0,coras,0.05,target_occluded,1,0.95,0.05,results/sim_complete/seed1_calib0.10/metrics_by_domain_alpha0.05.csv
234,0.9444444444444444,0.0555555555555555,11.717948717948715,12.0,14.0,0.5213675213675214,0.0,1.0,0.0,0.0,0.2082601232855816,170,0.9882352941176472,0.0,coras_aps,0.05,target_camera_shift,1,0.95,-0.0055555555555555,results/sim_complete/seed1_calib0.10/metrics_by_domain_alpha0.05.csv
153,1.0,0.0,11.11111111111111,13.0,14.0,0.6993464052287581,0.0261437908496732,0.9738562091503268,0.0,0.0,0.0939633975435953,107,1.0,0.0,coras_aps,0.05,target_lighting_shift,1,0.95,0.05,results/sim_complete/seed1_calib0.10/metrics_by_domain_alpha0.05.csv
84,1.0,0.0,10.86904761904762,12.0,14.0,0.6904761904761905,0.0238095238095238,0.9761904761904762,0.0,0.0,0.1368045103162067,63,1.0,0.0,coras_aps,0.05,target_occluded,1,0.95,0.05,results/sim_complete/seed1_calib0.10/metrics_by_domain_alpha0.05.csv
234,0.9786324786324786,0.0213675213675214,13.64102564102564,14.0,16.0,0.5213675213675214,0.0,1.0,0.0,0.0,0.2082601232855816,170,1.0,0.0,mondrian_domain,0.05,target_camera_shift,1,0.95,0.0286324786324786,results/sim_complete/seed1_calib0.10/metrics_by_domain_alpha0.05.csv
153,0.9281045751633988,0.0718954248366012,5.738562091503268,6.0,10.0,0.6993464052287581,0.2679738562091503,0.7320261437908496,0.0,0.0065359477124183,0.0939633975435953,107,0.97196261682243,0.0093457943925233,mondrian_domain,0.05,target_lighting_shift,1,0.95,-0.0218954248366012,results/sim_complete/seed1_calib0.10/metrics_by_domain_alpha0.05.csv
84,1.0,0.0,11.416666666666666,13.5,16.0,0.6904761904761905,0.0238095238095238,0.9761904761904762,0.0,0.0,0.1368045103162067,63,1.0,0.0,mondrian_domain,0.05,target_occluded,1,0.95,0.05,results/sim_complete/seed1_calib0.10/metrics_by_domain_alpha0.05.csv
234,0.5213675213675214,0.4786324786324786,1.0,1.0,1.0,0.5213675213675214,1.0,0.0,0.0,0.4786324786324786,0.1889501473619052,170,0.5529411764705883,0.4470588235294118,top1_singleton,0.1,target_camera_shift,1,0.9,-0.3786324786324786,results/sim_complete/seed1_calib0.10/metrics_by_domain_alpha0.10.csv
153,0.4313725490196078,0.5686274509803921,1.0,1.0,1.0,0.4313725490196078,1.0,0.0,0.0,0.5686274509803921,0.1316793726491942,107,0.5046728971962616,0.4953271028037383,top1_singleton,0.1,target_lighting_shift,1,0.9,-0.4686274509803921,results/sim_complete/seed1_calib0.10/metrics_by_domain_alpha0.10.csv
84,0.6190476190476191,0.3809523809523809,1.0,1.0,1.0,0.6190476190476191,1.0,0.0,0.0,0.3809523809523809,0.265059300351615,63,0.5873015873015873,0.4126984126984127,top1_singleton,0.1,target_occluded,1,0.9,-0.2809523809523809,results/sim_complete/seed1_calib0.10/metrics_by_domain_alpha0.10.csv
234,0.8846153846153846,0.1153846153846154,12.0,12.0,12.0,0.5213675213675214,0.0,1.0,0.0,0.0,0.1889501473619052,170,0.9411764705882352,0.0,topk_calibrated,0.1,target_camera_shift,1,0.9,-0.0153846153846154,results/sim_complete/seed1_calib0.10/metrics_by_domain_alpha0.10.csv
153,0.9411764705882352,0.0588235294117647,12.0,12.0,12.0,0.4313725490196078,0.0,1.0,0.0,0.0,0.1316793726491942,107,0.9252336448598132,0.0,topk_calibrated,0.1,target_lighting_shift,1,0.9,0.0411764705882352,results/sim_complete/seed1_calib0.10/metrics_by_domain_alpha0.10.csv
84,0.988095238095238,0.0119047619047618,12.0,12.0,12.0,0.6190476190476191,0.0,1.0,0.0,0.0,0.265059300351615,63,0.984126984126984,0.0,topk_calibrated,0.1,target_occluded,1,0.9,0.0880952380952381,results/sim_complete/seed1_calib0.10/metrics_by_domain_alpha0.10.csv
234,0.8290598290598291,0.1709401709401709,8.384615384615385,10.0,13.0,0.5213675213675214,0.0598290598290598,0.9401709401709402,0.0,0.017094017094017,0.1889501473619052,170,0.9,0.0058823529411764,vanilla_conformal,0.1,target_camera_shift,1,0.9,-0.0709401709401709,results/sim_complete/seed1_calib0.10/metrics_by_domain_alpha0.10.csv
153,0.9803921568627452,0.0196078431372549,11.594771241830063,12.0,13.0,0.4313725490196078,0.0130718954248366,0.9869281045751634,0.0,0.0,0.1316793726491942,107,0.9813084112149532,0.0,vanilla_conformal,0.1,target_lighting_shift,1,0.9,0.080392156862745,results/sim_complete/seed1_calib0.10/metrics_by_domain_alpha0.10.csv
84,0.9404761904761904,0.0595238095238095,5.619047619047619,5.5,11.0,0.6190476190476191,0.2142857142857142,0.7857142857142857,0.0,0.0,0.265059300351615,63,0.9206349206349206,0.0,vanilla_conformal,0.1,target_occluded,1,0.9,0.0404761904761904,results/sim_complete/seed1_calib0.10/metrics_by_domain_alpha0.10.csv
234,0.8547008547008547,0.1452991452991453,9.341880341880342,10.0,12.0,0.5213675213675214,0.0256410256410256,0.9743589743589745,0.0,0.0042735042735042,0.1889501473619052,170,0.9176470588235294,0.0,aps_conformal,0.1,target_camera_shift,1,0.9,-0.0452991452991453,results/sim_complete/seed1_calib0.10/metrics_by_domain_alpha0.10.csv
153,0.9869281045751634,0.0130718954248365,11.607843137254902,12.0,13.0,0.4313725490196078,0.0,1.0,0.0,0.0,0.1316793726491942,107,0.9906542056074766,0.0,aps_conformal,0.1,target_lighting_shift,1,0.9,0.0869281045751634,results/sim_complete/seed1_calib0.10/metrics_by_domain_alpha0.10.csv
84,0.9523809523809524,0.0476190476190476,6.535714285714286,8.0,11.0,0.6190476190476191,0.2142857142857142,0.7857142857142857,0.0,0.0,0.265059300351615,63,0.9365079365079364,0.0,aps_conformal,0.1,target_occluded,1,0.9,0.0523809523809523,results/sim_complete/seed1_calib0.10/metrics_by_domain_alpha0.10.csv
234,0.8717948717948718,0.1282051282051282,10.260683760683762,11.0,13.0,0.5213675213675214,0.0,1.0,0.0,0.0,0.088682545968895,170,0.9352941176470588,0.0,temperature_conformal,0.1,target_camera_shift,1,0.9,-0.0282051282051282,results/sim_complete/seed1_calib0.10/metrics_by_domain_alpha0.10.csv
153,0.9607843137254902,0.0392156862745097,11.84967320261438,12.0,13.0,0.4313725490196078,0.0,1.0,0.0,0.0,0.2160897812886109,107,0.9626168224299064,0.0,temperature_conformal,0.1,target_lighting_shift,1,0.9,0.0607843137254902,results/sim_complete/seed1_calib0.10/metrics_by_domain_alpha0.10.csv
84,0.9642857142857144,0.0357142857142857,7.761904761904762,9.0,12.0,0.6190476190476191,0.0595238095238095,0.9404761904761904,0.0,0.0,0.1518394917940948,63,0.9523809523809524,0.0,temperature_conformal,0.1,target_occluded,1,0.9,0.0642857142857142,results/sim_complete/seed1_calib0.10/metrics_by_domain_alpha0.10.csv
234,0.5213675213675214,0.4786324786324786,1.0,1.0,1.0,0.5213675213675214,1.0,0.0,0.0,0.4786324786324786,0.2082601232855816,170,0.5529411764705883,0.4470588235294118,prompt_only_top1,0.1,target_camera_shift,1,0.9,-0.3786324786324786,results/sim_complete/seed1_calib0.10/metrics_by_domain_alpha0.10.csv
153,0.6993464052287581,0.3006535947712418,1.0,1.0,1.0,0.6993464052287581,1.0,0.0,0.0,0.3006535947712418,0.0939633975435953,107,0.794392523364486,0.205607476635514,prompt_only_top1,0.1,target_lighting_shift,1,0.9,-0.2006535947712419,results/sim_complete/seed1_calib0.10/metrics_by_domain_alpha0.10.csv
84,0.6904761904761905,0.3095238095238095,1.0,1.0,1.0,0.6904761904761905,1.0,0.0,0.0,0.3095238095238095,0.1368045103162067,63,0.6825396825396826,0.3174603174603174,prompt_only_top1,0.1,target_occluded,1,0.9,-0.2095238095238095,results/sim_complete/seed1_calib0.10/metrics_by_domain_alpha0.10.csv
234,0.8632478632478633,0.1367521367521367,7.1068376068376065,7.0,12.0,0.5213675213675214,0.0598290598290598,0.9401709401709402,0.0,0.0042735042735042,0.2082601232855816,170,0.9411764705882352,0.0,coras,0.1,target_camera_shift,1,0.9,-0.0367521367521367,results/sim_complete/seed1_calib0.10/metrics_by_domain_alpha0.10.csv
153,0.954248366013072,0.045751633986928,7.137254901960785,9.0,11.0,0.6993464052287581,0.2156862745098039,0.7843137254901961,0.0,0.0,0.0939633975435953,107,0.97196261682243,0.0,coras,0.1,target_lighting_shift,1,0.9,0.0542483660130719,results/sim_complete/seed1_calib0.10/metrics_by_domain_alpha0.10.csv
84,1.0,0.0,6.083333333333333,6.0,11.0,0.6904761904761905,0.25,0.75,0.0,0.0,0.1368045103162067,63,1.0,0.0,coras,0.1,target_occluded,1,0.9,0.0999999999999999,results/sim_complete/seed1_calib0.10/metrics_by_domain_alpha0.10.csv
234,0.9230769230769232,0.0769230769230768,9.786324786324789,10.0,13.0,0.5213675213675214,0.0042735042735042,0.9957264957264956,0.0,0.0,0.2082601232855816,170,0.9705882352941176,0.0,coras_aps,0.1,target_camera_shift,1,0.9,0.0230769230769231,results/sim_complete/seed1_calib0.10/metrics_by_domain_alpha0.10.csv
153,0.9869281045751634,0.0130718954248365,8.954248366013072,11.0,13.0,0.6993464052287581,0.1045751633986928,0.8954248366013072,0.0,0.0,0.0939633975435953,107,1.0,0.0,coras_aps,0.1,target_lighting_shift,1,0.9,0.0869281045751634,results/sim_complete/seed1_calib0.10/metrics_by_domain_alpha0.10.csv
84,1.0,0.0,8.607142857142858,10.0,13.0,0.6904761904761905,0.1071428571428571,0.8928571428571429,0.0,0.0,0.1368045103162067,63,1.0,0.0,coras_aps,0.1,target_occluded,1,0.9,0.0999999999999999,results/sim_complete/seed1_calib0.10/metrics_by_domain_alpha0.10.csv
234,0.9487179487179488,0.0512820512820513,10.551282051282053,11.0,14.0,0.5213675213675214,0.0085470085470085,0.9914529914529916,0.0,0.0,0.2082601232855816,170,0.9882352941176472,0.0,mondrian_domain,0.1,target_camera_shift,1,0.9,0.0487179487179486,results/sim_complete/seed1_calib0.10/metrics_by_domain_alpha0.10.csv
153,0.9019607843137256,0.0980392156862745,4.052287581699346,3.0,9.0,0.6993464052287581,0.3790849673202614,0.6209150326797386,0.0,0.0065359477124183,0.0939633975435953,107,0.9439252336448598,0.0093457943925233,mondrian_domain,0.1,target_lighting_shift,1,0.9,0.0019607843137254,results/sim_complete/seed1_calib0.10/metrics_by_domain_alpha0.10.csv
84,1.0,0.0,7.928571428571429,9.0,13.0,0.6904761904761905,0.1547619047619047,0.8452380952380952,0.0,0.0,0.1368045103162067,63,1.0,0.0,mondrian_domain,0.1,target_occluded,1,0.9,0.0999999999999999,results/sim_complete/seed1_calib0.10/metrics_by_domain_alpha0.10.csv
234,0.5213675213675214,0.4786324786324786,1.0,1.0,1.0,0.5213675213675214,1.0,0.0,0.0,0.4786324786324786,0.1889501473619052,170,0.5529411764705883,0.4470588235294118,top1_singleton,0.2,target_camera_shift,1,0.8,-0.2786324786324786,results/sim_complete/seed1_calib0.10/metrics_by_domain_alpha0.20.csv
153,0.4313725490196078,0.5686274509803921,1.0,1.0,1.0,0.4313725490196078,1.0,0.0,0.0,0.5686274509803921,0.1316793726491942,107,0.5046728971962616,0.4953271028037383,top1_singleton,0.2,target_lighting_shift,1,0.8,-0.3686274509803922,results/sim_complete/seed1_calib0.10/metrics_by_domain_alpha0.20.csv
84,0.6190476190476191,0.3809523809523809,1.0,1.0,1.0,0.6190476190476191,1.0,0.0,0.0,0.3809523809523809,0.265059300351615,63,0.5873015873015873,0.4126984126984127,top1_singleton,0.2,target_occluded,1,0.8,-0.1809523809523809,results/sim_complete/seed1_calib0.10/metrics_by_domain_alpha0.20.csv
234,0.8162393162393162,0.1837606837606837,8.0,8.0,8.0,0.5213675213675214,0.0,1.0,0.0,0.0,0.1889501473619052,170,0.8941176470588236,0.0,topk_calibrated,0.2,target_camera_shift,1,0.8,0.0162393162393161,results/sim_complete/seed1_calib0.10/metrics_by_domain_alpha0.20.csv
153,0.8235294117647058,0.1764705882352941,8.0,8.0,8.0,0.4313725490196078,0.0,1.0,0.0,0.0,0.1316793726491942,107,0.8691588785046729,0.0,topk_calibrated,0.2,target_lighting_shift,1,0.8,0.0235294117647058,results/sim_complete/seed1_calib0.10/metrics_by_domain_alpha0.20.csv
84,0.9404761904761904,0.0595238095238095,8.0,8.0,8.0,0.6190476190476191,0.0,1.0,0.0,0.0,0.265059300351615,63,0.9206349206349206,0.0,topk_calibrated,0.2,target_occluded,1,0.8,0.1404761904761904,results/sim_complete/seed1_calib0.10/metrics_by_domain_alpha0.20.csv
234,0.7735042735042735,0.2264957264957264,5.132478632478633,5.0,9.0,0.5213675213675214,0.1324786324786324,0.8675213675213675,0.0,0.0256410256410256,0.1889501473619052,170,0.8411764705882353,0.0117647058823529,vanilla_conformal,0.2,target_camera_shift,1,0.8,-0.0264957264957265,results/sim_complete/seed1_calib0.10/metrics_by_domain_alpha0.20.csv
153,0.8758169934640523,0.1241830065359477,9.326797385620916,11.0,12.0,0.4313725490196078,0.0457516339869281,0.954248366013072,0.0,0.0,0.1316793726491942,107,0.897196261682243,0.0,vanilla_conformal,0.2,target_lighting_shift,1,0.8,0.0758169934640522,results/sim_complete/seed1_calib0.10/metrics_by_domain_alpha0.20.csv
84,0.8809523809523809,0.119047619047619,3.261904761904762,2.0,7.0,0.6190476190476191,0.3571428571428571,0.6428571428571429,0.0,0.0357142857142857,0.265059300351615,63,0.873015873015873,0.0317460317460317,vanilla_conformal,0.2,target_occluded,1,0.8,0.0809523809523808,results/sim_complete/seed1_calib0.10/metrics_by_domain_alpha0.20.csv
234,0.811965811965812,0.188034188034188,7.068376068376068,8.0,11.0,0.5213675213675214,0.0982905982905982,0.9017094017094016,0.0,0.017094017094017,0.1889501473619052,170,0.8823529411764706,0.0058823529411764,aps_conformal,0.2,target_camera_shift,1,0.8,0.0119658119658119,results/sim_complete/seed1_calib0.10/metrics_by_domain_alpha0.20.csv
153,0.8627450980392157,0.1372549019607842,9.915032679738562,10.0,11.0,0.4313725490196078,0.0130718954248366,0.9869281045751634,0.0,0.0,0.1316793726491942,107,0.8878504672897196,0.0,aps_conformal,0.2,target_lighting_shift,1,0.8,0.0627450980392156,results/sim_complete/seed1_calib0.10/metrics_by_domain_alpha0.20.csv
84,0.9166666666666666,0.0833333333333333,4.559523809523809,4.5,9.0,0.6190476190476191,0.3214285714285714,0.6785714285714286,0.0,0.0119047619047619,0.265059300351615,63,0.9047619047619048,0.0,aps_conformal,0.2,target_occluded,1,0.8,0.1166666666666665,results/sim_complete/seed1_calib0.10/metrics_by_domain_alpha0.20.csv
234,0.7863247863247863,0.2136752136752137,6.14957264957265,6.0,10.0,0.5213675213675214,0.0555555555555555,0.9444444444444444,0.0,0.017094017094017,0.0886954141353705,170,0.8470588235294118,0.0058823529411764,temperature_conformal,0.2,target_camera_shift,1,0.8,-0.0136752136752137,results/sim_complete/seed1_calib0.10/metrics_by_domain_alpha0.20.csv
153,0.8758169934640523,0.1241830065359477,9.88888888888889,11.0,11.0,0.4313725490196078,0.0,1.0,0.0,0.0,0.2161035003555458,107,0.897196261682243,0.0,temperature_conformal,0.2,target_lighting_shift,1,0.8,0.0758169934640522,results/sim_complete/seed1_calib0.10/metrics_by_domain_alpha0.20.csv
84,0.9166666666666666,0.0833333333333333,4.357142857142857,4.5,7.700000000000003,0.6190476190476191,0.1904761904761904,0.8095238095238095,0.0,0.0,0.1518565448508139,63,0.8888888888888888,0.0,temperature_conformal,0.2,target_occluded,1,0.8,0.1166666666666665,results/sim_complete/seed1_calib0.10/metrics_by_domain_alpha0.20.csv
234,0.5213675213675214,0.4786324786324786,1.0,1.0,1.0,0.5213675213675214,1.0,0.0,0.0,0.4786324786324786,0.2082601232855816,170,0.5529411764705883,0.4470588235294118,prompt_only_top1,0.2,target_camera_shift,1,0.8,-0.2786324786324786,results/sim_complete/seed1_calib0.10/metrics_by_domain_alpha0.20.csv
153,0.6993464052287581,0.3006535947712418,1.0,1.0,1.0,0.6993464052287581,1.0,0.0,0.0,0.3006535947712418,0.0939633975435953,107,0.794392523364486,0.205607476635514,prompt_only_top1,0.2,target_lighting_shift,1,0.8,-0.1006535947712419,results/sim_complete/seed1_calib0.10/metrics_by_domain_alpha0.20.csv
84,0.6904761904761905,0.3095238095238095,1.0,1.0,1.0,0.6904761904761905,1.0,0.0,0.0,0.3095238095238095,0.1368045103162067,63,0.6825396825396826,0.3174603174603174,prompt_only_top1,0.2,target_occluded,1,0.8,-0.1095238095238095,results/sim_complete/seed1_calib0.10/metrics_by_domain_alpha0.20.csv
234,0.7435897435897436,0.2564102564102564,3.0085470085470085,3.0,5.0,0.5213675213675214,0.2094017094017094,0.7905982905982906,0.0,0.0384615384615384,0.2082601232855816,170,0.8294117647058824,0.0411764705882352,coras,0.2,target_camera_shift,1,0.8,-0.0564102564102564,results/sim_complete/seed1_calib0.10/metrics_by_domain_alpha0.20.csv
153,0.8758169934640523,0.1241830065359477,3.718954248366013,3.0,8.0,0.6993464052287581,0.4052287581699346,0.5947712418300654,0.0,0.0065359477124183,0.0939633975435953,107,0.9252336448598132,0.0093457943925233,coras,0.2,target_lighting_shift,1,0.8,0.0758169934640522,results/sim_complete/seed1_calib0.10/metrics_by_domain_alpha0.20.csv
84,0.8809523809523809,0.119047619047619,2.8095238095238093,2.0,6.0,0.6904761904761905,0.4285714285714285,0.5714285714285714,0.0,0.0357142857142857,0.1368045103162067,63,0.9047619047619048,0.0158730158730158,coras,0.2,target_occluded,1,0.8,0.0809523809523808,results/sim_complete/seed1_calib0.10/metrics_by_domain_alpha0.20.csv
234,0.8632478632478633,0.1367521367521367,7.243589743589744,8.0,11.0,0.5213675213675214,0.0683760683760683,0.9316239316239316,0.0,0.0,0.2082601232855816,170,0.9294117647058824,0.0,coras_aps,0.2,target_camera_shift,1,0.8,0.0632478632478632,results/sim_complete/seed1_calib0.10/metrics_by_domain_alpha0.20.csv
153,0.9477124183006536,0.0522875816993464,6.875816993464053,8.0,10.0,0.6993464052287581,0.2026143790849673,0.7973856209150327,0.0,0.0,0.0939633975435953,107,0.9813084112149532,0.0,coras_aps,0.2,target_lighting_shift,1,0.8,0.1477124183006535,results/sim_complete/seed1_calib0.10/metrics_by_domain_alpha0.20.csv
84,0.988095238095238,0.0119047619047618,6.309523809523809,7.0,11.0,0.6904761904761905,0.2619047619047619,0.7380952380952381,0.0,0.0,0.1368045103162067,63,0.984126984126984,0.0,coras_aps,0.2,target_occluded,1,0.8,0.1880952380952381,results/sim_complete/seed1_calib0.10/metrics_by_domain_alpha0.20.csv
234,0.8205128205128205,0.1794871794871795,5.6239316239316235,5.0,10.0,0.5213675213675214,0.094017094017094,0.905982905982906,0.0,0.017094017094017,0.2082601232855816,170,0.9,0.0117647058823529,mondrian_domain,0.2,target_camera_shift,1,0.8,0.0205128205128204,results/sim_complete/seed1_calib0.10/metrics_by_domain_alpha0.20.csv
153,0.8366013071895425,0.1633986928104575,2.9673202614379086,2.0,6.0,0.6993464052287581,0.457516339869281,0.5424836601307189,0.0,0.0196078431372549,0.0939633975435953,107,0.897196261682243,0.0093457943925233,mondrian_domain,0.2,target_lighting_shift,1,0.8,0.0366013071895424,results/sim_complete/seed1_calib0.10/metrics_by_domain_alpha0.20.csv
84,0.8928571428571429,0.1071428571428571,2.892857142857143,2.0,6.0,0.6904761904761905,0.3928571428571428,0.6071428571428571,0.0,0.0238095238095238,0.1368045103162067,63,0.9206349206349206,0.0,mondrian_domain,0.2,target_occluded,1,0.8,0.0928571428571428,results/sim_complete/seed1_calib0.10/metrics_by_domain_alpha0.20.csv
251,0.49800796812749,0.50199203187251,1.0,1.0,1.0,0.49800796812749,1.0,0.0,0.0,0.50199203187251,0.235371856596936,197,0.5279187817258884,0.4720812182741117,top1_singleton,0.05,target_camera_shift,1,0.95,-0.4519920318725099,results/sim_complete/seed1_calib0.25/metrics_by_domain_alpha0.05.csv
154,0.4805194805194805,0.5194805194805194,1.0,1.0,1.0,0.4805194805194805,1.0,0.0,0.0,0.5194805194805194,0.1088307305359729,117,0.5213675213675214,0.4786324786324786,top1_singleton,0.05,target_lighting_shift,1,0.95,-0.4694805194805194,results/sim_complete/seed1_calib0.25/metrics_by_domain_alpha0.05.csv
80,0.575,0.425,1.0,1.0,1.0,0.575,1.0,0.0,0.0,0.425,0.2688280966576405,66,0.5606060606060606,0.4393939393939394,top1_singleton,0.05,target_occluded,1,0.95,-0.375,results/sim_complete/seed1_calib0.25/metrics_by_domain_alpha0.05.csv
251,0.9601593625498008,0.0398406374501991,14.0,14.0,14.0,0.49800796812749,0.0,1.0,0.0,0.0,0.235371856596936,197,0.9746192893401016,0.0,topk_calibrated,0.05,target_camera_shift,1,0.95,0.0101593625498008,results/sim_complete/seed1_calib0.25/metrics_by_domain_alpha0.05.csv
154,0.9935064935064936,0.0064935064935064,14.0,14.0,14.0,0.4805194805194805,0.0,1.0,0.0,0.0,0.1088307305359729,117,0.9914529914529916,0.0,topk_calibrated,0.05,target_lighting_shift,1,0.95,0.0435064935064936,results/sim_complete/seed1_calib0.25/metrics_by_domain_alpha0.05.csv
80,1.0,0.0,14.0,14.0,14.0,0.575,0.0,1.0,0.0,0.0,0.2688280966576405,66,1.0,0.0,topk_calibrated,0.05,target_occluded,1,0.95,0.05,results/sim_complete/seed1_calib0.25/metrics_by_domain_alpha0.05.csv
251,0.9322709163346612,0.0677290836653387,12.07171314741036,13.0,15.0,0.49800796812749,0.0,1.0,0.0,0.0,0.235371856596936,197,0.9746192893401016,0.0,vanilla_conformal,0.05,target_camera_shift,1,0.95,-0.0177290836653386,results/sim_complete/seed1_calib0.25/metrics_by_domain_alpha0.05.csv
154,1.0,0.0,14.590909090909092,15.0,16.0,0.4805194805194805,0.0,1.0,0.0,0.0,0.1088307305359729,117,1.0,0.0,vanilla_conformal,0.05,target_lighting_shift,1,0.95,0.05,results/sim_complete/seed1_calib0.25/metrics_by_domain_alpha0.05.csv
80,0.975,0.025,8.5875,9.0,14.0,0.575,0.075,0.925,0.0,0.0,0.2688280966576405,66,0.9696969696969696,0.0,vanilla_conformal,0.05,target_occluded,1,0.95,0.025,results/sim_complete/seed1_calib0.25/metrics_by_domain_alpha0.05.csv
251,0.9402390438247012,0.0597609561752987,13.01593625498008,13.0,14.0,0.49800796812749,0.0,1.0,0.0,0.0,0.235371856596936,197,0.9746192893401016,0.0,aps_conformal,0.05,target_camera_shift,1,0.95,-0.0097609561752987,results/sim_complete/seed1_calib0.25/metrics_by_domain_alpha0.05.csv
154,0.9935064935064936,0.0064935064935064,14.22077922077922,14.0,15.0,0.4805194805194805,0.0,1.0,0.0,0.0,0.1088307305359729,117,0.9914529914529916,0.0,aps_conformal,0.05,target_lighting_shift,1,0.95,0.0435064935064936,results/sim_complete/seed1_calib0.25/metrics_by_domain_alpha0.05.csv
80,0.9875,0.0124999999999999,10.8625,12.0,14.0,0.575,0.0,1.0,0.0,0.0,0.2688280966576405,66,0.9848484848484848,0.0,aps_conformal,0.05,target_occluded,1,0.95,0.0375,results/sim_complete/seed1_calib0.25/metrics_by_domain_alpha0.05.csv
251,0.9322709163346612,0.0677290836653387,13.0597609561753,13.0,15.0,0.49800796812749,0.0,1.0,0.0,0.0,0.0894889977325321,197,0.9746192893401016,0.0,temperature_conformal,0.05,target_camera_shift,1,0.95,-0.0177290836653386,results/sim_complete/seed1_calib0.25/metrics_by_domain_alpha0.05.csv
154,0.9935064935064936,0.0064935064935064,14.058441558441558,14.0,15.0,0.4805194805194805,0.0,1.0,0.0,0.0,0.2571073254203633,117,0.9914529914529916,0.0,temperature_conformal,0.05,target_lighting_shift,1,0.95,0.0435064935064936,results/sim_complete/seed1_calib0.25/metrics_by_domain_alpha0.05.csv
80,0.9875,0.0124999999999999,10.775,11.5,14.0,0.575,0.0,1.0,0.0,0.0,0.1173773457902628,66,0.9848484848484848,0.0,temperature_conformal,0.05,target_occluded,1,0.95,0.0375,results/sim_complete/seed1_calib0.25/metrics_by_domain_alpha0.05.csv
251,0.50199203187251,0.49800796812749,1.0,1.0,1.0,0.50199203187251,1.0,0.0,0.0,0.49800796812749,0.2222408735943762,197,0.5380710659898477,0.4619289340101523,prompt_only_top1,0.05,target_camera_shift,1,0.95,-0.44800796812749,results/sim_complete/seed1_calib0.25/metrics_by_domain_alpha0.05.csv
154,0.6948051948051948,0.3051948051948052,1.0,1.0,1.0,0.6948051948051948,1.0,0.0,0.0,0.3051948051948052,0.101344755012241,117,0.7435897435897436,0.2564102564102564,prompt_only_top1,0.05,target_lighting_shift,1,0.95,-0.2551948051948052,results/sim_complete/seed1_calib0.25/metrics_by_domain_alpha0.05.csv
80,0.7375,0.2624999999999999,1.0,1.0,1.0,0.7375,1.0,0.0,0.0,0.2625,0.1053578703933793,66,0.7575757575757576,0.2424242424242424,prompt_only_top1,0.05,target_occluded,1,0.95,-0.2124999999999999,results/sim_complete/seed1_calib0.25/metrics_by_domain_alpha0.05.csv
251,0.904382470119522,0.0956175298804781,9.450199203187251,10.0,14.0,0.50199203187251,0.0159362549800796,0.9840637450199204,0.0,0.0,0.2222408735943762,197,0.9543147208121828,0.0,coras,0.05,target_camera_shift,1,0.95,-0.045617529880478,results/sim_complete/seed1_calib0.25/metrics_by_domain_alpha0.05.csv
154,0.987012987012987,0.0129870129870129,8.305194805194805,10.0,13.700000000000015,0.6948051948051948,0.1493506493506493,0.8506493506493507,0.0,0.0,0.101344755012241,117,1.0,0.0,coras,0.05,target_lighting_shift,1,0.95,0.037012987012987,results/sim_complete/seed1_calib0.25/metrics_by_domain_alpha0.05.csv
80,0.9875,0.0124999999999999,8.4,10.0,14.0,0.7375,0.15,0.85,0.0,0.0,0.1053578703933793,66,1.0,0.0,coras,0.05,target_occluded,1,0.95,0.0375,results/sim_complete/seed1_calib0.25/metrics_by_domain_alpha0.05.csv
251,0.9282868525896414,0.0717131474103586,10.920318725099602,11.0,13.0,0.50199203187251,0.0,1.0,0.0,0.0,0.2222408735943762,197,0.9695431472081218,0.0,coras_aps,0.05,target_camera_shift,1,0.95,-0.0217131474103585,results/sim_complete/seed1_calib0.25/metrics_by_domain_alpha0.05.csv
154,0.9935064935064936,0.0064935064935064,9.876623376623376,11.0,13.0,0.6948051948051948,0.0454545454545454,0.9545454545454546,0.0,0.0,0.101344755012241,117,1.0,0.0,coras_aps,0.05,target_lighting_shift,1,0.95,0.0435064935064936,results/sim_complete/seed1_calib0.25/metrics_by_domain_alpha0.05.csv
80,1.0,0.0,9.9375,11.0,14.0,0.7375,0.075,0.925,0.0,0.0,0.1053578703933793,66,1.0,0.0,coras_aps,0.05,target_occluded,1,0.95,0.05,results/sim_complete/seed1_calib0.25/metrics_by_domain_alpha0.05.csv
251,0.9601593625498008,0.0398406374501991,12.788844621513944,13.0,15.0,0.50199203187251,0.0,1.0,0.0,0.0,0.2222408735943762,197,0.9847715736040608,0.0,mondrian_domain,0.05,target_camera_shift,1,0.95,0.0101593625498008,results/sim_complete/seed1_calib0.25/metrics_by_domain_alpha0.05.csv
154,0.9025974025974026,0.0974025974025973,5.266233766233766,5.0,10.0,0.6948051948051948,0.3311688311688311,0.6688311688311688,0.0,0.0064935064935064,0.101344755012241,117,0.9401709401709402,0.0085470085470085,mondrian_domain,0.05,target_lighting_shift,1,0.95,-0.0474025974025973,results/sim_complete/seed1_calib0.25/metrics_by_domain_alpha0.05.csv
80,0.95,0.05,4.8125,4.0,9.100000000000009,0.7375,0.2375,0.7625,0.0,0.0125,0.1053578703933793,66,0.9848484848484848,0.0,mondrian_domain,0.05,target_occluded,1,0.95,0.0,results/sim_complete/seed1_calib0.25/metrics_by_domain_alpha0.05.csv
251,0.49800796812749,0.50199203187251,1.0,1.0,1.0,0.49800796812749,1.0,0.0,0.0,0.50199203187251,0.235371856596936,197,0.5279187817258884,0.4720812182741117,top1_singleton,0.1,target_camera_shift,1,0.9,-0.40199203187251,results/sim_complete/seed1_calib0.25/metrics_by_domain_alpha0.10.csv
154,0.4805194805194805,0.5194805194805194,1.0,1.0,1.0,0.4805194805194805,1.0,0.0,0.0,0.5194805194805194,0.1088307305359729,117,0.5213675213675214,0.4786324786324786,top1_singleton,0.1,target_lighting_shift,1,0.9,-0.4194805194805195,results/sim_complete/seed1_calib0.25/metrics_by_domain_alpha0.10.csv
80,0.575,0.425,1.0,1.0,1.0,0.575,1.0,0.0,0.0,0.425,0.2688280966576405,66,0.5606060606060606,0.4393939393939394,top1_singleton,0.1,target_occluded,1,0.9,-0.325,results/sim_complete/seed1_calib0.25/metrics_by_domain_alpha0.10.csv
251,0.9163346613545816,0.0836653386454183,12.0,12.0,12.0,0.49800796812749,0.0,1.0,0.0,0.0,0.235371856596936,197,0.964467005076142,0.0,topk_calibrated,0.1,target_camera_shift,1,0.9,0.0163346613545816,results/sim_complete/seed1_calib0.25/metrics_by_domain_alpha0.10.csv
154,0.9155844155844156,0.0844155844155843,12.0,12.0,12.0,0.4805194805194805,0.0,1.0,0.0,0.0,0.1088307305359729,117,0.905982905982906,0.0,topk_calibrated,0.1,target_lighting_shift,1,0.9,0.0155844155844155,results/sim_complete/seed1_calib0.25/metrics_by_domain_alpha0.10.csv
80,0.975,0.025,12.0,12.0,12.0,0.575,0.0,1.0,0.0,0.0,0.2688280966576405,66,0.9696969696969696,0.0,topk_calibrated,0.1,target_occluded,1,0.9,0.0749999999999999,results/sim_complete/seed1_calib0.25/metrics_by_domain_alpha0.10.csv
251,0.8725099601593626,0.1274900398406374,8.713147410358566,10.0,13.0,0.49800796812749,0.0438247011952191,0.9561752988047808,0.0,0.0079681274900398,0.235371856596936,197,0.9187817258883249,0.0,vanilla_conformal,0.1,target_camera_shift,1,0.9,-0.0274900398406374,results/sim_complete/seed1_calib0.25/metrics_by_domain_alpha0.10.csv
154,0.961038961038961,0.0389610389610389,11.85064935064935,12.0,14.0,0.4805194805194805,0.0,1.0,0.0,0.0,0.1088307305359729,117,0.9658119658119658,0.0,vanilla_conformal,0.1,target_lighting_shift,1,0.9,0.061038961038961,results/sim_complete/seed1_calib0.25/metrics_by_domain_alpha0.10.csv
80,0.95,0.05,5.7875,5.0,11.100000000000009,0.575,0.1875,0.8125,0.0,0.0,0.2688280966576405,66,0.9545454545454546,0.0,vanilla_conformal,0.1,target_occluded,1,0.9,0.0499999999999999,results/sim_complete/seed1_calib0.25/metrics_by_domain_alpha0.10.csv
251,0.8844621513944223,0.1155378486055777,9.888446215139442,11.0,13.0,0.49800796812749,0.0119521912350597,0.9880478087649402,0.0,0.0039840637450199,0.235371856596936,197,0.934010152284264,0.0,aps_conformal,0.1,target_camera_shift,1,0.9,-0.0155378486055777,results/sim_complete/seed1_calib0.25/metrics_by_domain_alpha0.10.csv
154,0.9675324675324676,0.0324675324675324,11.935064935064934,12.0,13.0,0.4805194805194805,0.0,1.0,0.0,0.0,0.1088307305359729,117,0.9743589743589745,0.0,aps_conformal,0.1,target_lighting_shift,1,0.9,0.0675324675324675,results/sim_complete/seed1_calib0.25/metrics_by_domain_alpha0.10.csv
80,0.9625,0.0374999999999999,6.8875,7.5,11.0,0.575,0.175,0.825,0.0,0.0,0.2688280966576405,66,0.9545454545454546,0.0,aps_conformal,0.1,target_occluded,1,0.9,0.0625,results/sim_complete/seed1_calib0.25/metrics_by_domain_alpha0.10.csv
251,0.8884462151394422,0.1115537848605577,10.115537848605578,10.0,13.0,0.49800796812749,0.0,1.0,0.0,0.0,0.0894936944988707,197,0.9390862944162436,0.0,temperature_conformal,0.1,target_camera_shift,1,0.9,-0.0115537848605578,results/sim_complete/seed1_calib0.25/metrics_by_domain_alpha0.10.csv
154,0.9025974025974026,0.0974025974025973,11.597402597402596,12.0,13.0,0.4805194805194805,0.0,1.0,0.0,0.0,0.2571146077889855,117,0.9145299145299144,0.0,temperature_conformal,0.1,target_lighting_shift,1,0.9,0.0025974025974025,results/sim_complete/seed1_calib0.25/metrics_by_domain_alpha0.10.csv
80,0.9625,0.0374999999999999,7.575,8.0,12.0,0.575,0.0375,0.9625,0.0,0.0,0.1173803401911436,66,0.9545454545454546,0.0,temperature_conformal,0.1,target_occluded,1,0.9,0.0625,results/sim_complete/seed1_calib0.25/metrics_by_domain_alpha0.10.csv
251,0.50199203187251,0.49800796812749,1.0,1.0,1.0,0.50199203187251,1.0,0.0,0.0,0.49800796812749,0.2222408735943762,197,0.5380710659898477,0.4619289340101523,prompt_only_top1,0.1,target_camera_shift,1,0.9,-0.39800796812749,results/sim_complete/seed1_calib0.25/metrics_by_domain_alpha0.10.csv
154,0.6948051948051948,0.3051948051948052,1.0,1.0,1.0,0.6948051948051948,1.0,0.0,0.0,0.3051948051948052,0.101344755012241,117,0.7435897435897436,0.2564102564102564,prompt_only_top1,0.1,target_lighting_shift,1,0.9,-0.2051948051948052,results/sim_complete/seed1_calib0.25/metrics_by_domain_alpha0.10.csv
80,0.7375,0.2624999999999999,1.0,1.0,1.0,0.7375,1.0,0.0,0.0,0.2625,0.1053578703933793,66,0.7575757575757576,0.2424242424242424,prompt_only_top1,0.1,target_occluded,1,0.9,-0.1624999999999999,results/sim_complete/seed1_calib0.25/metrics_by_domain_alpha0.10.csv
251,0.8605577689243028,0.1394422310756972,6.733067729083666,7.0,11.0,0.50199203187251,0.0637450199203187,0.9362549800796812,0.0,0.0079681274900398,0.2222408735943762,197,0.9187817258883249,0.0050761421319796,coras,0.1,target_camera_shift,1,0.9,-0.0394422310756972,results/sim_complete/seed1_calib0.25/metrics_by_domain_alpha0.10.csv
154,0.935064935064935,0.0649350649350649,6.5,7.5,11.0,0.6948051948051948,0.2532467532467532,0.7467532467532467,0.0,0.0,0.101344755012241,117,0.9572649572649572,0.0,coras,0.1,target_lighting_shift,1,0.9,0.035064935064935,results/sim_complete/seed1_calib0.25/metrics_by_domain_alpha0.10.csv
80,0.9625,0.0374999999999999,5.7375,5.5,11.0,0.7375,0.2,0.8,0.0,0.0,0.1053578703933793,66,0.9848484848484848,0.0,coras,0.1,target_occluded,1,0.9,0.0625,results/sim_complete/seed1_calib0.25/metrics_by_domain_alpha0.10.csv
251,0.8844621513944223,0.1155378486055777,9.211155378486056,9.0,12.0,0.50199203187251,0.0199203187250996,0.9800796812749004,0.0,0.0,0.2222408735943762,197,0.934010152284264,0.0,coras_aps,0.1,target_camera_shift,1,0.9,-0.0155378486055777,results/sim_complete/seed1_calib0.25/metrics_by_domain_alpha0.10.csv
154,0.9805194805194806,0.0194805194805194,8.077922077922079,10.0,12.0,0.6948051948051948,0.1493506493506493,0.8506493506493507,0.0,0.0,0.101344755012241,117,1.0,0.0,coras_aps,0.1,target_lighting_shift,1,0.9,0.0805194805194805,results/sim_complete/seed1_calib0.25/metrics_by_domain_alpha0.10.csv
80,0.9875,0.0124999999999999,8.2875,9.5,13.0,0.7375,0.1375,0.8625,0.0,0.0,0.1053578703933793,66,1.0,0.0,coras_aps,0.1,target_occluded,1,0.9,0.0875,results/sim_complete/seed1_calib0.25/metrics_by_domain_alpha0.10.csv
251,0.904382470119522,0.0956175298804781,9.07569721115538,10.0,13.0,0.50199203187251,0.0239043824701195,0.9760956175298804,0.0,0.0,0.2222408735943762,197,0.9543147208121828,0.0,mondrian_domain,0.1,target_camera_shift,1,0.9,0.0043824701195218,results/sim_complete/seed1_calib0.25/metrics_by_domain_alpha0.10.csv
154,0.8506493506493507,0.1493506493506493,3.707792207792208,2.0,8.0,0.6948051948051948,0.461038961038961,0.538961038961039,0.0,0.0064935064935064,0.101344755012241,117,0.8803418803418803,0.0085470085470085,mondrian_domain,0.1,target_lighting_shift,1,0.9,-0.0493506493506493,results/sim_complete/seed1_calib0.25/metrics_by_domain_alpha0.10.csv
80,0.9375,0.0625,3.575,3.0,7.0,0.7375,0.3375,0.6625,0.0,0.025,0.1053578703933793,66,0.9848484848484848,0.0,mondrian_domain,0.1,target_occluded,1,0.9,0.0374999999999999,results/sim_complete/seed1_calib0.25/metrics_by_domain_alpha0.10.csv
251,0.49800796812749,0.50199203187251,1.0,1.0,1.0,0.49800796812749,1.0,0.0,0.0,0.50199203187251,0.235371856596936,197,0.5279187817258884,0.4720812182741117,top1_singleton,0.2,target_camera_shift,1,0.8,-0.30199203187251,results/sim_complete/seed1_calib0.25/metrics_by_domain_alpha0.20.csv
154,0.4805194805194805,0.5194805194805194,1.0,1.0,1.0,0.4805194805194805,1.0,0.0,0.0,0.5194805194805194,0.1088307305359729,117,0.5213675213675214,0.4786324786324786,top1_singleton,0.2,target_lighting_shift,1,0.8,-0.3194805194805195,results/sim_complete/seed1_calib0.25/metrics_by_domain_alpha0.20.csv
80,0.575,0.425,1.0,1.0,1.0,0.575,1.0,0.0,0.0,0.425,0.2688280966576405,66,0.5606060606060606,0.4393939393939394,top1_singleton,0.2,target_occluded,1,0.8,-0.2250000000000001,results/sim_complete/seed1_calib0.25/metrics_by_domain_alpha0.20.csv
251,0.8366533864541833,0.1633466135458167,7.0,7.0,7.0,0.49800796812749,0.0,1.0,0.0,0.0,0.235371856596936,197,0.8934010152284264,0.0,topk_calibrated,0.2,target_camera_shift,1,0.8,0.0366533864541832,results/sim_complete/seed1_calib0.25/metrics_by_domain_alpha0.20.csv
154,0.7792207792207793,0.2207792207792207,7.0,7.0,7.0,0.4805194805194805,0.0,1.0,0.0,0.0,0.1088307305359729,117,0.7863247863247863,0.0,topk_calibrated,0.2,target_lighting_shift,1,0.8,-0.0207792207792207,results/sim_complete/seed1_calib0.25/metrics_by_domain_alpha0.20.csv
80,0.9125,0.0875,7.0,7.0,7.0,0.575,0.0,1.0,0.0,0.0,0.2688280966576405,66,0.8939393939393939,0.0,topk_calibrated,0.2,target_occluded,1,0.8,0.1124999999999999,results/sim_complete/seed1_calib0.25/metrics_by_domain_alpha0.20.csv
251,0.7649402390438247,0.2350597609561753,4.681274900398407,4.0,8.0,0.49800796812749,0.1235059760956175,0.8764940239043825,0.0,0.0318725099601593,0.235371856596936,197,0.8223350253807107,0.0101522842639593,vanilla_conformal,0.2,target_camera_shift,1,0.8,-0.0350597609561753,results/sim_complete/seed1_calib0.25/metrics_by_domain_alpha0.20.csv
154,0.8051948051948052,0.1948051948051947,9.032467532467532,11.0,11.0,0.4805194805194805,0.0389610389610389,0.961038961038961,0.0,0.0,0.1088307305359729,117,0.811965811965812,0.0,vanilla_conformal,0.2,target_lighting_shift,1,0.8,0.0051948051948051,results/sim_complete/seed1_calib0.25/metrics_by_domain_alpha0.20.csv
80,0.8625,0.1374999999999999,3.0375,2.0,7.0,0.575,0.4,0.6,0.0,0.0375,0.2688280966576405,66,0.8787878787878788,0.0151515151515151,vanilla_conformal,0.2,target_occluded,1,0.8,0.0625,results/sim_complete/seed1_calib0.25/metrics_by_domain_alpha0.20.csv
251,0.8605577689243028,0.1394422310756972,7.960159362549801,9.0,11.0,0.49800796812749,0.0557768924302788,0.9442231075697212,0.0,0.0079681274900398,0.235371856596936,197,0.9137055837563453,0.0,aps_conformal,0.2,target_camera_shift,1,0.8,0.0605577689243027,results/sim_complete/seed1_calib0.25/metrics_by_domain_alpha0.20.csv
154,0.8441558441558441,0.1558441558441559,10.402597402597404,11.0,12.0,0.4805194805194805,0.0129870129870129,0.987012987012987,0.0,0.0,0.1088307305359729,117,0.8547008547008547,0.0,aps_conformal,0.2,target_lighting_shift,1,0.8,0.044155844155844,results/sim_complete/seed1_calib0.25/metrics_by_domain_alpha0.20.csv
80,0.925,0.0749999999999999,5.225,5.0,10.0,0.575,0.2625,0.7375,0.0,0.0,0.2688280966576405,66,0.9242424242424242,0.0,aps_conformal,0.2,target_occluded,1,0.8,0.125,results/sim_complete/seed1_calib0.25/metrics_by_domain_alpha0.20.csv
251,0.7888446215139442,0.2111553784860558,4.99203187250996,5.0,8.0,0.49800796812749,0.0717131474103585,0.9282868525896414,0.0,0.0199203187250996,0.0894807754815468,197,0.8477157360406091,0.0,temperature_conformal,0.2,target_camera_shift,1,0.8,-0.0111553784860558,results/sim_complete/seed1_calib0.25/metrics_by_domain_alpha0.20.csv
154,0.7922077922077922,0.2077922077922077,8.454545454545455,9.0,11.0,0.4805194805194805,0.0194805194805194,0.9805194805194806,0.0,0.0,0.257094577146653,117,0.8034188034188035,0.0,temperature_conformal,0.2,target_lighting_shift,1,0.8,-0.0077922077922077,results/sim_complete/seed1_calib0.25/metrics_by_domain_alpha0.20.csv
80,0.9125,0.0875,3.5375,3.0,7.0,0.575,0.225,0.775,0.0,0.0,0.1173721061494026,66,0.9090909090909092,0.0,temperature_conformal,0.2,target_occluded,1,0.8,0.1124999999999999,results/sim_complete/seed1_calib0.25/metrics_by_domain_alpha0.20.csv
251,0.50199203187251,0.49800796812749,1.0,1.0,1.0,0.50199203187251,1.0,0.0,0.0,0.49800796812749,0.2222408735943762,197,0.5380710659898477,0.4619289340101523,prompt_only_top1,0.2,target_camera_shift,1,0.8,-0.2980079681274901,results/sim_complete/seed1_calib0.25/metrics_by_domain_alpha0.20.csv
154,0.6948051948051948,0.3051948051948052,1.0,1.0,1.0,0.6948051948051948,1.0,0.0,0.0,0.3051948051948052,0.101344755012241,117,0.7435897435897436,0.2564102564102564,prompt_only_top1,0.2,target_lighting_shift,1,0.8,-0.1051948051948052,results/sim_complete/seed1_calib0.25/metrics_by_domain_alpha0.20.csv
80,0.7375,0.2624999999999999,1.0,1.0,1.0,0.7375,1.0,0.0,0.0,0.2625,0.1053578703933793,66,0.7575757575757576,0.2424242424242424,prompt_only_top1,0.2,target_occluded,1,0.8,-0.0625,results/sim_complete/seed1_calib0.25/metrics_by_domain_alpha0.20.csv
251,0.7131474103585658,0.2868525896414342,2.9800796812749004,3.0,5.0,0.50199203187251,0.1952191235059761,0.8047808764940239,0.0,0.0637450199203187,0.2222408735943762,197,0.7614213197969543,0.065989847715736,coras,0.2,target_camera_shift,1,0.8,-0.0868525896414342,results/sim_complete/seed1_calib0.25/metrics_by_domain_alpha0.20.csv
154,0.8506493506493507,0.1493506493506493,3.435064935064935,2.0,7.700000000000017,0.6948051948051948,0.461038961038961,0.538961038961039,0.0,0.0064935064935064,0.101344755012241,117,0.8803418803418803,0.0085470085470085,coras,0.2,target_lighting_shift,1,0.8,0.0506493506493506,results/sim_complete/seed1_calib0.25/metrics_by_domain_alpha0.20.csv
80,0.9,0.0999999999999999,2.7,2.0,5.0,0.7375,0.4375,0.5625,0.0,0.0375,0.1053578703933793,66,0.9545454545454546,0.0,coras,0.2,target_occluded,1,0.8,0.0999999999999999,results/sim_complete/seed1_calib0.25/metrics_by_domain_alpha0.20.csv
251,0.8685258964143426,0.1314741035856573,7.322709163346613,8.0,11.0,0.50199203187251,0.0637450199203187,0.9362549800796812,0.0,0.0039840637450199,0.2222408735943762,197,0.9187817258883249,0.0050761421319796,coras_aps,0.2,target_camera_shift,1,0.8,0.0685258964143425,results/sim_complete/seed1_calib0.25/metrics_by_domain_alpha0.20.csv
154,0.9285714285714286,0.0714285714285714,6.545454545454546,9.0,11.0,0.6948051948051948,0.2337662337662337,0.7662337662337663,0.0,0.0,0.101344755012241,117,0.9487179487179488,0.0,coras_aps,0.2,target_lighting_shift,1,0.8,0.1285714285714285,results/sim_complete/seed1_calib0.25/metrics_by_domain_alpha0.20.csv
80,0.9875,0.0124999999999999,6.4875,7.0,11.0,0.7375,0.2125,0.7875,0.0,0.0,0.1053578703933793,66,1.0,0.0,coras_aps,0.2,target_occluded,1,0.8,0.1875,results/sim_complete/seed1_calib0.25/metrics_by_domain_alpha0.20.csv
251,0.8406374501992032,0.1593625498007967,5.776892430278885,6.0,10.0,0.50199203187251,0.0717131474103585,0.9282868525896414,0.0,0.0119521912350597,0.2222408735943762,197,0.9035532994923858,0.0101522842639593,mondrian_domain,0.2,target_camera_shift,1,0.8,0.0406374501992031,results/sim_complete/seed1_calib0.25/metrics_by_domain_alpha0.20.csv
154,0.8181818181818182,0.1818181818181817,2.331168831168831,1.0,5.0,0.6948051948051948,0.538961038961039,0.461038961038961,0.0,0.0389610389610389,0.101344755012241,117,0.8547008547008547,0.017094017094017,mondrian_domain,0.2,target_lighting_shift,1,0.8,0.0181818181818181,results/sim_complete/seed1_calib0.25/metrics_by_domain_alpha0.20.csv
80,0.7875,0.2125,1.5125,1.0,3.0,0.7375,0.6,0.4,0.0,0.0625,0.1053578703933793,66,0.8181818181818182,0.0303030303030303,mondrian_domain,0.2,target_occluded,1,0.8,-0.0125,results/sim_complete/seed1_calib0.25/metrics_by_domain_alpha0.20.csv
260,0.4269230769230769,0.573076923076923,1.0,1.0,1.0,0.4269230769230769,1.0,0.0,0.0,0.573076923076923,0.3143126674138691,190,0.4736842105263157,0.5263157894736842,top1_singleton,0.05,target_camera_shift,1,0.95,-0.523076923076923,results/sim_complete/seed1_calib0.40/metrics_by_domain_alpha0.05.csv
183,0.4918032786885246,0.5081967213114754,1.0,1.0,1.0,0.4918032786885246,1.0,0.0,0.0,0.5081967213114754,0.1392091128835207,144,0.5069444444444444,0.4930555555555556,top1_singleton,0.05,target_lighting_shift,1,0.95,-0.4581967213114754,results/sim_complete/seed1_calib0.40/metrics_by_domain_alpha0.05.csv
74,0.7027027027027027,0.2972972972972972,1.0,1.0,1.0,0.7027027027027027,1.0,0.0,0.0,0.2972972972972973,0.1686577307471196,62,0.7096774193548387,0.2903225806451613,top1_singleton,0.05,target_occluded,1,0.95,-0.2472972972972972,results/sim_complete/seed1_calib0.40/metrics_by_domain_alpha0.05.csv
260,0.9615384615384616,0.0384615384615384,14.0,14.0,14.0,0.4269230769230769,0.0,1.0,0.0,0.0,0.3143126674138691,190,0.9789473684210528,0.0,topk_calibrated,0.05,target_camera_shift,1,0.95,0.0115384615384616,results/sim_complete/seed1_calib0.40/metrics_by_domain_alpha0.05.csv
183,0.9781420765027322,0.0218579234972677,14.0,14.0,14.0,0.4918032786885246,0.0,1.0,0.0,0.0,0.1392091128835207,144,0.9722222222222222,0.0,topk_calibrated,0.05,target_lighting_shift,1,0.95,0.0281420765027322,results/sim_complete/seed1_calib0.40/metrics_by_domain_alpha0.05.csv
74,0.9864864864864864,0.0135135135135134,14.0,14.0,14.0,0.7027027027027027,0.0,1.0,0.0,0.0,0.1686577307471196,62,1.0,0.0,topk_calibrated,0.05,target_occluded,1,0.95,0.0364864864864865,results/sim_complete/seed1_calib0.40/metrics_by_domain_alpha0.05.csv
260,0.9307692307692308,0.0692307692307692,11.765384615384615,12.5,15.0,0.4269230769230769,0.0,1.0,0.0,0.0,0.3143126674138691,190,0.9789473684210528,0.0,vanilla_conformal,0.05,target_camera_shift,1,0.95,-0.0192307692307691,results/sim_complete/seed1_calib0.40/metrics_by_domain_alpha0.05.csv
183,1.0,0.0,14.775956284153006,15.0,16.0,0.4918032786885246,0.0,1.0,0.0,0.0,0.1392091128835207,144,1.0,0.0,vanilla_conformal,0.05,target_lighting_shift,1,0.95,0.05,results/sim_complete/seed1_calib0.40/metrics_by_domain_alpha0.05.csv
74,0.9864864864864864,0.0135135135135134,8.513513513513514,8.5,13.700000000000005,0.7027027027027027,0.027027027027027,0.972972972972973,0.0,0.0,0.1686577307471196,62,1.0,0.0,vanilla_conformal,0.05,target_occluded,1,0.95,0.0364864864864865,results/sim_complete/seed1_calib0.40/metrics_by_domain_alpha0.05.csv
260,0.9384615384615383,0.0615384615384615,12.676923076923076,13.0,14.0,0.4269230769230769,0.0,1.0,0.0,0.0,0.3143126674138691,190,0.9789473684210528,0.0,aps_conformal,0.05,target_camera_shift,1,0.95,-0.0115384615384614,results/sim_complete/seed1_calib0.40/metrics_by_domain_alpha0.05.csv
183,0.9781420765027322,0.0218579234972677,14.120218579234972,14.0,15.0,0.4918032786885246,0.0,1.0,0.0,0.0,0.1392091128835207,144,0.9722222222222222,0.0,aps_conformal,0.05,target_lighting_shift,1,0.95,0.0281420765027322,results/sim_complete/seed1_calib0.40/metrics_by_domain_alpha0.05.csv
74,0.9864864864864864,0.0135135135135134,10.635135135135137,11.0,13.0,0.7027027027027027,0.0,1.0,0.0,0.0,0.1686577307471196,62,1.0,0.0,aps_conformal,0.05,target_occluded,1,0.95,0.0364864864864865,results/sim_complete/seed1_calib0.40/metrics_by_domain_alpha0.05.csv
260,0.9307692307692308,0.0692307692307692,12.296153846153846,12.0,15.0,0.4269230769230769,0.0,1.0,0.0,0.0,0.0752977710857743,190,0.9736842105263158,0.0,temperature_conformal,0.05,target_camera_shift,1,0.95,-0.0192307692307691,results/sim_complete/seed1_calib0.40/metrics_by_domain_alpha0.05.csv
183,0.9726775956284152,0.0273224043715847,13.530054644808745,14.0,15.0,0.4918032786885246,0.0,1.0,0.0,0.0,0.2809031659358247,144,0.9722222222222222,0.0,temperature_conformal,0.05,target_lighting_shift,1,0.95,0.0226775956284153,results/sim_complete/seed1_calib0.40/metrics_by_domain_alpha0.05.csv
74,0.9864864864864864,0.0135135135135134,10.013513513513514,11.0,13.0,0.7027027027027027,0.0,1.0,0.0,0.0,0.1309684741138896,62,1.0,0.0,temperature_conformal,0.05,target_occluded,1,0.95,0.0364864864864865,results/sim_complete/seed1_calib0.40/metrics_by_domain_alpha0.05.csv
260,0.4807692307692308,0.5192307692307692,1.0,1.0,1.0,0.4807692307692308,1.0,0.0,0.0,0.5192307692307693,0.2316647531123792,190,0.4947368421052631,0.5052631578947369,prompt_only_top1,0.05,target_camera_shift,1,0.95,-0.4692307692307692,results/sim_complete/seed1_calib0.40/metrics_by_domain_alpha0.05.csv
183,0.6885245901639344,0.3114754098360656,1.0,1.0,1.0,0.6885245901639344,1.0,0.0,0.0,0.3114754098360656,0.0898107869468018,144,0.7222222222222222,0.2777777777777778,prompt_only_top1,0.05,target_lighting_shift,1,0.95,-0.2614754098360655,results/sim_complete/seed1_calib0.40/metrics_by_domain_alpha0.05.csv
74,0.7567567567567568,0.2432432432432432,1.0,1.0,1.0,0.7567567567567568,1.0,0.0,0.0,0.2432432432432432,0.1058845003349141,62,0.7903225806451613,0.2096774193548387,prompt_only_top1,0.05,target_occluded,1,0.95,-0.1932432432432431,results/sim_complete/seed1_calib0.40/metrics_by_domain_alpha0.05.csv
260,0.9115384615384616,0.0884615384615384,9.507692307692308,10.0,14.0,0.4807692307692308,0.0192307692307692,0.9807692307692308,0.0,0.0,0.2316647531123792,190,0.9526315789473684,0.0,coras,0.05,target_camera_shift,1,0.95,-0.0384615384615384,results/sim_complete/seed1_calib0.40/metrics_by_domain_alpha0.05.csv
183,0.9726775956284152,0.0273224043715847,8.672131147540984,11.0,13.0,0.6885245901639344,0.1530054644808743,0.8469945355191257,0.0,0.0,0.0898107869468018,144,1.0,0.0,coras,0.05,target_lighting_shift,1,0.95,0.0226775956284153,results/sim_complete/seed1_calib0.40/metrics_by_domain_alpha0.05.csv
74,0.9864864864864864,0.0135135135135134,7.918918918918919,8.0,13.0,0.7567567567567568,0.081081081081081,0.918918918918919,0.0,0.0,0.1058845003349141,62,1.0,0.0,coras,0.05,target_occluded,1,0.95,0.0364864864864865,results/sim_complete/seed1_calib0.40/metrics_by_domain_alpha0.05.csv
260,0.9230769230769232,0.0769230769230768,10.984615384615385,11.0,13.0,0.4807692307692308,0.0,1.0,0.0,0.0,0.2316647531123792,190,0.9578947368421052,0.0,coras_aps,0.05,target_camera_shift,1,0.95,-0.0269230769230768,results/sim_complete/seed1_calib0.40/metrics_by_domain_alpha0.05.csv
183,0.9781420765027322,0.0218579234972677,10.300546448087433,12.0,14.0,0.6885245901639344,0.0437158469945355,0.9562841530054644,0.0,0.0,0.0898107869468018,144,1.0,0.0,coras_aps,0.05,target_lighting_shift,1,0.95,0.0281420765027322,results/sim_complete/seed1_calib0.40/metrics_by_domain_alpha0.05.csv
74,0.9864864864864864,0.0135135135135134,10.175675675675675,11.0,13.0,0.7567567567567568,0.027027027027027,0.972972972972973,0.0,0.0,0.1058845003349141,62,1.0,0.0,coras_aps,0.05,target_occluded,1,0.95,0.0364864864864865,results/sim_complete/seed1_calib0.40/metrics_by_domain_alpha0.05.csv
260,0.95,0.05,12.28076923076923,13.0,15.0,0.4807692307692308,0.0038461538461538,0.9961538461538462,0.0,0.0,0.2316647531123792,190,0.968421052631579,0.0,mondrian_domain,0.05,target_camera_shift,1,0.95,0.0,results/sim_complete/seed1_calib0.40/metrics_by_domain_alpha0.05.csv
183,0.918032786885246,0.081967213114754,6.781420765027322,9.0,11.0,0.6885245901639344,0.2459016393442623,0.7540983606557377,0.0,0.0,0.0898107869468018,144,0.9513888888888888,0.0,mondrian_domain,0.05,target_lighting_shift,1,0.95,-0.031967213114754,results/sim_complete/seed1_calib0.40/metrics_by_domain_alpha0.05.csv
74,0.972972972972973,0.0270270270270269,4.716216216216216,4.0,10.0,0.7567567567567568,0.2027027027027027,0.7972972972972973,0.0,0.0,0.1058845003349141,62,0.9838709677419356,0.0,mondrian_domain,0.05,target_occluded,1,0.95,0.022972972972973,results/sim_complete/seed1_calib0.40/metrics_by_domain_alpha0.05.csv
260,0.4269230769230769,0.573076923076923,1.0,1.0,1.0,0.4269230769230769,1.0,0.0,0.0,0.573076923076923,0.3143126674138691,190,0.4736842105263157,0.5263157894736842,top1_singleton,0.1,target_camera_shift,1,0.9,-0.4730769230769231,results/sim_complete/seed1_calib0.40/metrics_by_domain_alpha0.10.csv
183,0.4918032786885246,0.5081967213114754,1.0,1.0,1.0,0.4918032786885246,1.0,0.0,0.0,0.5081967213114754,0.1392091128835207,144,0.5069444444444444,0.4930555555555556,top1_singleton,0.1,target_lighting_shift,1,0.9,-0.4081967213114754,results/sim_complete/seed1_calib0.40/metrics_by_domain_alpha0.10.csv
74,0.7027027027027027,0.2972972972972972,1.0,1.0,1.0,0.7027027027027027,1.0,0.0,0.0,0.2972972972972973,0.1686577307471196,62,0.7096774193548387,0.2903225806451613,top1_singleton,0.1,target_occluded,1,0.9,-0.1972972972972972,results/sim_complete/seed1_calib0.40/metrics_by_domain_alpha0.10.csv
260,0.9230769230769232,0.0769230769230768,12.0,12.0,12.0,0.4269230769230769,0.0,1.0,0.0,0.0,0.3143126674138691,190,0.968421052631579,0.0,topk_calibrated,0.1,target_camera_shift,1,0.9,0.0230769230769231,results/sim_complete/seed1_calib0.40/metrics_by_domain_alpha0.10.csv
183,0.8907103825136612,0.1092896174863388,12.0,12.0,12.0,0.4918032786885246,0.0,1.0,0.0,0.0,0.1392091128835207,144,0.8888888888888888,0.0,topk_calibrated,0.1,target_lighting_shift,1,0.9,-0.0092896174863388,results/sim_complete/seed1_calib0.40/metrics_by_domain_alpha0.10.csv
74,0.9864864864864864,0.0135135135135134,12.0,12.0,12.0,0.7027027027027027,0.0,1.0,0.0,0.0,0.1686577307471196,62,1.0,0.0,topk_calibrated,0.1,target_occluded,1,0.9,0.0864864864864864,results/sim_complete/seed1_calib0.40/metrics_by_domain_alpha0.10.csv
260,0.8653846153846154,0.1346153846153845,8.023076923076923,9.0,13.0,0.4269230769230769,0.0346153846153846,0.9653846153846154,0.0,0.0038461538461538,0.3143126674138691,190,0.9,0.0,vanilla_conformal,0.1,target_camera_shift,1,0.9,-0.0346153846153846,results/sim_complete/seed1_calib0.40/metrics_by_domain_alpha0.10.csv
183,0.912568306010929,0.087431693989071,11.71584699453552,12.0,13.0,0.4918032786885246,0.0054644808743169,0.994535519125683,0.0,0.0,0.1392091128835207,144,0.9236111111111112,0.0,vanilla_conformal,0.1,target_lighting_shift,1,0.9,0.0125683060109289,results/sim_complete/seed1_calib0.40/metrics_by_domain_alpha0.10.csv
74,0.972972972972973,0.0270270270270269,5.256756756756757,5.0,10.0,0.7027027027027027,0.1891891891891892,0.8108108108108109,0.0,0.0,0.1686577307471196,62,0.9838709677419356,0.0,vanilla_conformal,0.1,target_occluded,1,0.9,0.072972972972973,results/sim_complete/seed1_calib0.40/metrics_by_domain_alpha0.10.csv
260,0.8961538461538462,0.1038461538461538,9.615384615384617,10.0,13.0,0.4269230769230769,0.0038461538461538,0.9961538461538462,0.0,0.0,0.3143126674138691,190,0.9421052631578948,0.0,aps_conformal,0.1,target_camera_shift,1,0.9,-0.0038461538461538,results/sim_complete/seed1_calib0.40/metrics_by_domain_alpha0.10.csv
183,0.9453551912568308,0.0546448087431693,12.05464480874317,12.0,13.0,0.4918032786885246,0.0054644808743169,0.994535519125683,0.0,0.0,0.1392091128835207,144,0.9513888888888888,0.0,aps_conformal,0.1,target_lighting_shift,1,0.9,0.0453551912568306,results/sim_complete/seed1_calib0.40/metrics_by_domain_alpha0.10.csv
74,0.972972972972973,0.0270270270270269,6.72972972972973,7.0,11.0,0.7027027027027027,0.081081081081081,0.918918918918919,0.0,0.0,0.1686577307471196,62,0.9838709677419356,0.0,aps_conformal,0.1,target_occluded,1,0.9,0.072972972972973,results/sim_complete/seed1_calib0.40/metrics_by_domain_alpha0.10.csv
260,0.8961538461538462,0.1038461538461538,9.75,10.0,13.0,0.4269230769230769,0.0,1.0,0.0,0.0,0.0721395631835225,190,0.9421052631578948,0.0,temperature_conformal,0.1,target_camera_shift,1,0.9,-0.0038461538461538,results/sim_complete/seed1_calib0.40/metrics_by_domain_alpha0.10.csv
183,0.8797814207650273,0.1202185792349727,11.617486338797814,12.0,13.0,0.4918032786885246,0.0,1.0,0.0,0.0,0.2810678995462624,144,0.8958333333333334,0.0,temperature_conformal,0.1,target_lighting_shift,1,0.9,-0.0202185792349727,results/sim_complete/seed1_calib0.40/metrics_by_domain_alpha0.10.csv
74,0.972972972972973,0.0270270270270269,7.297297297297297,7.5,11.0,0.7027027027027027,0.0135135135135135,0.9864864864864864,0.0,0.0,0.1313568035517261,62,0.9838709677419356,0.0,temperature_conformal,0.1,target_occluded,1,0.9,0.072972972972973,results/sim_complete/seed1_calib0.40/metrics_by_domain_alpha0.10.csv
260,0.4807692307692308,0.5192307692307692,1.0,1.0,1.0,0.4807692307692308,1.0,0.0,0.0,0.5192307692307693,0.2316647531123792,190,0.4947368421052631,0.5052631578947369,prompt_only_top1,0.1,target_camera_shift,1,0.9,-0.4192307692307692,results/sim_complete/seed1_calib0.40/metrics_by_domain_alpha0.10.csv
183,0.6885245901639344,0.3114754098360656,1.0,1.0,1.0,0.6885245901639344,1.0,0.0,0.0,0.3114754098360656,0.0898107869468018,144,0.7222222222222222,0.2777777777777778,prompt_only_top1,0.1,target_lighting_shift,1,0.9,-0.2114754098360656,results/sim_complete/seed1_calib0.40/metrics_by_domain_alpha0.10.csv
74,0.7567567567567568,0.2432432432432432,1.0,1.0,1.0,0.7567567567567568,1.0,0.0,0.0,0.2432432432432432,0.1058845003349141,62,0.7903225806451613,0.2096774193548387,prompt_only_top1,0.1,target_occluded,1,0.9,-0.1432432432432432,results/sim_complete/seed1_calib0.40/metrics_by_domain_alpha0.10.csv
260,0.8653846153846154,0.1346153846153845,6.992307692307692,7.0,11.0,0.4807692307692308,0.073076923076923,0.926923076923077,0.0,0.0153846153846153,0.2316647531123792,190,0.9157894736842104,0.0157894736842105,coras,0.1,target_camera_shift,1,0.9,-0.0346153846153846,results/sim_complete/seed1_calib0.40/metrics_by_domain_alpha0.10.csv
183,0.9234972677595628,0.0765027322404371,6.978142076502732,9.0,11.0,0.6885245901639344,0.2459016393442623,0.7540983606557377,0.0,0.0,0.0898107869468018,144,0.9583333333333334,0.0,coras,0.1,target_lighting_shift,1,0.9,0.0234972677595628,results/sim_complete/seed1_calib0.40/metrics_by_domain_alpha0.10.csv
74,0.972972972972973,0.0270270270270269,5.54054054054054,5.0,11.0,0.7567567567567568,0.1756756756756756,0.8243243243243243,0.0,0.0,0.1058845003349141,62,0.9838709677419356,0.0,coras,0.1,target_occluded,1,0.9,0.072972972972973,results/sim_complete/seed1_calib0.40/metrics_by_domain_alpha0.10.csv
260,0.8961538461538462,0.1038461538461538,9.253846153846156,10.0,12.0,0.4807692307692308,0.0346153846153846,0.9653846153846154,0.0,0.0,0.2316647531123792,190,0.9421052631578948,0.0,coras_aps,0.1,target_camera_shift,1,0.9,-0.0038461538461538,results/sim_complete/seed1_calib0.40/metrics_by_domain_alpha0.10.csv
183,0.9617486338797814,0.0382513661202186,8.519125683060109,10.0,12.0,0.6885245901639344,0.1420765027322404,0.8579234972677595,0.0,0.0,0.0898107869468018,144,0.9930555555555556,0.0,coras_aps,0.1,target_lighting_shift,1,0.9,0.0617486338797813,results/sim_complete/seed1_calib0.40/metrics_by_domain_alpha0.10.csv
74,0.9864864864864864,0.0135135135135134,8.243243243243244,9.0,12.0,0.7567567567567568,0.0675675675675675,0.9324324324324323,0.0,0.0,0.1058845003349141,62,1.0,0.0,coras_aps,0.1,target_occluded,1,0.9,0.0864864864864864,results/sim_complete/seed1_calib0.40/metrics_by_domain_alpha0.10.csv
260,0.8961538461538462,0.1038461538461538,9.057692307692308,10.0,13.0,0.4807692307692308,0.0346153846153846,0.9653846153846154,0.0,0.0076923076923076,0.2316647531123792,190,0.9473684210526316,0.0105263157894736,mondrian_domain,0.1,target_camera_shift,1,0.9,-0.0038461538461538,results/sim_complete/seed1_calib0.40/metrics_by_domain_alpha0.10.csv
183,0.8360655737704918,0.1639344262295081,4.109289617486339,3.0,9.0,0.6885245901639344,0.3715846994535519,0.6284153005464481,0.0,0.0109289617486338,0.0898107869468018,144,0.8611111111111112,0.0,mondrian_domain,0.1,target_lighting_shift,1,0.9,-0.0639344262295081,results/sim_complete/seed1_calib0.40/metrics_by_domain_alpha0.10.csv
74,0.9594594594594594,0.0405405405405405,3.135135135135135,2.0,7.0,0.7567567567567568,0.3918918918918919,0.6081081081081081,0.0,0.0135135135135135,0.1058845003349141,62,0.9838709677419356,0.0,mondrian_domain,0.1,target_occluded,1,0.9,0.0594594594594594,results/sim_complete/seed1_calib0.40/metrics_by_domain_alpha0.10.csv
260,0.4269230769230769,0.573076923076923,1.0,1.0,1.0,0.4269230769230769,1.0,0.0,0.0,0.573076923076923,0.3143126674138691,190,0.4736842105263157,0.5263157894736842,top1_singleton,0.2,target_camera_shift,1,0.8,-0.3730769230769231,results/sim_complete/seed1_calib0.40/metrics_by_domain_alpha0.20.csv
183,0.4918032786885246,0.5081967213114754,1.0,1.0,1.0,0.4918032786885246,1.0,0.0,0.0,0.5081967213114754,0.1392091128835207,144,0.5069444444444444,0.4930555555555556,top1_singleton,0.2,target_lighting_shift,1,0.8,-0.3081967213114754,results/sim_complete/seed1_calib0.40/metrics_by_domain_alpha0.20.csv
74,0.7027027027027027,0.2972972972972972,1.0,1.0,1.0,0.7027027027027027,1.0,0.0,0.0,0.2972972972972973,0.1686577307471196,62,0.7096774193548387,0.2903225806451613,top1_singleton,0.2,target_occluded,1,0.8,-0.0972972972972973,results/sim_complete/seed1_calib0.40/metrics_by_domain_alpha0.20.csv
260,0.823076923076923,0.1769230769230769,7.0,7.0,7.0,0.4269230769230769,0.0,1.0,0.0,0.0,0.3143126674138691,190,0.8631578947368421,0.0,topk_calibrated,0.2,target_camera_shift,1,0.8,0.0230769230769229,results/sim_complete/seed1_calib0.40/metrics_by_domain_alpha0.20.csv
183,0.7431693989071039,0.2568306010928961,7.0,7.0,7.0,0.4918032786885246,0.0,1.0,0.0,0.0,0.1392091128835207,144,0.7430555555555556,0.0,topk_calibrated,0.2,target_lighting_shift,1,0.8,-0.0568306010928961,results/sim_complete/seed1_calib0.40/metrics_by_domain_alpha0.20.csv
74,0.9594594594594594,0.0405405405405405,7.0,7.0,7.0,0.7027027027027027,0.0,1.0,0.0,0.0,0.1686577307471196,62,0.967741935483871,0.0,topk_calibrated,0.2,target_occluded,1,0.8,0.1594594594594593,results/sim_complete/seed1_calib0.40/metrics_by_domain_alpha0.20.csv
260,0.75,0.25,4.403846153846154,4.0,8.0,0.4269230769230769,0.1461538461538461,0.8538461538461538,0.0,0.0384615384615384,0.3143126674138691,190,0.7789473684210526,0.0157894736842105,vanilla_conformal,0.2,target_camera_shift,1,0.8,-0.05,results/sim_complete/seed1_calib0.40/metrics_by_domain_alpha0.20.csv
183,0.8032786885245902,0.1967213114754098,9.344262295081966,11.0,11.0,0.4918032786885246,0.0273224043715847,0.9726775956284152,0.0,0.0,0.1392091128835207,144,0.8125,0.0,vanilla_conformal,0.2,target_lighting_shift,1,0.8,0.0032786885245901,results/sim_complete/seed1_calib0.40/metrics_by_domain_alpha0.20.csv
74,0.918918918918919,0.081081081081081,2.8513513513513513,2.0,6.0,0.7027027027027027,0.4189189189189189,0.581081081081081,0.0,0.027027027027027,0.1686577307471196,62,0.935483870967742,0.0,vanilla_conformal,0.2,target_occluded,1,0.8,0.1189189189189189,results/sim_complete/seed1_calib0.40/metrics_by_domain_alpha0.20.csv
260,0.8653846153846154,0.1346153846153845,7.634615384615385,8.0,11.0,0.4269230769230769,0.0423076923076923,0.9576923076923076,0.0,0.0076923076923076,0.3143126674138691,190,0.9052631578947368,0.0,aps_conformal,0.2,target_camera_shift,1,0.8,0.0653846153846153,results/sim_complete/seed1_calib0.40/metrics_by_domain_alpha0.20.csv
183,0.8306010928961749,0.1693989071038251,10.562841530054644,11.0,12.0,0.4918032786885246,0.0054644808743169,0.994535519125683,0.0,0.0,0.1392091128835207,144,0.8402777777777778,0.0,aps_conformal,0.2,target_lighting_shift,1,0.8,0.0306010928961748,results/sim_complete/seed1_calib0.40/metrics_by_domain_alpha0.20.csv
74,0.9594594594594594,0.0405405405405405,4.864864864864865,5.0,9.0,0.7027027027027027,0.2432432432432432,0.7567567567567568,0.0,0.027027027027027,0.1686577307471196,62,0.9838709677419356,0.0,aps_conformal,0.2,target_occluded,1,0.8,0.1594594594594593,results/sim_complete/seed1_calib0.40/metrics_by_domain_alpha0.20.csv
260,0.7653846153846153,0.2346153846153846,4.661538461538462,5.0,7.0,0.4269230769230769,0.05,0.95,0.0,0.0115384615384615,0.0721962300100622,190,0.8,0.0,temperature_conformal,0.2,target_camera_shift,1,0.8,-0.0346153846153847,results/sim_complete/seed1_calib0.40/metrics_by_domain_alpha0.20.csv
183,0.7704918032786885,0.2295081967213115,8.46448087431694,9.0,11.0,0.4918032786885246,0.0054644808743169,0.994535519125683,0.0,0.0,0.2809537917435412,144,0.7777777777777778,0.0,temperature_conformal,0.2,target_lighting_shift,1,0.8,-0.0295081967213115,results/sim_complete/seed1_calib0.40/metrics_by_domain_alpha0.20.csv
74,0.918918918918919,0.081081081081081,3.283783783783784,3.0,6.0,0.7027027027027027,0.2432432432432432,0.7567567567567568,0.0,0.0135135135135135,0.1310877430168511,62,0.9193548387096774,0.0,temperature_conformal,0.2,target_occluded,1,0.8,0.1189189189189189,results/sim_complete/seed1_calib0.40/metrics_by_domain_alpha0.20.csv
260,0.4807692307692308,0.5192307692307692,1.0,1.0,1.0,0.4807692307692308,1.0,0.0,0.0,0.5192307692307693,0.2316647531123792,190,0.4947368421052631,0.5052631578947369,prompt_only_top1,0.2,target_camera_shift,1,0.8,-0.3192307692307692,results/sim_complete/seed1_calib0.40/metrics_by_domain_alpha0.20.csv
183,0.6885245901639344,0.3114754098360656,1.0,1.0,1.0,0.6885245901639344,1.0,0.0,0.0,0.3114754098360656,0.0898107869468018,144,0.7222222222222222,0.2777777777777778,prompt_only_top1,0.2,target_lighting_shift,1,0.8,-0.1114754098360656,results/sim_complete/seed1_calib0.40/metrics_by_domain_alpha0.20.csv
74,0.7567567567567568,0.2432432432432432,1.0,1.0,1.0,0.7567567567567568,1.0,0.0,0.0,0.2432432432432432,0.1058845003349141,62,0.7903225806451613,0.2096774193548387,prompt_only_top1,0.2,target_occluded,1,0.8,-0.0432432432432432,results/sim_complete/seed1_calib0.40/metrics_by_domain_alpha0.20.csv
260,0.7230769230769231,0.2769230769230769,3.05,3.0,6.0,0.4807692307692308,0.2192307692307692,0.7807692307692308,0.0,0.0884615384615384,0.2316647531123792,190,0.7578947368421053,0.1,coras,0.2,target_camera_shift,1,0.8,-0.0769230769230769,results/sim_complete/seed1_calib0.40/metrics_by_domain_alpha0.20.csv
183,0.8306010928961749,0.1693989071038251,3.60655737704918,3.0,8.0,0.6885245901639344,0.4043715846994535,0.5956284153005464,0.0,0.0163934426229508,0.0898107869468018,144,0.8541666666666666,0.0,coras,0.2,target_lighting_shift,1,0.8,0.0306010928961748,results/sim_complete/seed1_calib0.40/metrics_by_domain_alpha0.20.csv
74,0.918918918918919,0.081081081081081,2.3513513513513513,2.0,5.0,0.7567567567567568,0.4459459459459459,0.5540540540540541,0.0,0.0135135135135135,0.1058845003349141,62,0.935483870967742,0.0,coras,0.2,target_occluded,1,0.8,0.1189189189189189,results/sim_complete/seed1_calib0.40/metrics_by_domain_alpha0.20.csv
260,0.8730769230769231,0.1269230769230769,7.311538461538461,8.0,11.0,0.4807692307692308,0.0807692307692307,0.9192307692307692,0.0,0.0115384615384615,0.2316647531123792,190,0.9315789473684212,0.0105263157894736,coras_aps,0.2,target_camera_shift,1,0.8,0.073076923076923,results/sim_complete/seed1_calib0.40/metrics_by_domain_alpha0.20.csv
183,0.912568306010929,0.087431693989071,6.923497267759563,9.0,11.0,0.6885245901639344,0.2240437158469945,0.7759562841530054,0.0,0.0,0.0898107869468018,144,0.9375,0.0,coras_aps,0.2,target_lighting_shift,1,0.8,0.1125683060109289,results/sim_complete/seed1_calib0.40/metrics_by_domain_alpha0.20.csv
74,0.972972972972973,0.0270270270270269,6.027027027027027,6.0,11.0,0.7567567567567568,0.1621621621621621,0.8378378378378378,0.0,0.0,0.1058845003349141,62,0.9838709677419356,0.0,coras_aps,0.2,target_occluded,1,0.8,0.1729729729729729,results/sim_complete/seed1_calib0.40/metrics_by_domain_alpha0.20.csv
260,0.8307692307692308,0.1692307692307691,5.392307692307693,5.0,9.0,0.4807692307692308,0.1,0.9,0.0,0.0269230769230769,0.2316647531123792,190,0.8842105263157894,0.031578947368421,mondrian_domain,0.2,target_camera_shift,1,0.8,0.0307692307692307,results/sim_complete/seed1_calib0.40/metrics_by_domain_alpha0.20.csv
183,0.7868852459016393,0.2131147540983606,2.1256830601092895,1.0,4.0,0.6885245901639344,0.5409836065573771,0.4590163934426229,0.0,0.0382513661202185,0.0898107869468018,144,0.8125,0.0069444444444444,mondrian_domain,0.2,target_lighting_shift,1,0.8,-0.0131147540983607,results/sim_complete/seed1_calib0.40/metrics_by_domain_alpha0.20.csv
74,0.9054054054054054,0.0945945945945946,1.6756756756756757,1.0,3.0,0.7567567567567568,0.6216216216216216,0.3783783783783784,0.0,0.027027027027027,0.1058845003349141,62,0.935483870967742,0.0,mondrian_domain,0.2,target_occluded,1,0.8,0.1054054054054053,results/sim_complete/seed1_calib0.40/metrics_by_domain_alpha0.20.csv
250,0.528,0.472,1.0,1.0,1.0,0.528,1.0,0.0,0.0,0.472,0.2463809715632661,186,0.532258064516129,0.4677419354838709,top1_singleton,0.05,target_camera_shift,2,0.95,-0.4219999999999999,results/sim_complete/seed2_calib0.10/metrics_by_domain_alpha0.05.csv
141,0.6595744680851063,0.3404255319148936,1.0,1.0,1.0,0.6595744680851063,1.0,0.0,0.0,0.3404255319148936,0.0941125381677774,105,0.6761904761904762,0.3238095238095238,top1_singleton,0.05,target_lighting_shift,2,0.95,-0.2904255319148936,results/sim_complete/seed2_calib0.10/metrics_by_domain_alpha0.05.csv
77,0.7142857142857143,0.2857142857142857,1.0,1.0,1.0,0.7142857142857143,1.0,0.0,0.0,0.2857142857142857,0.1476419049983799,66,0.7121212121212122,0.2878787878787879,top1_singleton,0.05,target_occluded,2,0.95,-0.2357142857142856,results/sim_complete/seed2_calib0.10/metrics_by_domain_alpha0.05.csv
250,0.928,0.0719999999999999,11.0,11.0,11.0,0.528,0.0,1.0,0.0,0.0,0.2463809715632661,186,0.967741935483871,0.0,topk_calibrated,0.05,target_camera_shift,2,0.95,-0.0219999999999999,results/sim_complete/seed2_calib0.10/metrics_by_domain_alpha0.05.csv
141,0.9361702127659576,0.0638297872340425,11.0,11.0,11.0,0.6595744680851063,0.0,1.0,0.0,0.0,0.0941125381677774,105,0.9142857142857144,0.0,topk_calibrated,0.05,target_lighting_shift,2,0.95,-0.0138297872340424,results/sim_complete/seed2_calib0.10/metrics_by_domain_alpha0.05.csv
77,0.987012987012987,0.0129870129870129,11.0,11.0,11.0,0.7142857142857143,0.0,1.0,0.0,0.0,0.1476419049983799,66,0.9848484848484848,0.0,topk_calibrated,0.05,target_occluded,2,0.95,0.037012987012987,results/sim_complete/seed2_calib0.10/metrics_by_domain_alpha0.05.csv
250,0.896,0.1039999999999999,8.28,9.0,13.0,0.528,0.024,0.976,0.0,0.004,0.2463809715632661,186,0.9301075268817204,0.0053763440860215,vanilla_conformal,0.05,target_camera_shift,2,0.95,-0.0539999999999999,results/sim_complete/seed2_calib0.10/metrics_by_domain_alpha0.05.csv
141,0.9716312056737588,0.0283687943262411,9.25531914893617,10.0,15.0,0.6595744680851063,0.0921985815602836,0.9078014184397164,0.0,0.0,0.0941125381677774,105,0.961904761904762,0.0,vanilla_conformal,0.05,target_lighting_shift,2,0.95,0.0216312056737588,results/sim_complete/seed2_calib0.10/metrics_by_domain_alpha0.05.csv
77,0.987012987012987,0.0129870129870129,5.584415584415584,5.0,12.0,0.7142857142857143,0.2857142857142857,0.7142857142857143,0.0,0.0,0.1476419049983799,66,0.9848484848484848,0.0,vanilla_conformal,0.05,target_occluded,2,0.95,0.037012987012987,results/sim_complete/seed2_calib0.10/metrics_by_domain_alpha0.05.csv
250,0.92,0.0799999999999999,9.668,10.0,13.0,0.528,0.012,0.988,0.0,0.0,0.2463809715632661,186,0.9623655913978496,0.0,aps_conformal,0.05,target_camera_shift,2,0.95,-0.0299999999999999,results/sim_complete/seed2_calib0.10/metrics_by_domain_alpha0.05.csv
141,0.9716312056737588,0.0283687943262411,9.851063829787234,11.0,13.0,0.6595744680851063,0.0212765957446808,0.9787234042553192,0.0,0.0,0.0941125381677774,105,0.961904761904762,0.0,aps_conformal,0.05,target_lighting_shift,2,0.95,0.0216312056737588,results/sim_complete/seed2_calib0.10/metrics_by_domain_alpha0.05.csv
77,0.987012987012987,0.0129870129870129,6.675324675324675,7.0,12.0,0.7142857142857143,0.1688311688311688,0.8311688311688312,0.0,0.0,0.1476419049983799,66,0.9848484848484848,0.0,aps_conformal,0.05,target_occluded,2,0.95,0.037012987012987,results/sim_complete/seed2_calib0.10/metrics_by_domain_alpha0.05.csv
250,0.892,0.1079999999999999,7.716,8.0,12.0,0.528,0.024,0.976,0.0,0.004,0.1321052108849844,186,0.9247311827956988,0.0053763440860215,temperature_conformal,0.05,target_camera_shift,2,0.95,-0.0579999999999999,results/sim_complete/seed2_calib0.10/metrics_by_domain_alpha0.05.csv
141,0.9574468085106383,0.0425531914893616,8.354609929078014,10.0,13.0,0.6595744680851063,0.0638297872340425,0.9361702127659576,0.0,0.0,0.1426906785903897,105,0.9428571428571428,0.0,temperature_conformal,0.05,target_lighting_shift,2,0.95,0.0074468085106383,results/sim_complete/seed2_calib0.10/metrics_by_domain_alpha0.05.csv
77,0.987012987012987,0.0129870129870129,5.194805194805195,5.0,10.0,0.7142857142857143,0.2467532467532467,0.7532467532467533,0.0,0.0,0.1081568071369268,66,0.9848484848484848,0.0,temperature_conformal,0.05,target_occluded,2,0.95,0.037012987012987,results/sim_complete/seed2_calib0.10/metrics_by_domain_alpha0.05.csv
250,0.496,0.504,1.0,1.0,1.0,0.496,1.0,0.0,0.0,0.504,0.1980505433514598,186,0.510752688172043,0.489247311827957,prompt_only_top1,0.05,target_camera_shift,2,0.95,-0.4539999999999999,results/sim_complete/seed2_calib0.10/metrics_by_domain_alpha0.05.csv
141,0.7446808510638298,0.2553191489361702,1.0,1.0,1.0,0.7446808510638298,1.0,0.0,0.0,0.2553191489361702,0.0645908387416286,105,0.7619047619047619,0.238095238095238,prompt_only_top1,0.05,target_lighting_shift,2,0.95,-0.2053191489361702,results/sim_complete/seed2_calib0.10/metrics_by_domain_alpha0.05.csv
77,0.7142857142857143,0.2857142857142857,1.0,1.0,1.0,0.7142857142857143,1.0,0.0,0.0,0.2857142857142857,0.107573314282889,66,0.7121212121212122,0.2878787878787879,prompt_only_top1,0.05,target_occluded,2,0.95,-0.2357142857142856,results/sim_complete/seed2_calib0.10/metrics_by_domain_alpha0.05.csv
250,0.928,0.0719999999999999,8.18,9.0,13.0,0.496,0.06,0.94,0.0,0.0,0.1980505433514598,186,0.9623655913978496,0.0,coras,0.05,target_camera_shift,2,0.95,-0.0219999999999999,results/sim_complete/seed2_calib0.10/metrics_by_domain_alpha0.05.csv
141,0.9787234042553192,0.0212765957446808,6.638297872340425,6.0,13.0,0.7446808510638298,0.2056737588652482,0.7943262411347518,0.0,0.0,0.0645908387416286,105,0.9714285714285714,0.0,coras,0.05,target_lighting_shift,2,0.95,0.0287234042553191,results/sim_complete/seed2_calib0.10/metrics_by_domain_alpha0.05.csv
77,0.987012987012987,0.0129870129870129,4.688311688311688,4.0,9.0,0.7142857142857143,0.3376623376623376,0.6623376623376623,0.0,0.0,0.107573314282889,66,0.9848484848484848,0.0,coras,0.05,target_occluded,2,0.95,0.037012987012987,results/sim_complete/seed2_calib0.10/metrics_by_domain_alpha0.05.csv
250,0.956,0.044,10.9,11.0,13.0,0.496,0.004,0.996,0.0,0.0,0.1980505433514598,186,0.9838709677419356,0.0,coras_aps,0.05,target_camera_shift,2,0.95,0.006,results/sim_complete/seed2_calib0.10/metrics_by_domain_alpha0.05.csv
141,0.9787234042553192,0.0212765957446808,9.609929078014185,10.0,13.0,0.7446808510638298,0.0354609929078014,0.9645390070921984,0.0,0.0,0.0645908387416286,105,0.9714285714285714,0.0,coras_aps,0.05,target_lighting_shift,2,0.95,0.0287234042553191,results/sim_complete/seed2_calib0.10/metrics_by_domain_alpha0.05.csv
77,0.987012987012987,0.0129870129870129,8.077922077922079,9.0,12.0,0.7142857142857143,0.1038961038961039,0.8961038961038961,0.0,0.0,0.107573314282889,66,0.9848484848484848,0.0,coras_aps,0.05,target_occluded,2,0.95,0.037012987012987,results/sim_complete/seed2_calib0.10/metrics_by_domain_alpha0.05.csv
250,0.976,0.024,11.888,13.0,15.0,0.496,0.012,0.988,0.0,0.0,0.1980505433514598,186,0.9946236559139784,0.0,mondrian_domain,0.05,target_camera_shift,2,0.95,0.026,results/sim_complete/seed2_calib0.10/metrics_by_domain_alpha0.05.csv
141,0.9716312056737588,0.0283687943262411,5.120567375886525,4.0,11.0,0.7446808510638298,0.3049645390070922,0.6950354609929078,0.0,0.0,0.0645908387416286,105,0.961904761904762,0.0,mondrian_domain,0.05,target_lighting_shift,2,0.95,0.0216312056737588,results/sim_complete/seed2_calib0.10/metrics_by_domain_alpha0.05.csv
77,0.987012987012987,0.0129870129870129,9.688311688311687,11.0,15.0,0.7142857142857143,0.0649350649350649,0.935064935064935,0.0,0.0,0.107573314282889,66,0.9848484848484848,0.0,mondrian_domain,0.05,target_occluded,2,0.95,0.037012987012987,results/sim_complete/seed2_calib0.10/metrics_by_domain_alpha0.05.csv
250,0.528,0.472,1.0,1.0,1.0,0.528,1.0,0.0,0.0,0.472,0.2463809715632661,186,0.532258064516129,0.4677419354838709,top1_singleton,0.1,target_camera_shift,2,0.9,-0.372,results/sim_complete/seed2_calib0.10/metrics_by_domain_alpha0.10.csv
141,0.6595744680851063,0.3404255319148936,1.0,1.0,1.0,0.6595744680851063,1.0,0.0,0.0,0.3404255319148936,0.0941125381677774,105,0.6761904761904762,0.3238095238095238,top1_singleton,0.1,target_lighting_shift,2,0.9,-0.2404255319148937,results/sim_complete/seed2_calib0.10/metrics_by_domain_alpha0.10.csv
77,0.7142857142857143,0.2857142857142857,1.0,1.0,1.0,0.7142857142857143,1.0,0.0,0.0,0.2857142857142857,0.1476419049983799,66,0.7121212121212122,0.2878787878787879,top1_singleton,0.1,target_occluded,2,0.9,-0.1857142857142857,results/sim_complete/seed2_calib0.10/metrics_by_domain_alpha0.10.csv
250,0.892,0.1079999999999999,8.0,8.0,8.0,0.528,0.0,1.0,0.0,0.0,0.2463809715632661,186,0.9408602150537636,0.0,topk_calibrated,0.1,target_camera_shift,2,0.9,-0.008,results/sim_complete/seed2_calib0.10/metrics_by_domain_alpha0.10.csv
141,0.9078014184397164,0.0921985815602837,8.0,8.0,8.0,0.6595744680851063,0.0,1.0,0.0,0.0,0.0941125381677774,105,0.8857142857142857,0.0,topk_calibrated,0.1,target_lighting_shift,2,0.9,0.0078014184397162,results/sim_complete/seed2_calib0.10/metrics_by_domain_alpha0.10.csv
77,0.987012987012987,0.0129870129870129,8.0,8.0,8.0,0.7142857142857143,0.0,1.0,0.0,0.0,0.1476419049983799,66,0.9848484848484848,0.0,topk_calibrated,0.1,target_occluded,2,0.9,0.0870129870129869,results/sim_complete/seed2_calib0.10/metrics_by_domain_alpha0.10.csv
250,0.836,0.164,4.444,4.0,9.0,0.528,0.156,0.844,0.0,0.024,0.2463809715632661,186,0.8655913978494624,0.0268817204301075,vanilla_conformal,0.1,target_camera_shift,2,0.9,-0.064,results/sim_complete/seed2_calib0.10/metrics_by_domain_alpha0.10.csv
141,0.9432624113475178,0.0567375886524822,5.659574468085107,6.0,11.0,0.6595744680851063,0.2198581560283688,0.7801418439716312,0.0,0.0,0.0941125381677774,105,0.923809523809524,0.0,vanilla_conformal,0.1,target_lighting_shift,2,0.9,0.0432624113475177,results/sim_complete/seed2_calib0.10/metrics_by_domain_alpha0.10.csv
77,0.974025974025974,0.0259740259740259,3.207792207792208,2.0,7.400000000000006,0.7142857142857143,0.4675324675324675,0.5324675324675324,0.0,0.0259740259740259,0.1476419049983799,66,0.9848484848484848,0.0151515151515151,vanilla_conformal,0.1,target_occluded,2,0.9,0.074025974025974,results/sim_complete/seed2_calib0.10/metrics_by_domain_alpha0.10.csv
250,0.904,0.0959999999999999,8.444,9.0,12.0,0.528,0.028,0.972,0.0,0.004,0.2463809715632661,186,0.9408602150537636,0.0053763440860215,aps_conformal,0.1,target_camera_shift,2,0.9,0.004,results/sim_complete/seed2_calib0.10/metrics_by_domain_alpha0.10.csv
141,0.9645390070921984,0.0354609929078014,8.77304964539007,10.0,13.0,0.6595744680851063,0.0921985815602836,0.9078014184397164,0.0,0.0,0.0941125381677774,105,0.9523809523809524,0.0,aps_conformal,0.1,target_lighting_shift,2,0.9,0.0645390070921985,results/sim_complete/seed2_calib0.10/metrics_by_domain_alpha0.10.csv
77,0.987012987012987,0.0129870129870129,5.4935064935064934,5.0,11.0,0.7142857142857143,0.2987012987012987,0.7012987012987013,0.0,0.0,0.1476419049983799,66,0.9848484848484848,0.0,aps_conformal,0.1,target_occluded,2,0.9,0.0870129870129869,results/sim_complete/seed2_calib0.10/metrics_by_domain_alpha0.10.csv
250,0.844,0.156,4.652,4.0,8.0,0.528,0.1,0.9,0.0,0.008,0.1321021534010867,186,0.8763440860215054,0.010752688172043,temperature_conformal,0.1,target_camera_shift,2,0.9,-0.056,results/sim_complete/seed2_calib0.10/metrics_by_domain_alpha0.10.csv
141,0.9290780141843972,0.0709219858156028,5.709219858156028,6.0,10.0,0.6595744680851063,0.1773049645390071,0.8226950354609929,0.0,0.0,0.1426955262231661,105,0.9047619047619048,0.0,temperature_conformal,0.1,target_lighting_shift,2,0.9,0.0290780141843971,results/sim_complete/seed2_calib0.10/metrics_by_domain_alpha0.10.csv
77,0.974025974025974,0.0259740259740259,3.4025974025974026,2.0,7.0,0.7142857142857143,0.3896103896103896,0.6103896103896104,0.0,0.0129870129870129,0.1081558203428105,66,0.9848484848484848,0.0,temperature_conformal,0.1,target_occluded,2,0.9,0.074025974025974,results/sim_complete/seed2_calib0.10/metrics_by_domain_alpha0.10.csv
250,0.496,0.504,1.0,1.0,1.0,0.496,1.0,0.0,0.0,0.504,0.1980505433514598,186,0.510752688172043,0.489247311827957,prompt_only_top1,0.1,target_camera_shift,2,0.9,-0.404,results/sim_complete/seed2_calib0.10/metrics_by_domain_alpha0.10.csv
141,0.7446808510638298,0.2553191489361702,1.0,1.0,1.0,0.7446808510638298,1.0,0.0,0.0,0.2553191489361702,0.0645908387416286,105,0.7619047619047619,0.238095238095238,prompt_only_top1,0.1,target_lighting_shift,2,0.9,-0.1553191489361702,results/sim_complete/seed2_calib0.10/metrics_by_domain_alpha0.10.csv
77,0.7142857142857143,0.2857142857142857,1.0,1.0,1.0,0.7142857142857143,1.0,0.0,0.0,0.2857142857142857,0.107573314282889,66,0.7121212121212122,0.2878787878787879,prompt_only_top1,0.1,target_occluded,2,0.9,-0.1857142857142857,results/sim_complete/seed2_calib0.10/metrics_by_domain_alpha0.10.csv
250,0.876,0.124,5.512,5.0,10.0,0.496,0.116,0.884,0.0,0.008,0.1980505433514598,186,0.9193548387096774,0.010752688172043,coras,0.1,target_camera_shift,2,0.9,-0.024,results/sim_complete/seed2_calib0.10/metrics_by_domain_alpha0.10.csv
141,0.9716312056737588,0.0283687943262411,4.50354609929078,3.0,10.0,0.7446808510638298,0.3404255319148936,0.6595744680851063,0.0,0.0,0.0645908387416286,105,0.961904761904762,0.0,coras,0.1,target_lighting_shift,2,0.9,0.0716312056737588,results/sim_complete/seed2_calib0.10/metrics_by_domain_alpha0.10.csv
77,0.961038961038961,0.0389610389610389,3.1298701298701297,2.0,7.0,0.7142857142857143,0.4415584415584415,0.5584415584415584,0.0,0.0129870129870129,0.107573314282889,66,0.9696969696969696,0.0151515151515151,coras,0.1,target_occluded,2,0.9,0.061038961038961,results/sim_complete/seed2_calib0.10/metrics_by_domain_alpha0.10.csv
250,0.948,0.052,9.884,10.5,13.0,0.496,0.032,0.968,0.0,0.0,0.1980505433514598,186,0.9838709677419356,0.0,coras_aps,0.1,target_camera_shift,2,0.9,0.0479999999999999,results/sim_complete/seed2_calib0.10/metrics_by_domain_alpha0.10.csv
141,0.9787234042553192,0.0212765957446808,8.46808510638298,9.0,13.0,0.7446808510638298,0.0921985815602836,0.9078014184397164,0.0,0.0,0.0645908387416286,105,0.9714285714285714,0.0,coras_aps,0.1,target_lighting_shift,2,0.9,0.0787234042553191,results/sim_complete/seed2_calib0.10/metrics_by_domain_alpha0.10.csv
77,0.987012987012987,0.0129870129870129,6.753246753246753,8.0,11.0,0.7142857142857143,0.1948051948051948,0.8051948051948052,0.0,0.0,0.107573314282889,66,0.9848484848484848,0.0,coras_aps,0.1,target_occluded,2,0.9,0.0870129870129869,results/sim_complete/seed2_calib0.10/metrics_by_domain_alpha0.10.csv
250,0.9,0.0999999999999999,6.824,7.0,11.0,0.496,0.084,0.916,0.0,0.008,0.1980505433514598,186,0.935483870967742,0.010752688172043,mondrian_domain,0.1,target_camera_shift,2,0.9,0.0,results/sim_complete/seed2_calib0.10/metrics_by_domain_alpha0.10.csv
141,0.9574468085106383,0.0425531914893616,3.652482269503546,2.0,8.0,0.7446808510638298,0.425531914893617,0.574468085106383,0.0,0.0,0.0645908387416286,105,0.9428571428571428,0.0,mondrian_domain,0.1,target_lighting_shift,2,0.9,0.0574468085106383,results/sim_complete/seed2_calib0.10/metrics_by_domain_alpha0.10.csv
77,0.961038961038961,0.0389610389610389,3.948051948051948,3.0,8.400000000000006,0.7142857142857143,0.3896103896103896,0.6103896103896104,0.0,0.0,0.107573314282889,66,0.9696969696969696,0.0,mondrian_domain,0.1,target_occluded,2,0.9,0.061038961038961,results/sim_complete/seed2_calib0.10/metrics_by_domain_alpha0.10.csv
250,0.528,0.472,1.0,1.0,1.0,0.528,1.0,0.0,0.0,0.472,0.2463809715632661,186,0.532258064516129,0.4677419354838709,top1_singleton,0.2,target_camera_shift,2,0.8,-0.272,results/sim_complete/seed2_calib0.10/metrics_by_domain_alpha0.20.csv
141,0.6595744680851063,0.3404255319148936,1.0,1.0,1.0,0.6595744680851063,1.0,0.0,0.0,0.3404255319148936,0.0941125381677774,105,0.6761904761904762,0.3238095238095238,top1_singleton,0.2,target_lighting_shift,2,0.8,-0.1404255319148937,results/sim_complete/seed2_calib0.10/metrics_by_domain_alpha0.20.csv
77,0.7142857142857143,0.2857142857142857,1.0,1.0,1.0,0.7142857142857143,1.0,0.0,0.0,0.2857142857142857,0.1476419049983799,66,0.7121212121212122,0.2878787878787879,top1_singleton,0.2,target_occluded,2,0.8,-0.0857142857142857,results/sim_complete/seed2_calib0.10/metrics_by_domain_alpha0.20.csv
250,0.832,0.168,4.0,4.0,4.0,0.528,0.0,1.0,0.0,0.0,0.2463809715632661,186,0.8763440860215054,0.0,topk_calibrated,0.2,target_camera_shift,2,0.8,0.0319999999999999,results/sim_complete/seed2_calib0.10/metrics_by_domain_alpha0.20.csv
141,0.8368794326241135,0.1631205673758865,4.0,4.0,4.0,0.6595744680851063,0.0,1.0,0.0,0.0,0.0941125381677774,105,0.8095238095238095,0.0,topk_calibrated,0.2,target_lighting_shift,2,0.8,0.0368794326241134,results/sim_complete/seed2_calib0.10/metrics_by_domain_alpha0.20.csv
77,0.922077922077922,0.0779220779220779,4.0,4.0,4.0,0.7142857142857143,0.0,1.0,0.0,0.0,0.1476419049983799,66,0.9242424242424242,0.0,topk_calibrated,0.2,target_occluded,2,0.8,0.122077922077922,results/sim_complete/seed2_calib0.10/metrics_by_domain_alpha0.20.csv
250,0.772,0.2279999999999999,2.456,2.0,5.0,0.528,0.328,0.672,0.0,0.072,0.2463809715632661,186,0.8064516129032258,0.0806451612903225,vanilla_conformal,0.2,target_camera_shift,2,0.8,-0.028,results/sim_complete/seed2_calib0.10/metrics_by_domain_alpha0.20.csv
141,0.8723404255319149,0.127659574468085,3.354609929078014,3.0,7.0,0.6595744680851063,0.3829787234042553,0.6170212765957447,0.0,0.0,0.0941125381677774,105,0.8476190476190476,0.0,vanilla_conformal,0.2,target_lighting_shift,2,0.8,0.0723404255319148,results/sim_complete/seed2_calib0.10/metrics_by_domain_alpha0.20.csv
77,0.8831168831168831,0.1168831168831169,2.142857142857143,1.0,4.400000000000006,0.7142857142857143,0.5714285714285714,0.4285714285714285,0.0,0.0389610389610389,0.1476419049983799,66,0.8787878787878788,0.0303030303030303,vanilla_conformal,0.2,target_occluded,2,0.8,0.083116883116883,results/sim_complete/seed2_calib0.10/metrics_by_domain_alpha0.20.csv
250,0.864,0.136,5.856,6.0,10.0,0.528,0.152,0.848,0.0,0.012,0.2463809715632661,186,0.8924731182795699,0.010752688172043,aps_conformal,0.2,target_camera_shift,2,0.8,0.0639999999999999,results/sim_complete/seed2_calib0.10/metrics_by_domain_alpha0.20.csv
141,0.9361702127659576,0.0638297872340425,6.652482269503546,8.0,11.0,0.6595744680851063,0.2056737588652482,0.7943262411347518,0.0,0.0,0.0941125381677774,105,0.9142857142857144,0.0,aps_conformal,0.2,target_lighting_shift,2,0.8,0.1361702127659574,results/sim_complete/seed2_calib0.10/metrics_by_domain_alpha0.20.csv
77,0.974025974025974,0.0259740259740259,3.857142857142857,2.0,9.0,0.7142857142857143,0.4545454545454545,0.5454545454545454,0.0,0.0129870129870129,0.1476419049983799,66,0.9848484848484848,0.0,aps_conformal,0.2,target_occluded,2,0.8,0.1740259740259739,results/sim_complete/seed2_calib0.10/metrics_by_domain_alpha0.20.csv
250,0.764,0.236,2.408,2.0,4.0,0.528,0.276,0.724,0.0,0.064,0.1320911383796719,186,0.7956989247311828,0.075268817204301,temperature_conformal,0.2,target_camera_shift,2,0.8,-0.036,results/sim_complete/seed2_calib0.10/metrics_by_domain_alpha0.20.csv
141,0.8652482269503546,0.1347517730496453,3.0921985815602837,3.0,6.0,0.6595744680851063,0.3475177304964539,0.6524822695035462,0.0,0.0,0.1427129910002633,105,0.8476190476190476,0.0,temperature_conformal,0.2,target_lighting_shift,2,0.8,0.0652482269503546,results/sim_complete/seed2_calib0.10/metrics_by_domain_alpha0.20.csv
77,0.8831168831168831,0.1168831168831169,2.064935064935065,1.0,4.0,0.7142857142857143,0.5584415584415584,0.4415584415584415,0.0,0.0259740259740259,0.1081522653170025,66,0.8939393939393939,0.0151515151515151,temperature_conformal,0.2,target_occluded,2,0.8,0.083116883116883,results/sim_complete/seed2_calib0.10/metrics_by_domain_alpha0.20.csv
250,0.496,0.504,1.0,1.0,1.0,0.496,1.0,0.0,0.0,0.504,0.1980505433514598,186,0.510752688172043,0.489247311827957,prompt_only_top1,0.2,target_camera_shift,2,0.8,-0.304,results/sim_complete/seed2_calib0.10/metrics_by_domain_alpha0.20.csv
141,0.7446808510638298,0.2553191489361702,1.0,1.0,1.0,0.7446808510638298,1.0,0.0,0.0,0.2553191489361702,0.0645908387416286,105,0.7619047619047619,0.238095238095238,prompt_only_top1,0.2,target_lighting_shift,2,0.8,-0.0553191489361702,results/sim_complete/seed2_calib0.10/metrics_by_domain_alpha0.20.csv
77,0.7142857142857143,0.2857142857142857,1.0,1.0,1.0,0.7142857142857143,1.0,0.0,0.0,0.2857142857142857,0.107573314282889,66,0.7121212121212122,0.2878787878787879,prompt_only_top1,0.2,target_occluded,2,0.8,-0.0857142857142857,results/sim_complete/seed2_calib0.10/metrics_by_domain_alpha0.20.csv
250,0.772,0.2279999999999999,2.568,2.0,5.0,0.496,0.3,0.7,0.0,0.072,0.1980505433514598,186,0.8118279569892473,0.0913978494623656,coras,0.2,target_camera_shift,2,0.8,-0.028,results/sim_complete/seed2_calib0.10/metrics_by_domain_alpha0.20.csv
141,0.9078014184397164,0.0921985815602837,2.482269503546099,1.0,6.0,0.7446808510638298,0.5319148936170213,0.4680851063829787,0.0,0.0070921985815602,0.0645908387416286,105,0.8952380952380953,0.0,coras,0.2,target_lighting_shift,2,0.8,0.1078014184397162,results/sim_complete/seed2_calib0.10/metrics_by_domain_alpha0.20.csv
77,0.8831168831168831,0.1168831168831169,2.0,1.0,4.0,0.7142857142857143,0.5584415584415584,0.4415584415584415,0.0,0.0389610389610389,0.107573314282889,66,0.8939393939393939,0.0303030303030303,coras,0.2,target_occluded,2,0.8,0.083116883116883,results/sim_complete/seed2_calib0.10/metrics_by_domain_alpha0.20.csv
250,0.908,0.0919999999999999,7.3,8.0,11.0,0.496,0.076,0.924,0.0,0.0,0.1980505433514598,186,0.946236559139785,0.0,coras_aps,0.2,target_camera_shift,2,0.8,0.1079999999999999,results/sim_complete/seed2_calib0.10/metrics_by_domain_alpha0.20.csv
141,0.9716312056737588,0.0283687943262411,5.957446808510638,6.0,11.0,0.7446808510638298,0.2482269503546099,0.75177304964539,0.0,0.0,0.0645908387416286,105,0.961904761904762,0.0,coras_aps,0.2,target_lighting_shift,2,0.8,0.1716312056737587,results/sim_complete/seed2_calib0.10/metrics_by_domain_alpha0.20.csv
77,0.961038961038961,0.0389610389610389,4.298701298701299,4.0,8.400000000000006,0.7142857142857143,0.3896103896103896,0.6103896103896104,0.0,0.0,0.107573314282889,66,0.9696969696969696,0.0,coras_aps,0.2,target_occluded,2,0.8,0.1610389610389609,results/sim_complete/seed2_calib0.10/metrics_by_domain_alpha0.20.csv
250,0.836,0.164,4.064,4.0,8.0,0.496,0.176,0.824,0.0,0.02,0.1980505433514598,186,0.8817204301075269,0.0268817204301075,mondrian_domain,0.2,target_camera_shift,2,0.8,0.0359999999999999,results/sim_complete/seed2_calib0.10/metrics_by_domain_alpha0.20.csv
141,0.8581560283687943,0.1418439716312056,1.3900709219858156,1.0,3.0,0.7446808510638298,0.7304964539007093,0.2695035460992908,0.0,0.0354609929078014,0.0645908387416286,105,0.8666666666666667,0.0285714285714285,mondrian_domain,0.2,target_lighting_shift,2,0.8,0.0581560283687943,results/sim_complete/seed2_calib0.10/metrics_by_domain_alpha0.20.csv
77,0.8961038961038961,0.1038961038961039,2.0779220779220777,1.0,4.0,0.7142857142857143,0.5454545454545454,0.4545454545454545,0.0,0.0389610389610389,0.107573314282889,66,0.9090909090909092,0.0303030303030303,mondrian_domain,0.2,target_occluded,2,0.8,0.096103896103896,results/sim_complete/seed2_calib0.10/metrics_by_domain_alpha0.20.csv
264,0.5075757575757576,0.4924242424242424,1.0,1.0,1.0,0.5075757575757576,1.0,0.0,0.0,0.4924242424242424,0.2596050249675247,195,0.5128205128205128,0.4871794871794871,top1_singleton,0.05,target_camera_shift,2,0.95,-0.4424242424242424,results/sim_complete/seed2_calib0.25/metrics_by_domain_alpha0.05.csv
175,0.64,0.36,1.0,1.0,1.0,0.64,1.0,0.0,0.0,0.36,0.0959761728024637,131,0.6793893129770993,0.3206106870229007,top1_singleton,0.05,target_lighting_shift,2,0.95,-0.3099999999999999,results/sim_complete/seed2_calib0.25/metrics_by_domain_alpha0.05.csv
71,0.7323943661971831,0.2676056338028169,1.0,1.0,1.0,0.7323943661971831,1.0,0.0,0.0,0.2676056338028169,0.1941339217651529,55,0.7818181818181819,0.2181818181818181,top1_singleton,0.05,target_occluded,2,0.95,-0.2176056338028168,results/sim_complete/seed2_calib0.25/metrics_by_domain_alpha0.05.csv
264,0.946969696969697,0.0530303030303029,12.0,12.0,12.0,0.5075757575757576,0.0,1.0,0.0,0.0,0.2596050249675247,195,0.9897435897435898,0.0,topk_calibrated,0.05,target_camera_shift,2,0.95,-0.0030303030303029,results/sim_complete/seed2_calib0.25/metrics_by_domain_alpha0.05.csv
175,0.9771428571428572,0.0228571428571429,12.0,12.0,12.0,0.64,0.0,1.0,0.0,0.0,0.0959761728024637,131,0.9694656488549618,0.0,topk_calibrated,0.05,target_lighting_shift,2,0.95,0.0271428571428571,results/sim_complete/seed2_calib0.25/metrics_by_domain_alpha0.05.csv
71,1.0,0.0,12.0,12.0,12.0,0.7323943661971831,0.0,1.0,0.0,0.0,0.1941339217651529,55,1.0,0.0,topk_calibrated,0.05,target_occluded,2,0.95,0.05,results/sim_complete/seed2_calib0.25/metrics_by_domain_alpha0.05.csv
264,0.928030303030303,0.071969696969697,9.541666666666666,11.0,14.0,0.5075757575757576,0.0151515151515151,0.9848484848484848,0.0,0.0,0.2596050249675247,195,0.964102564102564,0.0,vanilla_conformal,0.05,target_camera_shift,2,0.95,-0.0219696969696969,results/sim_complete/seed2_calib0.25/metrics_by_domain_alpha0.05.csv
175,0.9885714285714284,0.0114285714285714,10.388571428571428,12.0,15.0,0.64,0.0457142857142857,0.9542857142857144,0.0,0.0,0.0959761728024637,131,0.9847328244274808,0.0,vanilla_conformal,0.05,target_lighting_shift,2,0.95,0.0385714285714285,results/sim_complete/seed2_calib0.25/metrics_by_domain_alpha0.05.csv
71,0.971830985915493,0.028169014084507,6.971830985915493,7.0,13.0,0.7323943661971831,0.0985915492957746,0.9014084507042254,0.0,0.0,0.1941339217651529,55,1.0,0.0,vanilla_conformal,0.05,target_occluded,2,0.95,0.021830985915493,results/sim_complete/seed2_calib0.25/metrics_by_domain_alpha0.05.csv
264,0.9431818181818182,0.0568181818181817,10.791666666666666,11.5,13.0,0.5075757575757576,0.0,1.0,0.0,0.0,0.2596050249675247,195,0.9794871794871794,0.0,aps_conformal,0.05,target_camera_shift,2,0.95,-0.0068181818181817,results/sim_complete/seed2_calib0.25/metrics_by_domain_alpha0.05.csv
175,0.9885714285714284,0.0114285714285714,11.005714285714284,12.0,14.0,0.64,0.0,1.0,0.0,0.0,0.0959761728024637,131,0.9847328244274808,0.0,aps_conformal,0.05,target_lighting_shift,2,0.95,0.0385714285714285,results/sim_complete/seed2_calib0.25/metrics_by_domain_alpha0.05.csv
71,0.9859154929577464,0.0140845070422535,8.647887323943662,9.0,13.0,0.7323943661971831,0.0422535211267605,0.9577464788732394,0.0,0.0,0.1941339217651529,55,1.0,0.0,aps_conformal,0.05,target_occluded,2,0.95,0.0359154929577465,results/sim_complete/seed2_calib0.25/metrics_by_domain_alpha0.05.csv
264,0.9242424242424242,0.0757575757575758,9.522727272727272,11.0,13.0,0.5075757575757576,0.0,1.0,0.0,0.0,0.1252550459833745,195,0.964102564102564,0.0,temperature_conformal,0.05,target_camera_shift,2,0.95,-0.0257575757575757,results/sim_complete/seed2_calib0.25/metrics_by_domain_alpha0.05.csv
175,0.9885714285714284,0.0114285714285714,10.217142857142855,11.0,15.0,0.64,0.04,0.96,0.0,0.0,0.1648537357075521,131,0.9847328244274808,0.0,temperature_conformal,0.05,target_lighting_shift,2,0.95,0.0385714285714285,results/sim_complete/seed2_calib0.25/metrics_by_domain_alpha0.05.csv
71,0.971830985915493,0.028169014084507,7.056338028169014,7.0,13.0,0.7323943661971831,0.056338028169014,0.943661971830986,0.0,0.0,0.1747807777184884,55,1.0,0.0,temperature_conformal,0.05,target_occluded,2,0.95,0.021830985915493,results/sim_complete/seed2_calib0.25/metrics_by_domain_alpha0.05.csv
264,0.5227272727272727,0.4772727272727273,1.0,1.0,1.0,0.5227272727272727,1.0,0.0,0.0,0.4772727272727273,0.1751775903031076,195,0.5282051282051282,0.4717948717948718,prompt_only_top1,0.05,target_camera_shift,2,0.95,-0.4272727272727272,results/sim_complete/seed2_calib0.25/metrics_by_domain_alpha0.05.csv
175,0.7428571428571429,0.2571428571428571,1.0,1.0,1.0,0.7428571428571429,1.0,0.0,0.0,0.2571428571428571,0.075112638736835,131,0.7938931297709924,0.2061068702290076,prompt_only_top1,0.05,target_lighting_shift,2,0.95,-0.207142857142857,results/sim_complete/seed2_calib0.25/metrics_by_domain_alpha0.05.csv
71,0.704225352112676,0.295774647887324,1.0,1.0,1.0,0.704225352112676,1.0,0.0,0.0,0.2957746478873239,0.1670863454896101,55,0.7454545454545455,0.2545454545454545,prompt_only_top1,0.05,target_occluded,2,0.95,-0.2457746478873239,results/sim_complete/seed2_calib0.25/metrics_by_domain_alpha0.05.csv
264,0.9393939393939394,0.0606060606060605,8.837121212121213,10.0,13.0,0.5227272727272727,0.0378787878787878,0.9621212121212122,0.0,0.0037878787878787,0.1751775903031076,195,0.9692307692307692,0.0051282051282051,coras,0.05,target_camera_shift,2,0.95,-0.0106060606060605,results/sim_complete/seed2_calib0.25/metrics_by_domain_alpha0.05.csv
175,0.9828571428571428,0.0171428571428571,7.422857142857143,7.0,14.0,0.7428571428571429,0.1771428571428571,0.8228571428571428,0.0,0.0,0.075112638736835,131,0.9847328244274808,0.0,coras,0.05,target_lighting_shift,2,0.95,0.0328571428571429,results/sim_complete/seed2_calib0.25/metrics_by_domain_alpha0.05.csv
71,0.9859154929577464,0.0140845070422535,6.028169014084507,6.0,11.0,0.704225352112676,0.1408450704225352,0.8591549295774648,0.0,0.0,0.1670863454896101,55,1.0,0.0,coras,0.05,target_occluded,2,0.95,0.0359154929577465,results/sim_complete/seed2_calib0.25/metrics_by_domain_alpha0.05.csv
264,0.9659090909090908,0.034090909090909,11.219696969696969,12.0,13.0,0.5227272727272727,0.0,1.0,0.0,0.0,0.1751775903031076,195,0.9846153846153848,0.0,coras_aps,0.05,target_camera_shift,2,0.95,0.0159090909090909,results/sim_complete/seed2_calib0.25/metrics_by_domain_alpha0.05.csv
175,0.9828571428571428,0.0171428571428571,10.148571428571428,11.0,13.0,0.7428571428571429,0.0057142857142857,0.9942857142857144,0.0,0.0,0.075112638736835,131,0.9847328244274808,0.0,coras_aps,0.05,target_lighting_shift,2,0.95,0.0328571428571429,results/sim_complete/seed2_calib0.25/metrics_by_domain_alpha0.05.csv
71,1.0,0.0,9.267605633802816,11.0,12.0,0.704225352112676,0.0422535211267605,0.9577464788732394,0.0,0.0,0.1670863454896101,55,1.0,0.0,coras_aps,0.05,target_occluded,2,0.95,0.05,results/sim_complete/seed2_calib0.25/metrics_by_domain_alpha0.05.csv
264,0.9621212121212122,0.0378787878787878,11.462121212121213,12.0,15.0,0.5227272727272727,0.0075757575757575,0.9924242424242424,0.0,0.0,0.1751775903031076,195,0.9846153846153848,0.0,mondrian_domain,0.05,target_camera_shift,2,0.95,0.0121212121212122,results/sim_complete/seed2_calib0.25/metrics_by_domain_alpha0.05.csv
175,0.9828571428571428,0.0171428571428571,4.428571428571429,3.0,10.0,0.7428571428571429,0.3371428571428571,0.6628571428571428,0.0,0.0,0.075112638736835,131,0.9847328244274808,0.0,mondrian_domain,0.05,target_lighting_shift,2,0.95,0.0328571428571429,results/sim_complete/seed2_calib0.25/metrics_by_domain_alpha0.05.csv
71,0.9295774647887324,0.0704225352112676,4.647887323943662,5.0,9.0,0.704225352112676,0.2112676056338028,0.7887323943661971,0.0,0.0,0.1670863454896101,55,0.9818181818181818,0.0,mondrian_domain,0.05,target_occluded,2,0.95,-0.0204225352112675,results/sim_complete/seed2_calib0.25/metrics_by_domain_alpha0.05.csv
264,0.5075757575757576,0.4924242424242424,1.0,1.0,1.0,0.5075757575757576,1.0,0.0,0.0,0.4924242424242424,0.2596050249675247,195,0.5128205128205128,0.4871794871794871,top1_singleton,0.1,target_camera_shift,2,0.9,-0.3924242424242424,results/sim_complete/seed2_calib0.25/metrics_by_domain_alpha0.10.csv
175,0.64,0.36,1.0,1.0,1.0,0.64,1.0,0.0,0.0,0.36,0.0959761728024637,131,0.6793893129770993,0.3206106870229007,top1_singleton,0.1,target_lighting_shift,2,0.9,-0.26,results/sim_complete/seed2_calib0.25/metrics_by_domain_alpha0.10.csv
71,0.7323943661971831,0.2676056338028169,1.0,1.0,1.0,0.7323943661971831,1.0,0.0,0.0,0.2676056338028169,0.1941339217651529,55,0.7818181818181819,0.2181818181818181,top1_singleton,0.1,target_occluded,2,0.9,-0.1676056338028169,results/sim_complete/seed2_calib0.25/metrics_by_domain_alpha0.10.csv
264,0.8863636363636364,0.1136363636363636,8.0,8.0,8.0,0.5075757575757576,0.0,1.0,0.0,0.0,0.2596050249675247,195,0.9230769230769232,0.0,topk_calibrated,0.1,target_camera_shift,2,0.9,-0.0136363636363636,results/sim_complete/seed2_calib0.25/metrics_by_domain_alpha0.10.csv
175,0.92,0.0799999999999999,8.0,8.0,8.0,0.64,0.0,1.0,0.0,0.0,0.0959761728024637,131,0.9083969465648856,0.0,topk_calibrated,0.1,target_lighting_shift,2,0.9,0.02,results/sim_complete/seed2_calib0.25/metrics_by_domain_alpha0.10.csv
71,0.9859154929577464,0.0140845070422535,8.0,8.0,8.0,0.7323943661971831,0.0,1.0,0.0,0.0,0.1941339217651529,55,1.0,0.0,topk_calibrated,0.1,target_occluded,2,0.9,0.0859154929577464,results/sim_complete/seed2_calib0.25/metrics_by_domain_alpha0.10.csv
264,0.8484848484848485,0.1515151515151515,5.1856060606060606,5.0,10.0,0.5075757575757576,0.1477272727272727,0.8522727272727273,0.0,0.0303030303030303,0.2596050249675247,195,0.882051282051282,0.0256410256410256,vanilla_conformal,0.1,target_camera_shift,2,0.9,-0.0515151515151515,results/sim_complete/seed2_calib0.25/metrics_by_domain_alpha0.10.csv
175,0.96,0.04,6.417142857142857,7.0,11.0,0.64,0.1828571428571428,0.8171428571428572,0.0,0.0,0.0959761728024637,131,0.9541984732824428,0.0,vanilla_conformal,0.1,target_lighting_shift,2,0.9,0.0599999999999999,results/sim_complete/seed2_calib0.25/metrics_by_domain_alpha0.10.csv
71,0.9295774647887324,0.0704225352112676,3.661971830985915,3.0,8.0,0.7323943661971831,0.380281690140845,0.6197183098591549,0.0,0.056338028169014,0.1941339217651529,55,1.0,0.0,vanilla_conformal,0.1,target_occluded,2,0.9,0.0295774647887323,results/sim_complete/seed2_calib0.25/metrics_by_domain_alpha0.10.csv
264,0.9090909090909092,0.0909090909090909,8.882575757575758,10.0,12.0,0.5075757575757576,0.0189393939393939,0.981060606060606,0.0,0.0,0.2596050249675247,195,0.9487179487179488,0.0,aps_conformal,0.1,target_camera_shift,2,0.9,0.009090909090909,results/sim_complete/seed2_calib0.25/metrics_by_domain_alpha0.10.csv
175,0.9885714285714284,0.0114285714285714,9.377142857142855,11.0,13.0,0.64,0.0571428571428571,0.9428571428571428,0.0,0.0,0.0959761728024637,131,0.9847328244274808,0.0,aps_conformal,0.1,target_lighting_shift,2,0.9,0.0885714285714285,results/sim_complete/seed2_calib0.25/metrics_by_domain_alpha0.10.csv
71,0.9577464788732394,0.0422535211267606,6.563380281690141,7.0,11.0,0.7323943661971831,0.1408450704225352,0.8591549295774648,0.0,0.0,0.1941339217651529,55,1.0,0.0,aps_conformal,0.1,target_occluded,2,0.9,0.0577464788732393,results/sim_complete/seed2_calib0.25/metrics_by_domain_alpha0.10.csv
264,0.8484848484848485,0.1515151515151515,5.318181818181818,5.0,9.0,0.5075757575757576,0.0909090909090909,0.9090909090909092,0.0,0.0151515151515151,0.1251852606417728,195,0.882051282051282,0.0102564102564102,temperature_conformal,0.1,target_camera_shift,2,0.9,-0.0515151515151515,results/sim_complete/seed2_calib0.25/metrics_by_domain_alpha0.10.csv
175,0.9542857142857144,0.0457142857142857,6.308571428571429,7.0,10.599999999999994,0.64,0.1485714285714285,0.8514285714285714,0.0,0.0,0.1649048886082127,131,0.9465648854961832,0.0,temperature_conformal,0.1,target_lighting_shift,2,0.9,0.0542857142857142,results/sim_complete/seed2_calib0.25/metrics_by_domain_alpha0.10.csv
71,0.9295774647887324,0.0704225352112676,3.8028169014084505,4.0,7.0,0.7323943661971831,0.2957746478873239,0.704225352112676,0.0,0.0422535211267605,0.1747697226590916,55,1.0,0.0,temperature_conformal,0.1,target_occluded,2,0.9,0.0295774647887323,results/sim_complete/seed2_calib0.25/metrics_by_domain_alpha0.10.csv
264,0.5227272727272727,0.4772727272727273,1.0,1.0,1.0,0.5227272727272727,1.0,0.0,0.0,0.4772727272727273,0.1751775903031076,195,0.5282051282051282,0.4717948717948718,prompt_only_top1,0.1,target_camera_shift,2,0.9,-0.3772727272727273,results/sim_complete/seed2_calib0.25/metrics_by_domain_alpha0.10.csv
175,0.7428571428571429,0.2571428571428571,1.0,1.0,1.0,0.7428571428571429,1.0,0.0,0.0,0.2571428571428571,0.075112638736835,131,0.7938931297709924,0.2061068702290076,prompt_only_top1,0.1,target_lighting_shift,2,0.9,-0.1571428571428571,results/sim_complete/seed2_calib0.25/metrics_by_domain_alpha0.10.csv
71,0.704225352112676,0.295774647887324,1.0,1.0,1.0,0.704225352112676,1.0,0.0,0.0,0.2957746478873239,0.1670863454896101,55,0.7454545454545455,0.2545454545454545,prompt_only_top1,0.1,target_occluded,2,0.9,-0.195774647887324,results/sim_complete/seed2_calib0.25/metrics_by_domain_alpha0.10.csv
264,0.8598484848484849,0.1401515151515151,5.204545454545454,5.0,9.0,0.5227272727272727,0.1325757575757575,0.8674242424242424,0.0,0.0151515151515151,0.1751775903031076,195,0.9128205128205128,0.0205128205128205,coras,0.1,target_camera_shift,2,0.9,-0.0401515151515151,results/sim_complete/seed2_calib0.25/metrics_by_domain_alpha0.10.csv
175,0.9828571428571428,0.0171428571428571,4.428571428571429,3.0,10.0,0.7428571428571429,0.3371428571428571,0.6628571428571428,0.0,0.0,0.075112638736835,131,0.9847328244274808,0.0,coras,0.1,target_lighting_shift,2,0.9,0.0828571428571428,results/sim_complete/seed2_calib0.25/metrics_by_domain_alpha0.10.csv
71,0.9154929577464788,0.0845070422535211,3.112676056338028,2.0,6.0,0.704225352112676,0.3380281690140845,0.6619718309859155,0.0,0.0140845070422535,0.1670863454896101,55,0.9818181818181818,0.0,coras,0.1,target_occluded,2,0.9,0.0154929577464788,results/sim_complete/seed2_calib0.25/metrics_by_domain_alpha0.10.csv
264,0.9507575757575758,0.0492424242424242,9.840909090909092,10.0,13.0,0.5227272727272727,0.0227272727272727,0.9772727272727272,0.0,0.0,0.1751775903031076,195,0.9794871794871794,0.0,coras_aps,0.1,target_camera_shift,2,0.9,0.0507575757575757,results/sim_complete/seed2_calib0.25/metrics_by_domain_alpha0.10.csv
175,0.9828571428571428,0.0171428571428571,8.645714285714286,9.0,13.0,0.7428571428571429,0.0628571428571428,0.9371428571428572,0.0,0.0,0.075112638736835,131,0.9847328244274808,0.0,coras_aps,0.1,target_lighting_shift,2,0.9,0.0828571428571428,results/sim_complete/seed2_calib0.25/metrics_by_domain_alpha0.10.csv
71,0.9859154929577464,0.0140845070422535,7.52112676056338,9.0,11.0,0.704225352112676,0.0845070422535211,0.9154929577464788,0.0,0.0,0.1670863454896101,55,1.0,0.0,coras_aps,0.1,target_occluded,2,0.9,0.0859154929577464,results/sim_complete/seed2_calib0.25/metrics_by_domain_alpha0.10.csv
264,0.9090909090909092,0.0909090909090909,7.068181818181818,8.0,11.0,0.5227272727272727,0.0795454545454545,0.9204545454545454,0.0,0.0075757575757575,0.1751775903031076,195,0.953846153846154,0.0102564102564102,mondrian_domain,0.1,target_camera_shift,2,0.9,0.009090909090909,results/sim_complete/seed2_calib0.25/metrics_by_domain_alpha0.10.csv
175,0.9314285714285714,0.0685714285714286,3.005714285714286,1.0,8.0,0.7428571428571429,0.52,0.48,0.0,0.0228571428571428,0.075112638736835,131,0.931297709923664,0.0076335877862595,mondrian_domain,0.1,target_lighting_shift,2,0.9,0.0314285714285713,results/sim_complete/seed2_calib0.25/metrics_by_domain_alpha0.10.csv
71,0.8873239436619719,0.1126760563380281,2.1690140845070425,2.0,4.0,0.704225352112676,0.4929577464788732,0.5070422535211268,0.0,0.0704225352112676,0.1670863454896101,55,0.9636363636363636,0.0181818181818181,mondrian_domain,0.1,target_occluded,2,0.9,-0.0126760563380281,results/sim_complete/seed2_calib0.25/metrics_by_domain_alpha0.10.csv
264,0.5075757575757576,0.4924242424242424,1.0,1.0,1.0,0.5075757575757576,1.0,0.0,0.0,0.4924242424242424,0.2596050249675247,195,0.5128205128205128,0.4871794871794871,top1_singleton,0.2,target_camera_shift,2,0.8,-0.2924242424242425,results/sim_complete/seed2_calib0.25/metrics_by_domain_alpha0.20.csv
175,0.64,0.36,1.0,1.0,1.0,0.64,1.0,0.0,0.0,0.36,0.0959761728024637,131,0.6793893129770993,0.3206106870229007,top1_singleton,0.2,target_lighting_shift,2,0.8,-0.16,results/sim_complete/seed2_calib0.25/metrics_by_domain_alpha0.20.csv
71,0.7323943661971831,0.2676056338028169,1.0,1.0,1.0,0.7323943661971831,1.0,0.0,0.0,0.2676056338028169,0.1941339217651529,55,0.7818181818181819,0.2181818181818181,top1_singleton,0.2,target_occluded,2,0.8,-0.0676056338028169,results/sim_complete/seed2_calib0.25/metrics_by_domain_alpha0.20.csv
264,0.8106060606060606,0.1893939393939394,4.0,4.0,4.0,0.5075757575757576,0.0,1.0,0.0,0.0,0.2596050249675247,195,0.8461538461538461,0.0,topk_calibrated,0.2,target_camera_shift,2,0.8,0.0106060606060605,results/sim_complete/seed2_calib0.25/metrics_by_domain_alpha0.20.csv
175,0.8342857142857143,0.1657142857142857,4.0,4.0,4.0,0.64,0.0,1.0,0.0,0.0,0.0959761728024637,131,0.8320610687022901,0.0,topk_calibrated,0.2,target_lighting_shift,2,0.8,0.0342857142857142,results/sim_complete/seed2_calib0.25/metrics_by_domain_alpha0.20.csv
71,0.9295774647887324,0.0704225352112676,4.0,4.0,4.0,0.7323943661971831,0.0,1.0,0.0,0.0,0.1941339217651529,55,0.9818181818181818,0.0,topk_calibrated,0.2,target_occluded,2,0.8,0.1295774647887323,results/sim_complete/seed2_calib0.25/metrics_by_domain_alpha0.20.csv
264,0.7272727272727273,0.2727272727272727,2.2954545454545454,2.0,4.0,0.5075757575757576,0.3863636363636363,0.6136363636363636,0.0,0.106060606060606,0.2596050249675247,195,0.7589743589743589,0.1076923076923077,vanilla_conformal,0.2,target_camera_shift,2,0.8,-0.0727272727272727,results/sim_complete/seed2_calib0.25/metrics_by_domain_alpha0.20.csv
175,0.8571428571428571,0.1428571428571429,3.222857142857143,3.0,6.0,0.64,0.3657142857142857,0.6342857142857142,0.0,0.0,0.0959761728024637,131,0.8625954198473282,0.0,vanilla_conformal,0.2,target_lighting_shift,2,0.8,0.057142857142857,results/sim_complete/seed2_calib0.25/metrics_by_domain_alpha0.20.csv
71,0.8450704225352113,0.1549295774647887,1.8028169014084507,1.0,3.0,0.7323943661971831,0.5633802816901409,0.4366197183098591,0.0,0.0845070422535211,0.1941339217651529,55,0.9090909090909092,0.0181818181818181,vanilla_conformal,0.2,target_occluded,2,0.8,0.0450704225352112,results/sim_complete/seed2_calib0.25/metrics_by_domain_alpha0.20.csv
264,0.875,0.125,6.511363636363637,7.0,11.0,0.5075757575757576,0.0946969696969697,0.9053030303030304,0.0,0.0037878787878787,0.2596050249675247,195,0.9025641025641026,0.0051282051282051,aps_conformal,0.2,target_camera_shift,2,0.8,0.0749999999999999,results/sim_complete/seed2_calib0.25/metrics_by_domain_alpha0.20.csv
175,0.96,0.04,7.428571428571429,9.0,12.0,0.64,0.1714285714285714,0.8285714285714286,0.0,0.0,0.0959761728024637,131,0.9541984732824428,0.0,aps_conformal,0.2,target_lighting_shift,2,0.8,0.1599999999999999,results/sim_complete/seed2_calib0.25/metrics_by_domain_alpha0.20.csv
71,0.943661971830986,0.0563380281690141,4.52112676056338,4.0,9.0,0.7323943661971831,0.3380281690140845,0.6619718309859155,0.0,0.0140845070422535,0.1941339217651529,55,1.0,0.0,aps_conformal,0.2,target_occluded,2,0.8,0.1436619718309858,results/sim_complete/seed2_calib0.25/metrics_by_domain_alpha0.20.csv
264,0.7424242424242424,0.2575757575757575,2.265151515151515,2.0,4.0,0.5075757575757576,0.3257575757575757,0.6742424242424242,0.0,0.0909090909090909,0.1252684805017174,195,0.7794871794871795,0.0871794871794871,temperature_conformal,0.2,target_camera_shift,2,0.8,-0.0575757575757576,results/sim_complete/seed2_calib0.25/metrics_by_domain_alpha0.20.csv
175,0.84,0.16,2.9085714285714284,3.0,5.0,0.64,0.3371428571428571,0.6628571428571428,0.0,0.0,0.164843888634761,131,0.8396946564885496,0.0,temperature_conformal,0.2,target_lighting_shift,2,0.8,0.0399999999999999,results/sim_complete/seed2_calib0.25/metrics_by_domain_alpha0.20.csv
71,0.8591549295774648,0.1408450704225352,1.8591549295774648,1.0,3.0,0.7323943661971831,0.5633802816901409,0.4366197183098591,0.0,0.0845070422535211,0.1747829056345538,55,0.9272727272727272,0.0181818181818181,temperature_conformal,0.2,target_occluded,2,0.8,0.0591549295774647,results/sim_complete/seed2_calib0.25/metrics_by_domain_alpha0.20.csv
264,0.5227272727272727,0.4772727272727273,1.0,1.0,1.0,0.5227272727272727,1.0,0.0,0.0,0.4772727272727273,0.1751775903031076,195,0.5282051282051282,0.4717948717948718,prompt_only_top1,0.2,target_camera_shift,2,0.8,-0.2772727272727273,results/sim_complete/seed2_calib0.25/metrics_by_domain_alpha0.20.csv
175,0.7428571428571429,0.2571428571428571,1.0,1.0,1.0,0.7428571428571429,1.0,0.0,0.0,0.2571428571428571,0.075112638736835,131,0.7938931297709924,0.2061068702290076,prompt_only_top1,0.2,target_lighting_shift,2,0.8,-0.0571428571428571,results/sim_complete/seed2_calib0.25/metrics_by_domain_alpha0.20.csv
71,0.704225352112676,0.295774647887324,1.0,1.0,1.0,0.704225352112676,1.0,0.0,0.0,0.2957746478873239,0.1670863454896101,55,0.7454545454545455,0.2545454545454545,prompt_only_top1,0.2,target_occluded,2,0.8,-0.095774647887324,results/sim_complete/seed2_calib0.25/metrics_by_domain_alpha0.20.csv
264,0.7234848484848485,0.2765151515151515,2.272727272727273,2.0,4.0,0.5227272727272727,0.3863636363636363,0.6136363636363636,0.0,0.1136363636363636,0.1751775903031076,195,0.764102564102564,0.1333333333333333,coras,0.2,target_camera_shift,2,0.8,-0.0765151515151515,results/sim_complete/seed2_calib0.25/metrics_by_domain_alpha0.20.csv
175,0.9028571428571428,0.0971428571428572,2.24,1.0,5.0,0.7428571428571429,0.5714285714285714,0.4285714285714285,0.0,0.0285714285714285,0.075112638736835,131,0.916030534351145,0.0076335877862595,coras,0.2,target_lighting_shift,2,0.8,0.1028571428571427,results/sim_complete/seed2_calib0.25/metrics_by_domain_alpha0.20.csv
71,0.8732394366197183,0.1267605633802817,1.704225352112676,1.0,3.0,0.704225352112676,0.5915492957746479,0.4084507042253521,0.0,0.0985915492957746,0.1670863454896101,55,0.9454545454545454,0.0363636363636363,coras,0.2,target_occluded,2,0.8,0.0732394366197182,results/sim_complete/seed2_calib0.25/metrics_by_domain_alpha0.20.csv
264,0.9242424242424242,0.0757575757575758,7.878787878787879,9.0,11.0,0.5227272727272727,0.0454545454545454,0.9545454545454546,0.0,0.0037878787878787,0.1751775903031076,195,0.958974358974359,0.0051282051282051,coras_aps,0.2,target_camera_shift,2,0.8,0.1242424242424241,results/sim_complete/seed2_calib0.25/metrics_by_domain_alpha0.20.csv
175,0.9828571428571428,0.0171428571428571,6.634285714285714,7.0,12.0,0.7428571428571429,0.1942857142857142,0.8057142857142857,0.0,0.0,0.075112638736835,131,0.9847328244274808,0.0,coras_aps,0.2,target_lighting_shift,2,0.8,0.1828571428571428,results/sim_complete/seed2_calib0.25/metrics_by_domain_alpha0.20.csv
71,0.9577464788732394,0.0422535211267606,5.408450704225352,6.0,9.0,0.704225352112676,0.2253521126760563,0.7746478873239436,0.0,0.0,0.1670863454896101,55,0.9818181818181818,0.0,coras_aps,0.2,target_occluded,2,0.8,0.1577464788732393,results/sim_complete/seed2_calib0.25/metrics_by_domain_alpha0.20.csv
264,0.8106060606060606,0.1893939393939394,3.821969696969697,4.0,7.0,0.5227272727272727,0.2234848484848484,0.7765151515151515,0.0,0.0492424242424242,0.1751775903031076,195,0.8615384615384616,0.0564102564102564,mondrian_domain,0.2,target_camera_shift,2,0.8,0.0106060606060605,results/sim_complete/seed2_calib0.25/metrics_by_domain_alpha0.20.csv
175,0.7885714285714286,0.2114285714285714,1.0971428571428572,1.0,2.0,0.7428571428571429,0.8685714285714285,0.1142857142857142,0.0171428571428571,0.1714285714285714,0.075112638736835,131,0.8396946564885496,0.1221374045801526,mondrian_domain,0.2,target_lighting_shift,2,0.8,-0.0114285714285714,results/sim_complete/seed2_calib0.25/metrics_by_domain_alpha0.20.csv
71,0.8309859154929577,0.1690140845070422,1.5633802816901408,1.0,3.0,0.704225352112676,0.647887323943662,0.352112676056338,0.0,0.1126760563380281,0.1670863454896101,55,0.8909090909090909,0.0545454545454545,mondrian_domain,0.2,target_occluded,2,0.8,0.0309859154929577,results/sim_complete/seed2_calib0.25/metrics_by_domain_alpha0.20.csv
241,0.4771784232365145,0.5228215767634854,1.0,1.0,1.0,0.4771784232365145,1.0,0.0,0.0,0.5228215767634855,0.2962955170263367,181,0.4972375690607735,0.5027624309392266,top1_singleton,0.05,target_camera_shift,2,0.95,-0.4728215767634854,results/sim_complete/seed2_calib0.40/metrics_by_domain_alpha0.05.csv
179,0.6536312849162011,0.3463687150837988,1.0,1.0,1.0,0.6536312849162011,1.0,0.0,0.0,0.3463687150837989,0.0714326009242795,135,0.6888888888888889,0.3111111111111111,top1_singleton,0.05,target_lighting_shift,2,0.95,-0.2963687150837988,results/sim_complete/seed2_calib0.40/metrics_by_domain_alpha0.05.csv
82,0.6951219512195121,0.3048780487804878,1.0,1.0,1.0,0.6951219512195121,1.0,0.0,0.0,0.3048780487804878,0.1789401244938845,66,0.7272727272727273,0.2727272727272727,top1_singleton,0.05,target_occluded,2,0.95,-0.2548780487804878,results/sim_complete/seed2_calib0.40/metrics_by_domain_alpha0.05.csv
241,0.933609958506224,0.0663900414937759,11.0,11.0,11.0,0.4771784232365145,0.0,1.0,0.0,0.0,0.2962955170263367,181,0.9834254143646408,0.0,topk_calibrated,0.05,target_camera_shift,2,0.95,-0.0163900414937758,results/sim_complete/seed2_calib0.40/metrics_by_domain_alpha0.05.csv
179,0.9776536312849162,0.0223463687150837,11.0,11.0,11.0,0.6536312849162011,0.0,1.0,0.0,0.0,0.0714326009242795,135,0.9703703703703704,0.0,topk_calibrated,0.05,target_lighting_shift,2,0.95,0.0276536312849162,results/sim_complete/seed2_calib0.40/metrics_by_domain_alpha0.05.csv
82,1.0,0.0,11.0,11.0,11.0,0.6951219512195121,0.0,1.0,0.0,0.0,0.1789401244938845,66,1.0,0.0,topk_calibrated,0.05,target_occluded,2,0.95,0.05,results/sim_complete/seed2_calib0.40/metrics_by_domain_alpha0.05.csv
241,0.8755186721991701,0.1244813278008298,8.531120331950207,9.0,13.0,0.4771784232365145,0.0290456431535269,0.970954356846473,0.0,0.0,0.2962955170263367,181,0.9171270718232044,0.0,vanilla_conformal,0.05,target_camera_shift,2,0.95,-0.0744813278008298,results/sim_complete/seed2_calib0.40/metrics_by_domain_alpha0.05.csv
179,0.9832402234636872,0.0167597765363128,9.687150837988828,11.0,15.0,0.6536312849162011,0.0893854748603352,0.9106145251396648,0.0,0.0,0.0714326009242795,135,0.9925925925925926,0.0,vanilla_conformal,0.05,target_lighting_shift,2,0.95,0.0332402234636871,results/sim_complete/seed2_calib0.40/metrics_by_domain_alpha0.05.csv
82,0.975609756097561,0.024390243902439,5.975609756097561,5.0,11.900000000000006,0.6951219512195121,0.1829268292682926,0.8170731707317073,0.0,0.0,0.1789401244938845,66,1.0,0.0,vanilla_conformal,0.05,target_occluded,2,0.95,0.025609756097561,results/sim_complete/seed2_calib0.40/metrics_by_domain_alpha0.05.csv
241,0.921161825726141,0.0788381742738589,10.319502074688796,11.0,13.0,0.4771784232365145,0.0082987551867219,0.991701244813278,0.0,0.0,0.2962955170263367,181,0.9668508287292816,0.0,aps_conformal,0.05,target_camera_shift,2,0.95,-0.0288381742738589,results/sim_complete/seed2_calib0.40/metrics_by_domain_alpha0.05.csv
179,0.994413407821229,0.0055865921787709,10.659217877094973,12.0,14.0,0.6536312849162011,0.0167597765363128,0.9832402234636872,0.0,0.0,0.0714326009242795,135,0.9925925925925926,0.0,aps_conformal,0.05,target_lighting_shift,2,0.95,0.044413407821229,results/sim_complete/seed2_calib0.40/metrics_by_domain_alpha0.05.csv
82,0.9878048780487804,0.0121951219512195,8.195121951219512,9.0,12.900000000000006,0.6951219512195121,0.048780487804878,0.951219512195122,0.0,0.0,0.1789401244938845,66,1.0,0.0,aps_conformal,0.05,target_occluded,2,0.95,0.0378048780487805,results/sim_complete/seed2_calib0.40/metrics_by_domain_alpha0.05.csv
241,0.8672199170124482,0.1327800829875518,8.356846473029046,9.0,13.0,0.4771784232365145,0.0165975103734439,0.983402489626556,0.0,0.0,0.1546698987417195,181,0.9116022099447514,0.0,temperature_conformal,0.05,target_camera_shift,2,0.95,-0.0827800829875518,results/sim_complete/seed2_calib0.40/metrics_by_domain_alpha0.05.csv
179,0.9832402234636872,0.0167597765363128,9.167597765363128,10.0,14.0,0.6536312849162011,0.0726256983240223,0.9273743016759776,0.0,0.0,0.1196217114689394,135,0.9925925925925926,0.0,temperature_conformal,0.05,target_lighting_shift,2,0.95,0.0332402234636871,results/sim_complete/seed2_calib0.40/metrics_by_domain_alpha0.05.csv
82,0.9878048780487804,0.0121951219512195,5.878048780487805,6.0,11.0,0.6951219512195121,0.1097560975609756,0.8902439024390244,0.0,0.0,0.1253501302453252,66,1.0,0.0,temperature_conformal,0.05,target_occluded,2,0.95,0.0378048780487805,results/sim_complete/seed2_calib0.40/metrics_by_domain_alpha0.05.csv
241,0.5145228215767634,0.4854771784232365,1.0,1.0,1.0,0.5145228215767634,1.0,0.0,0.0,0.4854771784232365,0.2042615483327257,181,0.5359116022099447,0.4640883977900552,prompt_only_top1,0.05,target_camera_shift,2,0.95,-0.4354771784232365,results/sim_complete/seed2_calib0.40/metrics_by_domain_alpha0.05.csv
179,0.7597765363128491,0.2402234636871508,1.0,1.0,1.0,0.7597765363128491,1.0,0.0,0.0,0.2402234636871508,0.0564668244730776,135,0.8148148148148148,0.1851851851851851,prompt_only_top1,0.05,target_lighting_shift,2,0.95,-0.1902234636871508,results/sim_complete/seed2_calib0.40/metrics_by_domain_alpha0.05.csv
82,0.6951219512195121,0.3048780487804878,1.0,1.0,1.0,0.6951219512195121,1.0,0.0,0.0,0.3048780487804878,0.1448306352810775,66,0.7272727272727273,0.2727272727272727,prompt_only_top1,0.05,target_occluded,2,0.95,-0.2548780487804878,results/sim_complete/seed2_calib0.40/metrics_by_domain_alpha0.05.csv
241,0.8838174273858921,0.1161825726141079,7.261410788381743,8.0,12.0,0.5145228215767634,0.0580912863070539,0.941908713692946,0.0,0.0082987551867219,0.2042615483327257,181,0.9392265193370166,0.011049723756906,coras,0.05,target_camera_shift,2,0.95,-0.0661825726141078,results/sim_complete/seed2_calib0.40/metrics_by_domain_alpha0.05.csv
179,0.9832402234636872,0.0167597765363128,6.251396648044692,5.0,13.0,0.7597765363128491,0.2458100558659217,0.7541899441340782,0.0,0.0,0.0564668244730776,135,0.9925925925925926,0.0,coras,0.05,target_lighting_shift,2,0.95,0.0332402234636871,results/sim_complete/seed2_calib0.40/metrics_by_domain_alpha0.05.csv
82,0.9634146341463414,0.0365853658536585,4.682926829268292,5.0,9.0,0.6951219512195121,0.2439024390243902,0.7560975609756098,0.0,0.0,0.1448306352810775,66,0.9848484848484848,0.0,coras,0.05,target_occluded,2,0.95,0.0134146341463414,results/sim_complete/seed2_calib0.40/metrics_by_domain_alpha0.05.csv
241,0.941908713692946,0.0580912863070539,10.692946058091286,11.0,13.0,0.5145228215767634,0.0207468879668049,0.979253112033195,0.0,0.0,0.2042615483327257,181,0.9834254143646408,0.0,coras_aps,0.05,target_camera_shift,2,0.95,-0.0080912863070539,results/sim_complete/seed2_calib0.40/metrics_by_domain_alpha0.05.csv
179,0.988826815642458,0.0111731843575418,9.513966480446928,11.0,13.0,0.7597765363128491,0.0391061452513966,0.9608938547486032,0.0,0.0,0.0564668244730776,135,0.9925925925925926,0.0,coras_aps,0.05,target_lighting_shift,2,0.95,0.0388268156424581,results/sim_complete/seed2_calib0.40/metrics_by_domain_alpha0.05.csv
82,1.0,0.0,8.548780487804878,10.0,12.0,0.6951219512195121,0.048780487804878,0.951219512195122,0.0,0.0,0.1448306352810775,66,1.0,0.0,coras_aps,0.05,target_occluded,2,0.95,0.05,results/sim_complete/seed2_calib0.40/metrics_by_domain_alpha0.05.csv
241,0.925311203319502,0.0746887966804978,9.58921161825726,10.0,13.0,0.5145228215767634,0.0290456431535269,0.970954356846473,0.0,0.0041493775933609,0.2042615483327257,181,0.9723756906077348,0.005524861878453,mondrian_domain,0.05,target_camera_shift,2,0.95,-0.0246887966804978,results/sim_complete/seed2_calib0.40/metrics_by_domain_alpha0.05.csv
179,0.9441340782122905,0.0558659217877095,3.6759776536312847,2.0,9.0,0.7597765363128491,0.4078212290502793,0.5921787709497207,0.0,0.0055865921787709,0.0564668244730776,135,0.9777777777777776,0.0,mondrian_domain,0.05,target_lighting_shift,2,0.95,-0.0058659217877095,results/sim_complete/seed2_calib0.40/metrics_by_domain_alpha0.05.csv
82,0.9634146341463414,0.0365853658536585,4.670731707317073,5.0,9.0,0.6951219512195121,0.2439024390243902,0.7560975609756098,0.0,0.0,0.1448306352810775,66,0.9848484848484848,0.0,mondrian_domain,0.05,target_occluded,2,0.95,0.0134146341463414,results/sim_complete/seed2_calib0.40/metrics_by_domain_alpha0.05.csv
241,0.4771784232365145,0.5228215767634854,1.0,1.0,1.0,0.4771784232365145,1.0,0.0,0.0,0.5228215767634855,0.2962955170263367,181,0.4972375690607735,0.5027624309392266,top1_singleton,0.1,target_camera_shift,2,0.9,-0.4228215767634855,results/sim_complete/seed2_calib0.40/metrics_by_domain_alpha0.10.csv
179,0.6536312849162011,0.3463687150837988,1.0,1.0,1.0,0.6536312849162011,1.0,0.0,0.0,0.3463687150837989,0.0714326009242795,135,0.6888888888888889,0.3111111111111111,top1_singleton,0.1,target_lighting_shift,2,0.9,-0.2463687150837988,results/sim_complete/seed2_calib0.40/metrics_by_domain_alpha0.10.csv
82,0.6951219512195121,0.3048780487804878,1.0,1.0,1.0,0.6951219512195121,1.0,0.0,0.0,0.3048780487804878,0.1789401244938845,66,0.7272727272727273,0.2727272727272727,top1_singleton,0.1,target_occluded,2,0.9,-0.2048780487804878,results/sim_complete/seed2_calib0.40/metrics_by_domain_alpha0.10.csv
241,0.8423236514522822,0.1576763485477178,7.0,7.0,7.0,0.4771784232365145,0.0,1.0,0.0,0.0,0.2962955170263367,181,0.9005524861878453,0.0,topk_calibrated,0.1,target_camera_shift,2,0.9,-0.0576763485477178,results/sim_complete/seed2_calib0.40/metrics_by_domain_alpha0.10.csv
179,0.9106145251396648,0.0893854748603352,7.0,7.0,7.0,0.6536312849162011,0.0,1.0,0.0,0.0,0.0714326009242795,135,0.925925925925926,0.0,topk_calibrated,0.1,target_lighting_shift,2,0.9,0.0106145251396647,results/sim_complete/seed2_calib0.40/metrics_by_domain_alpha0.10.csv
82,0.975609756097561,0.024390243902439,7.0,7.0,7.0,0.6951219512195121,0.0,1.0,0.0,0.0,0.1789401244938845,66,1.0,0.0,topk_calibrated,0.1,target_occluded,2,0.9,0.0756097560975609,results/sim_complete/seed2_calib0.40/metrics_by_domain_alpha0.10.csv
241,0.8091286307053942,0.1908713692946058,4.676348547717843,4.0,9.0,0.4771784232365145,0.1742738589211618,0.8257261410788381,0.0,0.0580912863070539,0.2962955170263367,181,0.856353591160221,0.0552486187845303,vanilla_conformal,0.1,target_camera_shift,2,0.9,-0.0908713692946058,results/sim_complete/seed2_calib0.40/metrics_by_domain_alpha0.10.csv
179,0.9553072625698324,0.0446927374301675,6.050279329608938,7.0,11.0,0.6536312849162011,0.2011173184357542,0.7988826815642458,0.0,0.0,0.0714326009242795,135,0.9703703703703704,0.0,vanilla_conformal,0.1,target_lighting_shift,2,0.9,0.0553072625698324,results/sim_complete/seed2_calib0.40/metrics_by_domain_alpha0.10.csv
82,0.951219512195122,0.048780487804878,3.4146341463414633,3.0,7.0,0.6951219512195121,0.4024390243902439,0.5975609756097561,0.0,0.0121951219512195,0.1789401244938845,66,0.9696969696969696,0.0,vanilla_conformal,0.1,target_occluded,2,0.9,0.0512195121951218,results/sim_complete/seed2_calib0.40/metrics_by_domain_alpha0.10.csv
241,0.8755186721991701,0.1244813278008298,8.377593360995851,9.0,12.0,0.4771784232365145,0.0414937759336099,0.95850622406639,0.0,0.0,0.2962955170263367,181,0.9226519337016574,0.0,aps_conformal,0.1,target_camera_shift,2,0.9,-0.0244813278008299,results/sim_complete/seed2_calib0.40/metrics_by_domain_alpha0.10.csv
179,0.988826815642458,0.0111731843575418,9.016759776536311,10.0,13.0,0.6536312849162011,0.0837988826815642,0.9162011173184358,0.0,0.0,0.0714326009242795,135,0.9851851851851852,0.0,aps_conformal,0.1,target_lighting_shift,2,0.9,0.088826815642458,results/sim_complete/seed2_calib0.40/metrics_by_domain_alpha0.10.csv
82,0.975609756097561,0.024390243902439,6.121951219512195,6.0,11.0,0.6951219512195121,0.2073170731707317,0.7926829268292683,0.0,0.0,0.1789401244938845,66,1.0,0.0,aps_conformal,0.1,target_occluded,2,0.9,0.0756097560975609,results/sim_complete/seed2_calib0.40/metrics_by_domain_alpha0.10.csv
241,0.8257261410788381,0.1742738589211618,4.970954356846473,5.0,9.0,0.4771784232365145,0.1037344398340249,0.8962655601659751,0.0,0.0331950207468879,0.1547470285588416,181,0.8729281767955801,0.0220994475138121,temperature_conformal,0.1,target_camera_shift,2,0.9,-0.0742738589211619,results/sim_complete/seed2_calib0.40/metrics_by_domain_alpha0.10.csv
179,0.9497206703910616,0.0502793296089385,6.100558659217877,7.0,10.0,0.6536312849162011,0.1229050279329608,0.8770949720670391,0.0,0.0,0.1195725043176495,135,0.9629629629629628,0.0,temperature_conformal,0.1,target_lighting_shift,2,0.9,0.0497206703910614,results/sim_complete/seed2_calib0.40/metrics_by_domain_alpha0.10.csv
82,0.9634146341463414,0.0365853658536585,3.658536585365854,3.0,7.0,0.6951219512195121,0.2804878048780488,0.7195121951219512,0.0,0.0121951219512195,0.1253509243763605,66,0.9848484848484848,0.0,temperature_conformal,0.1,target_occluded,2,0.9,0.0634146341463414,results/sim_complete/seed2_calib0.40/metrics_by_domain_alpha0.10.csv
241,0.5145228215767634,0.4854771784232365,1.0,1.0,1.0,0.5145228215767634,1.0,0.0,0.0,0.4854771784232365,0.2042615483327257,181,0.5359116022099447,0.4640883977900552,prompt_only_top1,0.1,target_camera_shift,2,0.9,-0.3854771784232366,results/sim_complete/seed2_calib0.40/metrics_by_domain_alpha0.10.csv
179,0.7597765363128491,0.2402234636871508,1.0,1.0,1.0,0.7597765363128491,1.0,0.0,0.0,0.2402234636871508,0.0564668244730776,135,0.8148148148148148,0.1851851851851851,prompt_only_top1,0.1,target_lighting_shift,2,0.9,-0.1402234636871508,results/sim_complete/seed2_calib0.40/metrics_by_domain_alpha0.10.csv
82,0.6951219512195121,0.3048780487804878,1.0,1.0,1.0,0.6951219512195121,1.0,0.0,0.0,0.3048780487804878,0.1448306352810775,66,0.7272727272727273,0.2727272727272727,prompt_only_top1,0.1,target_occluded,2,0.9,-0.2048780487804878,results/sim_complete/seed2_calib0.40/metrics_by_domain_alpha0.10.csv
241,0.8215767634854771,0.1784232365145228,4.817427385892116,5.0,9.0,0.5145228215767634,0.1576763485477178,0.8423236514522822,0.0,0.0414937759336099,0.2042615483327257,181,0.8950276243093923,0.0331491712707182,coras,0.1,target_camera_shift,2,0.9,-0.0784232365145228,results/sim_complete/seed2_calib0.40/metrics_by_domain_alpha0.10.csv
179,0.9553072625698324,0.0446927374301675,3.9441340782122905,2.0,9.0,0.7597765363128491,0.3966480446927374,0.6033519553072626,0.0,0.0055865921787709,0.0564668244730776,135,0.9851851851851852,0.0,coras,0.1,target_lighting_shift,2,0.9,0.0553072625698324,results/sim_complete/seed2_calib0.40/metrics_by_domain_alpha0.10.csv
82,0.9634146341463414,0.0365853658536585,3.048780487804878,2.0,6.0,0.6951219512195121,0.3658536585365853,0.6341463414634146,0.0,0.0,0.1448306352810775,66,0.9848484848484848,0.0,coras,0.1,target_occluded,2,0.9,0.0634146341463414,results/sim_complete/seed2_calib0.40/metrics_by_domain_alpha0.10.csv
241,0.9128630705394192,0.0871369294605809,9.37344398340249,10.0,12.0,0.5145228215767634,0.0331950207468879,0.966804979253112,0.0,0.0,0.2042615483327257,181,0.9723756906077348,0.0,coras_aps,0.1,target_camera_shift,2,0.9,0.012863070539419,results/sim_complete/seed2_calib0.40/metrics_by_domain_alpha0.10.csv
179,0.988826815642458,0.0111731843575418,8.016759776536313,9.0,13.0,0.7597765363128491,0.1117318435754189,0.888268156424581,0.0,0.0,0.0564668244730776,135,0.9925925925925926,0.0,coras_aps,0.1,target_lighting_shift,2,0.9,0.088826815642458,results/sim_complete/seed2_calib0.40/metrics_by_domain_alpha0.10.csv
82,1.0,0.0,6.902439024390244,8.0,11.0,0.6951219512195121,0.1707317073170731,0.8292682926829268,0.0,0.0,0.1448306352810775,66,1.0,0.0,coras_aps,0.1,target_occluded,2,0.9,0.0999999999999999,results/sim_complete/seed2_calib0.40/metrics_by_domain_alpha0.10.csv
241,0.8630705394190872,0.1369294605809128,6.33609958506224,7.0,10.0,0.5145228215767634,0.0871369294605809,0.9128630705394192,0.0,0.0124481327800829,0.2042615483327257,181,0.9281767955801103,0.011049723756906,mondrian_domain,0.1,target_camera_shift,2,0.9,-0.0369294605809128,results/sim_complete/seed2_calib0.40/metrics_by_domain_alpha0.10.csv
179,0.8994413407821229,0.1005586592178771,2.2960893854748603,1.0,6.0,0.7597765363128491,0.5865921787709497,0.4134078212290503,0.0,0.0223463687150838,0.0564668244730776,135,0.9407407407407408,0.0074074074074074,mondrian_domain,0.1,target_lighting_shift,2,0.9,-0.0005586592178771,results/sim_complete/seed2_calib0.40/metrics_by_domain_alpha0.10.csv
82,0.902439024390244,0.097560975609756,2.1707317073170733,2.0,4.0,0.6951219512195121,0.4756097560975609,0.524390243902439,0.0,0.024390243902439,0.1448306352810775,66,0.9242424242424242,0.0151515151515151,mondrian_domain,0.1,target_occluded,2,0.9,0.0024390243902439,results/sim_complete/seed2_calib0.40/metrics_by_domain_alpha0.10.csv
241,0.4771784232365145,0.5228215767634854,1.0,1.0,1.0,0.4771784232365145,1.0,0.0,0.0,0.5228215767634855,0.2962955170263367,181,0.4972375690607735,0.5027624309392266,top1_singleton,0.2,target_camera_shift,2,0.8,-0.3228215767634855,results/sim_complete/seed2_calib0.40/metrics_by_domain_alpha0.20.csv
179,0.6536312849162011,0.3463687150837988,1.0,1.0,1.0,0.6536312849162011,1.0,0.0,0.0,0.3463687150837989,0.0714326009242795,135,0.6888888888888889,0.3111111111111111,top1_singleton,0.2,target_lighting_shift,2,0.8,-0.1463687150837989,results/sim_complete/seed2_calib0.40/metrics_by_domain_alpha0.20.csv
82,0.6951219512195121,0.3048780487804878,1.0,1.0,1.0,0.6951219512195121,1.0,0.0,0.0,0.3048780487804878,0.1789401244938845,66,0.7272727272727273,0.2727272727272727,top1_singleton,0.2,target_occluded,2,0.8,-0.1048780487804879,results/sim_complete/seed2_calib0.40/metrics_by_domain_alpha0.20.csv
241,0.7717842323651453,0.2282157676348547,4.0,4.0,4.0,0.4771784232365145,0.0,1.0,0.0,0.0,0.2962955170263367,181,0.8453038674033149,0.0,topk_calibrated,0.2,target_camera_shift,2,0.8,-0.0282157676348547,results/sim_complete/seed2_calib0.40/metrics_by_domain_alpha0.20.csv
179,0.8268156424581006,0.1731843575418994,4.0,4.0,4.0,0.6536312849162011,0.0,1.0,0.0,0.0,0.0714326009242795,135,0.8518518518518519,0.0,topk_calibrated,0.2,target_lighting_shift,2,0.8,0.0268156424581005,results/sim_complete/seed2_calib0.40/metrics_by_domain_alpha0.20.csv
82,0.951219512195122,0.048780487804878,4.0,4.0,4.0,0.6951219512195121,0.0,1.0,0.0,0.0,0.1789401244938845,66,0.9848484848484848,0.0,topk_calibrated,0.2,target_occluded,2,0.8,0.1512195121951218,results/sim_complete/seed2_calib0.40/metrics_by_domain_alpha0.20.csv
241,0.7012448132780082,0.2987551867219917,2.327800829875519,2.0,4.0,0.4771784232365145,0.3941908713692946,0.6058091286307054,0.0,0.1286307053941908,0.2962955170263367,181,0.7513812154696132,0.1270718232044199,vanilla_conformal,0.2,target_camera_shift,2,0.8,-0.0987551867219918,results/sim_complete/seed2_calib0.40/metrics_by_domain_alpha0.20.csv
179,0.8547486033519553,0.1452513966480446,3.23463687150838,3.0,7.0,0.6536312849162011,0.3631284916201117,0.6368715083798883,0.0,0.0,0.0714326009242795,135,0.8814814814814815,0.0,vanilla_conformal,0.2,target_lighting_shift,2,0.8,0.0547486033519553,results/sim_complete/seed2_calib0.40/metrics_by_domain_alpha0.20.csv
82,0.8658536585365854,0.1341463414634146,1.902439024390244,1.0,4.0,0.6951219512195121,0.5365853658536586,0.4634146341463415,0.0,0.0609756097560975,0.1789401244938845,66,0.8939393939393939,0.0303030303030303,vanilla_conformal,0.2,target_occluded,2,0.8,0.0658536585365853,results/sim_complete/seed2_calib0.40/metrics_by_domain_alpha0.20.csv
241,0.8506224066390041,0.1493775933609958,6.352697095435684,7.0,11.0,0.4771784232365145,0.1244813278008298,0.8755186721991701,0.0,0.0207468879668049,0.2962955170263367,181,0.8950276243093923,0.0165745856353591,aps_conformal,0.2,target_camera_shift,2,0.8,0.050622406639004,results/sim_complete/seed2_calib0.40/metrics_by_domain_alpha0.20.csv
179,0.9664804469273744,0.0335195530726256,7.329608938547486,8.0,12.0,0.6536312849162011,0.1620111731843575,0.8379888268156425,0.0,0.0,0.0714326009242795,135,0.9777777777777776,0.0,aps_conformal,0.2,target_lighting_shift,2,0.8,0.1664804469273743,results/sim_complete/seed2_calib0.40/metrics_by_domain_alpha0.20.csv
82,0.9634146341463414,0.0365853658536585,4.390243902439025,4.0,9.0,0.6951219512195121,0.3780487804878049,0.6219512195121951,0.0,0.0121951219512195,0.1789401244938845,66,1.0,0.0,aps_conformal,0.2,target_occluded,2,0.8,0.1634146341463414,results/sim_complete/seed2_calib0.40/metrics_by_domain_alpha0.20.csv
241,0.7178423236514523,0.2821576763485477,2.2821576763485476,2.0,4.0,0.4771784232365145,0.3443983402489626,0.6556016597510373,0.0,0.1078838174273859,0.1547055776941699,181,0.7734806629834254,0.0994475138121546,temperature_conformal,0.2,target_camera_shift,2,0.8,-0.0821576763485477,results/sim_complete/seed2_calib0.40/metrics_by_domain_alpha0.20.csv
179,0.8268156424581006,0.1731843575418994,2.8603351955307263,3.0,5.0,0.6536312849162011,0.3575418994413408,0.6424581005586593,0.0,0.0,0.1195989483615969,135,0.8518518518518519,0.0,temperature_conformal,0.2,target_lighting_shift,2,0.8,0.0268156424581005,results/sim_complete/seed2_calib0.40/metrics_by_domain_alpha0.20.csv
82,0.8780487804878049,0.1219512195121951,1.902439024390244,1.5,4.0,0.6951219512195121,0.5,0.5,0.0,0.048780487804878,0.1253504962097111,66,0.8939393939393939,0.0303030303030303,temperature_conformal,0.2,target_occluded,2,0.8,0.0780487804878048,results/sim_complete/seed2_calib0.40/metrics_by_domain_alpha0.20.csv
241,0.5145228215767634,0.4854771784232365,1.0,1.0,1.0,0.5145228215767634,1.0,0.0,0.0,0.4854771784232365,0.2042615483327257,181,0.5359116022099447,0.4640883977900552,prompt_only_top1,0.2,target_camera_shift,2,0.8,-0.2854771784232366,results/sim_complete/seed2_calib0.40/metrics_by_domain_alpha0.20.csv
179,0.7597765363128491,0.2402234636871508,1.0,1.0,1.0,0.7597765363128491,1.0,0.0,0.0,0.2402234636871508,0.0564668244730776,135,0.8148148148148148,0.1851851851851851,prompt_only_top1,0.2,target_lighting_shift,2,0.8,-0.0402234636871509,results/sim_complete/seed2_calib0.40/metrics_by_domain_alpha0.20.csv
82,0.6951219512195121,0.3048780487804878,1.0,1.0,1.0,0.6951219512195121,1.0,0.0,0.0,0.3048780487804878,0.1448306352810775,66,0.7272727272727273,0.2727272727272727,prompt_only_top1,0.2,target_occluded,2,0.8,-0.1048780487804879,results/sim_complete/seed2_calib0.40/metrics_by_domain_alpha0.20.csv
241,0.6970954356846473,0.3029045643153527,2.087136929460581,2.0,4.0,0.5145228215767634,0.4066390041493776,0.5933609958506224,0.0,0.1286307053941908,0.2042615483327257,181,0.7569060773480663,0.1381215469613259,coras,0.2,target_camera_shift,2,0.8,-0.1029045643153527,results/sim_complete/seed2_calib0.40/metrics_by_domain_alpha0.20.csv
179,0.8770949720670391,0.1229050279329608,2.0670391061452515,1.0,5.0,0.7597765363128491,0.6089385474860335,0.3910614525139664,0.0,0.0279329608938547,0.0564668244730776,135,0.9185185185185184,0.0074074074074074,coras,0.2,target_lighting_shift,2,0.8,0.077094972067039,results/sim_complete/seed2_calib0.40/metrics_by_domain_alpha0.20.csv
82,0.8536585365853658,0.1463414634146341,1.7682926829268293,1.0,3.0,0.6951219512195121,0.573170731707317,0.4268292682926829,0.0,0.073170731707317,0.1448306352810775,66,0.8787878787878788,0.0454545454545454,coras,0.2,target_occluded,2,0.8,0.0536585365853657,results/sim_complete/seed2_calib0.40/metrics_by_domain_alpha0.20.csv
241,0.8838174273858921,0.1161825726141079,7.053941908713693,8.0,11.0,0.5145228215767634,0.0539419087136929,0.946058091286307,0.0,0.0082987551867219,0.2042615483327257,181,0.9447513812154696,0.011049723756906,coras_aps,0.2,target_camera_shift,2,0.8,0.083817427385892,results/sim_complete/seed2_calib0.40/metrics_by_domain_alpha0.20.csv
179,0.9832402234636872,0.0167597765363128,5.949720670391062,6.0,12.0,0.7597765363128491,0.2625698324022346,0.7374301675977654,0.0,0.0,0.0564668244730776,135,0.9925925925925926,0.0,coras_aps,0.2,target_lighting_shift,2,0.8,0.183240223463687,results/sim_complete/seed2_calib0.40/metrics_by_domain_alpha0.20.csv
82,0.975609756097561,0.024390243902439,4.646341463414634,5.0,9.0,0.6951219512195121,0.3048780487804878,0.6951219512195121,0.0,0.0,0.1448306352810775,66,0.9848484848484848,0.0,coras_aps,0.2,target_occluded,2,0.8,0.1756097560975609,results/sim_complete/seed2_calib0.40/metrics_by_domain_alpha0.20.csv
241,0.7759336099585062,0.2240663900414937,3.4107883817427385,3.0,6.0,0.5145228215767634,0.2489626556016597,0.7510373443983402,0.0,0.0746887966804979,0.2042615483327257,181,0.8342541436464088,0.0773480662983425,mondrian_domain,0.2,target_camera_shift,2,0.8,-0.0240663900414938,results/sim_complete/seed2_calib0.40/metrics_by_domain_alpha0.20.csv
179,0.7877094972067039,0.2122905027932961,1.089385474860335,1.0,1.0,0.7597765363128491,0.8938547486033519,0.0949720670391061,0.0111731843575419,0.1675977653631284,0.0564668244730776,135,0.8444444444444444,0.1259259259259259,mondrian_domain,0.2,target_lighting_shift,2,0.8,-0.0122905027932961,results/sim_complete/seed2_calib0.40/metrics_by_domain_alpha0.20.csv
82,0.8048780487804879,0.1951219512195121,1.4024390243902438,1.0,2.0,0.6951219512195121,0.6707317073170732,0.3292682926829268,0.0,0.1097560975609756,0.1448306352810775,66,0.8333333333333334,0.0757575757575757,mondrian_domain,0.2,target_occluded,2,0.8,0.0048780487804878,results/sim_complete/seed2_calib0.40/metrics_by_domain_alpha0.20.csv
256,0.3359375,0.6640625,1.0,1.0,1.0,0.3359375,1.0,0.0,0.0,0.6640625,0.4194202316733934,188,0.3776595744680851,0.6223404255319149,top1_singleton,0.05,target_camera_shift,3,0.95,-0.6140625,results/sim_complete/seed3_calib0.10/metrics_by_domain_alpha0.05.csv
164,0.1097560975609756,0.8902439024390244,1.0,1.0,1.0,0.1097560975609756,1.0,0.0,0.0,0.8902439024390244,0.4489375205925052,123,0.0975609756097561,0.902439024390244,top1_singleton,0.05,target_lighting_shift,3,0.95,-0.8402439024390244,results/sim_complete/seed3_calib0.10/metrics_by_domain_alpha0.05.csv
97,0.6804123711340206,0.3195876288659793,1.0,1.0,1.0,0.6804123711340206,1.0,0.0,0.0,0.3195876288659793,0.1630040597445402,81,0.7037037037037037,0.2962962962962963,top1_singleton,0.05,target_occluded,3,0.95,-0.2695876288659793,results/sim_complete/seed3_calib0.10/metrics_by_domain_alpha0.05.csv
256,0.96875,0.03125,15.0,15.0,15.0,0.3359375,0.0,1.0,0.0,0.0,0.4194202316733934,188,0.9787234042553192,0.0,topk_calibrated,0.05,target_camera_shift,3,0.95,0.01875,results/sim_complete/seed3_calib0.10/metrics_by_domain_alpha0.05.csv
164,0.9817073170731708,0.0182926829268292,15.0,15.0,15.0,0.1097560975609756,0.0,1.0,0.0,0.0,0.4489375205925052,123,1.0,0.0,topk_calibrated,0.05,target_lighting_shift,3,0.95,0.0317073170731707,results/sim_complete/seed3_calib0.10/metrics_by_domain_alpha0.05.csv
97,1.0,0.0,15.0,15.0,15.0,0.6804123711340206,0.0,1.0,0.0,0.0,0.1630040597445402,81,1.0,0.0,topk_calibrated,0.05,target_occluded,3,0.95,0.05,results/sim_complete/seed3_calib0.10/metrics_by_domain_alpha0.05.csv
256,0.9765625,0.0234375,14.12890625,15.0,16.0,0.3359375,0.0,1.0,0.0,0.0,0.4194202316733934,188,1.0,0.0,vanilla_conformal,0.05,target_camera_shift,3,0.95,0.0265625,results/sim_complete/seed3_calib0.10/metrics_by_domain_alpha0.05.csv
164,0.9939024390243902,0.0060975609756097,15.274390243902438,15.0,16.0,0.1097560975609756,0.0,1.0,0.0,0.0,0.4489375205925052,123,1.0,0.0,vanilla_conformal,0.05,target_lighting_shift,3,0.95,0.0439024390243902,results/sim_complete/seed3_calib0.10/metrics_by_domain_alpha0.05.csv
97,1.0,0.0,10.463917525773196,13.0,15.400000000000006,0.6804123711340206,0.0309278350515463,0.9690721649484536,0.0,0.0,0.1630040597445402,81,1.0,0.0,vanilla_conformal,0.05,target_occluded,3,0.95,0.05,results/sim_complete/seed3_calib0.10/metrics_by_domain_alpha0.05.csv
256,0.94921875,0.05078125,13.94921875,14.0,15.0,0.3359375,0.0,1.0,0.0,0.0,0.4194202316733934,188,0.9787234042553192,0.0,aps_conformal,0.05,target_camera_shift,3,0.95,-0.0007812499999999,results/sim_complete/seed3_calib0.10/metrics_by_domain_alpha0.05.csv
164,0.975609756097561,0.024390243902439,14.46951219512195,14.0,15.0,0.1097560975609756,0.0,1.0,0.0,0.0,0.4489375205925052,123,1.0,0.0,aps_conformal,0.05,target_lighting_shift,3,0.95,0.025609756097561,results/sim_complete/seed3_calib0.10/metrics_by_domain_alpha0.05.csv
97,1.0,0.0,12.22680412371134,13.0,15.0,0.6804123711340206,0.0,1.0,0.0,0.0,0.1630040597445402,81,1.0,0.0,aps_conformal,0.05,target_occluded,3,0.95,0.05,results/sim_complete/seed3_calib0.10/metrics_by_domain_alpha0.05.csv
256,0.9453125,0.0546875,13.46484375,14.0,15.0,0.3359375,0.0,1.0,0.0,0.0,0.1020336990610017,188,0.9893617021276596,0.0,temperature_conformal,0.05,target_camera_shift,3,0.95,-0.0046874999999999,results/sim_complete/seed3_calib0.10/metrics_by_domain_alpha0.05.csv
164,0.9207317073170732,0.0792682926829267,13.268292682926829,13.0,14.0,0.1097560975609756,0.0,1.0,0.0,0.0,0.1492979274269406,123,0.983739837398374,0.0,temperature_conformal,0.05,target_lighting_shift,3,0.95,-0.0292682926829267,results/sim_complete/seed3_calib0.10/metrics_by_domain_alpha0.05.csv
97,1.0,0.0,11.835051546391751,13.0,14.0,0.6804123711340206,0.0,1.0,0.0,0.0,0.2287653728674425,81,1.0,0.0,temperature_conformal,0.05,target_occluded,3,0.95,0.05,results/sim_complete/seed3_calib0.10/metrics_by_domain_alpha0.05.csv
256,0.5078125,0.4921875,1.0,1.0,1.0,0.5078125,1.0,0.0,0.0,0.4921875,0.1944214987726567,188,0.5425531914893617,0.4574468085106383,prompt_only_top1,0.05,target_camera_shift,3,0.95,-0.4421874999999999,results/sim_complete/seed3_calib0.10/metrics_by_domain_alpha0.05.csv
164,0.6097560975609756,0.3902439024390244,1.0,1.0,1.0,0.6097560975609756,1.0,0.0,0.0,0.3902439024390244,0.0723790860781675,123,0.6991869918699187,0.3008130081300813,prompt_only_top1,0.05,target_lighting_shift,3,0.95,-0.3402439024390243,results/sim_complete/seed3_calib0.10/metrics_by_domain_alpha0.05.csv
97,0.711340206185567,0.2886597938144329,1.0,1.0,1.0,0.711340206185567,1.0,0.0,0.0,0.2886597938144329,0.1250895175018601,81,0.7283950617283951,0.2716049382716049,prompt_only_top1,0.05,target_occluded,3,0.95,-0.2386597938144329,results/sim_complete/seed3_calib0.10/metrics_by_domain_alpha0.05.csv
256,0.93359375,0.06640625,9.921875,11.0,13.0,0.5078125,0.0078125,0.9921875,0.0,0.0,0.1944214987726567,188,0.946808510638298,0.0,coras,0.05,target_camera_shift,3,0.95,-0.0164062499999999,results/sim_complete/seed3_calib0.10/metrics_by_domain_alpha0.05.csv
164,0.951219512195122,0.048780487804878,9.158536585365852,12.0,13.0,0.6097560975609756,0.1036585365853658,0.8963414634146342,0.0,0.0,0.0723790860781675,123,0.991869918699187,0.0,coras,0.05,target_lighting_shift,3,0.95,0.0012195121951219,results/sim_complete/seed3_calib0.10/metrics_by_domain_alpha0.05.csv
97,1.0,0.0,7.721649484536083,9.0,13.400000000000006,0.711340206185567,0.2164948453608247,0.7835051546391752,0.0,0.0,0.1250895175018601,81,1.0,0.0,coras,0.05,target_occluded,3,0.95,0.05,results/sim_complete/seed3_calib0.10/metrics_by_domain_alpha0.05.csv
256,0.953125,0.046875,11.40625,12.0,13.0,0.5078125,0.0,1.0,0.0,0.0,0.1944214987726567,188,0.9680851063829788,0.0,coras_aps,0.05,target_camera_shift,3,0.95,0.003125,results/sim_complete/seed3_calib0.10/metrics_by_domain_alpha0.05.csv
164,0.9329268292682928,0.0670731707317072,10.426829268292684,12.0,13.0,0.6097560975609756,0.0182926829268292,0.9817073170731708,0.0,0.0,0.0723790860781675,123,0.967479674796748,0.0,coras_aps,0.05,target_lighting_shift,3,0.95,-0.0170731707317072,results/sim_complete/seed3_calib0.10/metrics_by_domain_alpha0.05.csv
97,1.0,0.0,9.309278350515465,11.0,13.0,0.711340206185567,0.0618556701030927,0.9381443298969072,0.0,0.0,0.1250895175018601,81,1.0,0.0,coras_aps,0.05,target_occluded,3,0.95,0.05,results/sim_complete/seed3_calib0.10/metrics_by_domain_alpha0.05.csv
256,0.96484375,0.03515625,11.18359375,12.0,14.0,0.5078125,0.0078125,0.9921875,0.0,0.0,0.1944214987726567,188,0.973404255319149,0.0,mondrian_domain,0.05,target_camera_shift,3,0.95,0.01484375,results/sim_complete/seed3_calib0.10/metrics_by_domain_alpha0.05.csv
164,0.9939024390243902,0.0060975609756097,12.939024390243905,14.0,16.0,0.6097560975609756,0.0060975609756097,0.9939024390243902,0.0,0.0,0.0723790860781675,123,1.0,0.0,mondrian_domain,0.05,target_lighting_shift,3,0.95,0.0439024390243902,results/sim_complete/seed3_calib0.10/metrics_by_domain_alpha0.05.csv
97,0.9896907216494846,0.0103092783505154,5.453608247422681,5.0,11.0,0.711340206185567,0.2989690721649484,0.7010309278350515,0.0,0.0103092783505154,0.1250895175018601,81,1.0,0.0,mondrian_domain,0.05,target_occluded,3,0.95,0.0396907216494846,results/sim_complete/seed3_calib0.10/metrics_by_domain_alpha0.05.csv
256,0.3359375,0.6640625,1.0,1.0,1.0,0.3359375,1.0,0.0,0.0,0.6640625,0.4194202316733934,188,0.3776595744680851,0.6223404255319149,top1_singleton,0.1,target_camera_shift,3,0.9,-0.5640625,results/sim_complete/seed3_calib0.10/metrics_by_domain_alpha0.10.csv
164,0.1097560975609756,0.8902439024390244,1.0,1.0,1.0,0.1097560975609756,1.0,0.0,0.0,0.8902439024390244,0.4489375205925052,123,0.0975609756097561,0.902439024390244,top1_singleton,0.1,target_lighting_shift,3,0.9,-0.7902439024390244,results/sim_complete/seed3_calib0.10/metrics_by_domain_alpha0.10.csv
97,0.6804123711340206,0.3195876288659793,1.0,1.0,1.0,0.6804123711340206,1.0,0.0,0.0,0.3195876288659793,0.1630040597445402,81,0.7037037037037037,0.2962962962962963,top1_singleton,0.1,target_occluded,3,0.9,-0.2195876288659793,results/sim_complete/seed3_calib0.10/metrics_by_domain_alpha0.10.csv
256,0.921875,0.078125,13.0,13.0,13.0,0.3359375,0.0,1.0,0.0,0.0,0.4194202316733934,188,0.9627659574468084,0.0,topk_calibrated,0.1,target_camera_shift,3,0.9,0.0218749999999999,results/sim_complete/seed3_calib0.10/metrics_by_domain_alpha0.10.csv
164,0.902439024390244,0.097560975609756,13.0,13.0,13.0,0.1097560975609756,0.0,1.0,0.0,0.0,0.4489375205925052,123,0.967479674796748,0.0,topk_calibrated,0.1,target_lighting_shift,3,0.9,0.0024390243902439,results/sim_complete/seed3_calib0.10/metrics_by_domain_alpha0.10.csv
97,1.0,0.0,13.0,13.0,13.0,0.6804123711340206,0.0,1.0,0.0,0.0,0.1630040597445402,81,1.0,0.0,topk_calibrated,0.1,target_occluded,3,0.9,0.0999999999999999,results/sim_complete/seed3_calib0.10/metrics_by_domain_alpha0.10.csv
256,0.90625,0.09375,11.6015625,12.0,15.0,0.3359375,0.0,1.0,0.0,0.0,0.4194202316733934,188,0.9787234042553192,0.0,vanilla_conformal,0.1,target_camera_shift,3,0.9,0.0062499999999999,results/sim_complete/seed3_calib0.10/metrics_by_domain_alpha0.10.csv
164,0.9085365853658536,0.0914634146341463,12.975609756097562,13.0,14.0,0.1097560975609756,0.0,1.0,0.0,0.0,0.4489375205925052,123,0.967479674796748,0.0,vanilla_conformal,0.1,target_lighting_shift,3,0.9,0.0085365853658536,results/sim_complete/seed3_calib0.10/metrics_by_domain_alpha0.10.csv
97,0.979381443298969,0.0206185567010309,7.783505154639175,9.0,14.0,0.6804123711340206,0.1546391752577319,0.845360824742268,0.0,0.0,0.1630040597445402,81,0.9876543209876544,0.0,vanilla_conformal,0.1,target_occluded,3,0.9,0.079381443298969,results/sim_complete/seed3_calib0.10/metrics_by_domain_alpha0.10.csv
256,0.921875,0.078125,12.05078125,12.5,14.0,0.3359375,0.0,1.0,0.0,0.0,0.4194202316733934,188,0.9680851063829788,0.0,aps_conformal,0.1,target_camera_shift,3,0.9,0.0218749999999999,results/sim_complete/seed3_calib0.10/metrics_by_domain_alpha0.10.csv
164,0.8963414634146342,0.1036585365853658,12.78658536585366,13.0,13.0,0.1097560975609756,0.0,1.0,0.0,0.0,0.4489375205925052,123,0.959349593495935,0.0,aps_conformal,0.1,target_lighting_shift,3,0.9,-0.0036585365853658,results/sim_complete/seed3_calib0.10/metrics_by_domain_alpha0.10.csv
97,0.9896907216494846,0.0103092783505154,9.09278350515464,11.0,13.0,0.6804123711340206,0.0515463917525773,0.9484536082474226,0.0,0.0,0.1630040597445402,81,1.0,0.0,aps_conformal,0.1,target_occluded,3,0.9,0.0896907216494845,results/sim_complete/seed3_calib0.10/metrics_by_domain_alpha0.10.csv
256,0.91796875,0.08203125,12.24609375,12.0,14.0,0.3359375,0.0,1.0,0.0,0.0,0.1020648734686229,188,0.9627659574468084,0.0,temperature_conformal,0.1,target_camera_shift,3,0.9,0.0179687499999999,results/sim_complete/seed3_calib0.10/metrics_by_domain_alpha0.10.csv
164,0.902439024390244,0.097560975609756,12.28048780487805,12.0,13.0,0.1097560975609756,0.0,1.0,0.0,0.0,0.1492598205801776,123,0.967479674796748,0.0,temperature_conformal,0.1,target_lighting_shift,3,0.9,0.0024390243902439,results/sim_complete/seed3_calib0.10/metrics_by_domain_alpha0.10.csv
97,1.0,0.0,10.391752577319588,11.0,13.0,0.6804123711340206,0.0,1.0,0.0,0.0,0.228871175519567,81,1.0,0.0,temperature_conformal,0.1,target_occluded,3,0.9,0.0999999999999999,results/sim_complete/seed3_calib0.10/metrics_by_domain_alpha0.10.csv
256,0.5078125,0.4921875,1.0,1.0,1.0,0.5078125,1.0,0.0,0.0,0.4921875,0.1944214987726567,188,0.5425531914893617,0.4574468085106383,prompt_only_top1,0.1,target_camera_shift,3,0.9,-0.3921875,results/sim_complete/seed3_calib0.10/metrics_by_domain_alpha0.10.csv
164,0.6097560975609756,0.3902439024390244,1.0,1.0,1.0,0.6097560975609756,1.0,0.0,0.0,0.3902439024390244,0.0723790860781675,123,0.6991869918699187,0.3008130081300813,prompt_only_top1,0.1,target_lighting_shift,3,0.9,-0.2902439024390244,results/sim_complete/seed3_calib0.10/metrics_by_domain_alpha0.10.csv
97,0.711340206185567,0.2886597938144329,1.0,1.0,1.0,0.711340206185567,1.0,0.0,0.0,0.2886597938144329,0.1250895175018601,81,0.7283950617283951,0.2716049382716049,prompt_only_top1,0.1,target_occluded,3,0.9,-0.1886597938144329,results/sim_complete/seed3_calib0.10/metrics_by_domain_alpha0.10.csv
256,0.875,0.125,7.40234375,8.0,11.0,0.5078125,0.02734375,0.97265625,0.0,0.0,0.1944214987726567,188,0.9148936170212766,0.0,coras,0.1,target_camera_shift,3,0.9,-0.025,results/sim_complete/seed3_calib0.10/metrics_by_domain_alpha0.10.csv
164,0.9085365853658536,0.0914634146341463,7.060975609756097,9.0,11.0,0.6097560975609756,0.1951219512195122,0.8048780487804879,0.0,0.0,0.0723790860781675,123,0.967479674796748,0.0,coras,0.1,target_lighting_shift,3,0.9,0.0085365853658536,results/sim_complete/seed3_calib0.10/metrics_by_domain_alpha0.10.csv
97,0.9896907216494846,0.0103092783505154,5.43298969072165,5.0,11.0,0.711340206185567,0.2989690721649484,0.7010309278350515,0.0,0.0103092783505154,0.1250895175018601,81,1.0,0.0,coras,0.1,target_occluded,3,0.9,0.0896907216494845,results/sim_complete/seed3_calib0.10/metrics_by_domain_alpha0.10.csv
256,0.9375,0.0625,9.8671875,11.0,12.0,0.5078125,0.0078125,0.9921875,0.0,0.0,0.1944214987726567,188,0.9627659574468084,0.0,coras_aps,0.1,target_camera_shift,3,0.9,0.0374999999999999,results/sim_complete/seed3_calib0.10/metrics_by_domain_alpha0.10.csv
164,0.9085365853658536,0.0914634146341463,9.03658536585366,11.0,12.0,0.6097560975609756,0.0792682926829268,0.9207317073170732,0.0,0.0,0.0723790860781675,123,0.959349593495935,0.0,coras_aps,0.1,target_lighting_shift,3,0.9,0.0085365853658536,results/sim_complete/seed3_calib0.10/metrics_by_domain_alpha0.10.csv
97,1.0,0.0,7.845360824742268,9.0,12.400000000000006,0.711340206185567,0.1855670103092783,0.8144329896907216,0.0,0.0,0.1250895175018601,81,1.0,0.0,coras_aps,0.1,target_occluded,3,0.9,0.0999999999999999,results/sim_complete/seed3_calib0.10/metrics_by_domain_alpha0.10.csv
256,0.90234375,0.09765625,8.265625,9.0,12.0,0.5078125,0.01171875,0.98828125,0.0,0.0,0.1944214987726567,188,0.925531914893617,0.0,mondrian_domain,0.1,target_camera_shift,3,0.9,0.0023437499999999,results/sim_complete/seed3_calib0.10/metrics_by_domain_alpha0.10.csv
164,0.8597560975609756,0.1402439024390244,5.445121951219512,7.0,9.0,0.6097560975609756,0.2865853658536585,0.7134146341463414,0.0,0.0,0.0723790860781675,123,0.926829268292683,0.0,mondrian_domain,0.1,target_lighting_shift,3,0.9,-0.0402439024390244,results/sim_complete/seed3_calib0.10/metrics_by_domain_alpha0.10.csv
97,0.9690721649484536,0.0309278350515463,4.020618556701031,3.0,9.0,0.711340206185567,0.3608247422680412,0.6391752577319587,0.0,0.0103092783505154,0.1250895175018601,81,0.9753086419753086,0.0,mondrian_domain,0.1,target_occluded,3,0.9,0.0690721649484535,results/sim_complete/seed3_calib0.10/metrics_by_domain_alpha0.10.csv
256,0.3359375,0.6640625,1.0,1.0,1.0,0.3359375,1.0,0.0,0.0,0.6640625,0.4194202316733934,188,0.3776595744680851,0.6223404255319149,top1_singleton,0.2,target_camera_shift,3,0.8,-0.4640625,results/sim_complete/seed3_calib0.10/metrics_by_domain_alpha0.20.csv
164,0.1097560975609756,0.8902439024390244,1.0,1.0,1.0,0.1097560975609756,1.0,0.0,0.0,0.8902439024390244,0.4489375205925052,123,0.0975609756097561,0.902439024390244,top1_singleton,0.2,target_lighting_shift,3,0.8,-0.6902439024390244,results/sim_complete/seed3_calib0.10/metrics_by_domain_alpha0.20.csv
97,0.6804123711340206,0.3195876288659793,1.0,1.0,1.0,0.6804123711340206,1.0,0.0,0.0,0.3195876288659793,0.1630040597445402,81,0.7037037037037037,0.2962962962962963,top1_singleton,0.2,target_occluded,3,0.8,-0.1195876288659794,results/sim_complete/seed3_calib0.10/metrics_by_domain_alpha0.20.csv
256,0.8671875,0.1328125,11.0,11.0,11.0,0.3359375,0.0,1.0,0.0,0.0,0.4194202316733934,188,0.9148936170212766,0.0,topk_calibrated,0.2,target_camera_shift,3,0.8,0.0671874999999999,results/sim_complete/seed3_calib0.10/metrics_by_domain_alpha0.20.csv
164,0.823170731707317,0.1768292682926829,11.0,11.0,11.0,0.1097560975609756,0.0,1.0,0.0,0.0,0.4489375205925052,123,0.8943089430894309,0.0,topk_calibrated,0.2,target_lighting_shift,3,0.8,0.0231707317073169,results/sim_complete/seed3_calib0.10/metrics_by_domain_alpha0.20.csv
97,0.9896907216494846,0.0103092783505154,11.0,11.0,11.0,0.6804123711340206,0.0,1.0,0.0,0.0,0.1630040597445402,81,0.9876543209876544,0.0,topk_calibrated,0.2,target_occluded,3,0.8,0.1896907216494845,results/sim_complete/seed3_calib0.10/metrics_by_domain_alpha0.20.csv
256,0.78515625,0.21484375,8.07421875,9.0,12.0,0.3359375,0.01953125,0.98046875,0.0,0.0,0.4194202316733934,188,0.8404255319148937,0.0,vanilla_conformal,0.2,target_camera_shift,3,0.8,-0.01484375,results/sim_complete/seed3_calib0.10/metrics_by_domain_alpha0.20.csv
164,0.7865853658536586,0.2134146341463414,10.018292682926829,10.0,11.0,0.1097560975609756,0.0,1.0,0.0,0.0,0.4489375205925052,123,0.8536585365853658,0.0,vanilla_conformal,0.2,target_lighting_shift,3,0.8,-0.0134146341463414,results/sim_complete/seed3_calib0.10/metrics_by_domain_alpha0.20.csv
97,0.979381443298969,0.0206185567010309,5.257731958762887,5.0,11.0,0.6804123711340206,0.2886597938144329,0.711340206185567,0.0,0.0103092783505154,0.1630040597445402,81,0.9876543209876544,0.0,vanilla_conformal,0.2,target_occluded,3,0.8,0.179381443298969,results/sim_complete/seed3_calib0.10/metrics_by_domain_alpha0.20.csv
256,0.8515625,0.1484375,9.3359375,10.0,12.0,0.3359375,0.03125,0.96875,0.0,0.0,0.4194202316733934,188,0.9202127659574468,0.0,aps_conformal,0.2,target_camera_shift,3,0.8,0.0515624999999999,results/sim_complete/seed3_calib0.10/metrics_by_domain_alpha0.20.csv
164,0.823170731707317,0.1768292682926829,10.615853658536585,11.0,11.0,0.1097560975609756,0.0060975609756097,0.9939024390243902,0.0,0.0,0.4489375205925052,123,0.8943089430894309,0.0,aps_conformal,0.2,target_lighting_shift,3,0.8,0.0231707317073169,results/sim_complete/seed3_calib0.10/metrics_by_domain_alpha0.20.csv
97,0.979381443298969,0.0206185567010309,6.092783505154639,7.0,11.0,0.6804123711340206,0.2886597938144329,0.711340206185567,0.0,0.0103092783505154,0.1630040597445402,81,0.9876543209876544,0.0,aps_conformal,0.2,target_occluded,3,0.8,0.179381443298969,results/sim_complete/seed3_calib0.10/metrics_by_domain_alpha0.20.csv
256,0.82421875,0.17578125,9.2109375,10.0,11.0,0.3359375,0.0,1.0,0.0,0.0,0.1019722451914128,188,0.8776595744680851,0.0,temperature_conformal,0.2,target_camera_shift,3,0.8,0.0242187499999999,results/sim_complete/seed3_calib0.10/metrics_by_domain_alpha0.20.csv
164,0.7621951219512195,0.2378048780487804,9.798780487804878,10.0,11.0,0.1097560975609756,0.0,1.0,0.0,0.0,0.1493730568502887,123,0.8373983739837398,0.0,temperature_conformal,0.2,target_lighting_shift,3,0.8,-0.0378048780487805,results/sim_complete/seed3_calib0.10/metrics_by_domain_alpha0.20.csv
97,0.979381443298969,0.0206185567010309,7.041237113402062,7.0,11.0,0.6804123711340206,0.0309278350515463,0.9690721649484536,0.0,0.0,0.2285568396741218,81,0.9876543209876544,0.0,temperature_conformal,0.2,target_occluded,3,0.8,0.179381443298969,results/sim_complete/seed3_calib0.10/metrics_by_domain_alpha0.20.csv
256,0.5078125,0.4921875,1.0,1.0,1.0,0.5078125,1.0,0.0,0.0,0.4921875,0.1944214987726567,188,0.5425531914893617,0.4574468085106383,prompt_only_top1,0.2,target_camera_shift,3,0.8,-0.2921875,results/sim_complete/seed3_calib0.10/metrics_by_domain_alpha0.20.csv
164,0.6097560975609756,0.3902439024390244,1.0,1.0,1.0,0.6097560975609756,1.0,0.0,0.0,0.3902439024390244,0.0723790860781675,123,0.6991869918699187,0.3008130081300813,prompt_only_top1,0.2,target_lighting_shift,3,0.8,-0.1902439024390244,results/sim_complete/seed3_calib0.10/metrics_by_domain_alpha0.20.csv
97,0.711340206185567,0.2886597938144329,1.0,1.0,1.0,0.711340206185567,1.0,0.0,0.0,0.2886597938144329,0.1250895175018601,81,0.7283950617283951,0.2716049382716049,prompt_only_top1,0.2,target_occluded,3,0.8,-0.088659793814433,results/sim_complete/seed3_calib0.10/metrics_by_domain_alpha0.20.csv
256,0.74609375,0.25390625,3.765625,3.0,7.0,0.5078125,0.22265625,0.77734375,0.0,0.05859375,0.1944214987726567,188,0.7925531914893617,0.0585106382978723,coras,0.2,target_camera_shift,3,0.8,-0.05390625,results/sim_complete/seed3_calib0.10/metrics_by_domain_alpha0.20.csv
164,0.8109756097560976,0.1890243902439023,4.548780487804878,5.0,8.0,0.6097560975609756,0.3292682926829268,0.6707317073170732,0.0,0.0,0.0723790860781675,123,0.8861788617886179,0.0,coras,0.2,target_lighting_shift,3,0.8,0.0109756097560975,results/sim_complete/seed3_calib0.10/metrics_by_domain_alpha0.20.csv
97,0.9484536082474226,0.0515463917525773,2.9278350515463916,2.0,7.0,0.711340206185567,0.4432989690721649,0.5567010309278351,0.0,0.0206185567010309,0.1250895175018601,81,0.9506172839506172,0.0123456790123456,coras,0.2,target_occluded,3,0.8,0.1484536082474226,results/sim_complete/seed3_calib0.10/metrics_by_domain_alpha0.20.csv
256,0.8671875,0.1328125,7.85546875,9.0,11.0,0.5078125,0.0234375,0.9765625,0.0,0.0,0.1944214987726567,188,0.898936170212766,0.0,coras_aps,0.2,target_camera_shift,3,0.8,0.0671874999999999,results/sim_complete/seed3_calib0.10/metrics_by_domain_alpha0.20.csv
164,0.8902439024390244,0.1097560975609756,7.323170731707317,9.0,11.0,0.6097560975609756,0.1341463414634146,0.8658536585365854,0.0,0.0,0.0723790860781675,123,0.959349593495935,0.0,coras_aps,0.2,target_lighting_shift,3,0.8,0.0902439024390243,results/sim_complete/seed3_calib0.10/metrics_by_domain_alpha0.20.csv
97,1.0,0.0,6.11340206185567,7.0,11.0,0.711340206185567,0.2886597938144329,0.711340206185567,0.0,0.0,0.1250895175018601,81,1.0,0.0,coras_aps,0.2,target_occluded,3,0.8,0.1999999999999999,results/sim_complete/seed3_calib0.10/metrics_by_domain_alpha0.20.csv
256,0.828125,0.171875,5.8359375,5.0,10.0,0.5078125,0.09765625,0.90234375,0.0,0.0078125,0.1944214987726567,188,0.8882978723404256,0.0106382978723404,mondrian_domain,0.2,target_camera_shift,3,0.8,0.0281249999999999,results/sim_complete/seed3_calib0.10/metrics_by_domain_alpha0.20.csv
164,0.725609756097561,0.274390243902439,2.7865853658536586,2.0,5.0,0.6097560975609756,0.4085365853658536,0.5914634146341463,0.0,0.0121951219512195,0.0723790860781675,123,0.8292682926829268,0.008130081300813,mondrian_domain,0.2,target_lighting_shift,3,0.8,-0.074390243902439,results/sim_complete/seed3_calib0.10/metrics_by_domain_alpha0.20.csv
97,0.9278350515463918,0.0721649484536082,2.4329896907216493,2.0,5.0,0.711340206185567,0.4845360824742268,0.5154639175257731,0.0,0.0309278350515463,0.1250895175018601,81,0.9506172839506172,0.0246913580246913,mondrian_domain,0.2,target_occluded,3,0.8,0.1278350515463917,results/sim_complete/seed3_calib0.10/metrics_by_domain_alpha0.20.csv
231,0.303030303030303,0.696969696969697,1.0,1.0,1.0,0.303030303030303,1.0,0.0,0.0,0.696969696969697,0.4368491343831046,175,0.3371428571428571,0.6628571428571428,top1_singleton,0.05,target_camera_shift,3,0.95,-0.646969696969697,results/sim_complete/seed3_calib0.25/metrics_by_domain_alpha0.05.csv
179,0.1340782122905028,0.8659217877094972,1.0,1.0,1.0,0.1340782122905028,1.0,0.0,0.0,0.8659217877094972,0.4227808601442369,137,0.1386861313868613,0.8613138686131386,top1_singleton,0.05,target_lighting_shift,3,0.95,-0.8159217877094972,results/sim_complete/seed3_calib0.25/metrics_by_domain_alpha0.05.csv
96,0.7395833333333334,0.2604166666666666,1.0,1.0,1.0,0.7395833333333334,1.0,0.0,0.0,0.2604166666666667,0.0922756927243342,80,0.7625,0.2375,top1_singleton,0.05,target_occluded,3,0.95,-0.2104166666666665,results/sim_complete/seed3_calib0.25/metrics_by_domain_alpha0.05.csv
231,0.9393939393939394,0.0606060606060605,14.0,14.0,14.0,0.303030303030303,0.0,1.0,0.0,0.0,0.4368491343831046,175,0.9485714285714286,0.0,topk_calibrated,0.05,target_camera_shift,3,0.95,-0.0106060606060605,results/sim_complete/seed3_calib0.25/metrics_by_domain_alpha0.05.csv
179,0.9608938547486032,0.0391061452513966,14.0,14.0,14.0,0.1340782122905028,0.0,1.0,0.0,0.0,0.4227808601442369,137,0.9927007299270072,0.0,topk_calibrated,0.05,target_lighting_shift,3,0.95,0.0108938547486033,results/sim_complete/seed3_calib0.25/metrics_by_domain_alpha0.05.csv
96,0.9895833333333334,0.0104166666666666,14.0,14.0,14.0,0.7395833333333334,0.0,1.0,0.0,0.0,0.0922756927243342,80,1.0,0.0,topk_calibrated,0.05,target_occluded,3,0.95,0.0395833333333334,results/sim_complete/seed3_calib0.25/metrics_by_domain_alpha0.05.csv
231,0.9523809523809524,0.0476190476190476,12.805194805194803,13.0,16.0,0.303030303030303,0.0,1.0,0.0,0.0,0.4368491343831046,175,0.9771428571428572,0.0,vanilla_conformal,0.05,target_camera_shift,3,0.95,0.0023809523809523,results/sim_complete/seed3_calib0.25/metrics_by_domain_alpha0.05.csv
179,0.9608938547486032,0.0391061452513966,13.860335195530729,14.0,15.0,0.1340782122905028,0.0,1.0,0.0,0.0,0.4227808601442369,137,1.0,0.0,vanilla_conformal,0.05,target_lighting_shift,3,0.95,0.0108938547486033,results/sim_complete/seed3_calib0.25/metrics_by_domain_alpha0.05.csv
96,0.9895833333333334,0.0104166666666666,8.510416666666666,9.5,14.0,0.7395833333333334,0.15625,0.84375,0.0,0.0104166666666666,0.0922756927243342,80,1.0,0.0,vanilla_conformal,0.05,target_occluded,3,0.95,0.0395833333333334,results/sim_complete/seed3_calib0.25/metrics_by_domain_alpha0.05.csv
231,0.9437229437229436,0.0562770562770562,13.22077922077922,14.0,15.0,0.303030303030303,0.0,1.0,0.0,0.0,0.4368491343831046,175,0.9542857142857144,0.0,aps_conformal,0.05,target_camera_shift,3,0.95,-0.0062770562770562,results/sim_complete/seed3_calib0.25/metrics_by_domain_alpha0.05.csv
179,0.9608938547486032,0.0391061452513966,13.93854748603352,14.0,14.0,0.1340782122905028,0.0,1.0,0.0,0.0,0.4227808601442369,137,0.9927007299270072,0.0,aps_conformal,0.05,target_lighting_shift,3,0.95,0.0108938547486033,results/sim_complete/seed3_calib0.25/metrics_by_domain_alpha0.05.csv
96,0.9895833333333334,0.0104166666666666,10.59375,12.0,14.0,0.7395833333333334,0.0,1.0,0.0,0.0,0.0922756927243342,80,1.0,0.0,aps_conformal,0.05,target_occluded,3,0.95,0.0395833333333334,results/sim_complete/seed3_calib0.25/metrics_by_domain_alpha0.05.csv
231,0.9567099567099568,0.0432900432900432,13.770562770562773,14.0,16.0,0.303030303030303,0.0,1.0,0.0,0.0,0.0602274661029071,175,0.9771428571428572,0.0,temperature_conformal,0.05,target_camera_shift,3,0.95,0.0067099567099567,results/sim_complete/seed3_calib0.25/metrics_by_domain_alpha0.05.csv
179,0.9385474860335196,0.0614525139664804,13.35195530726257,13.0,14.0,0.1340782122905028,0.0,1.0,0.0,0.0,0.1275858093728109,137,0.9927007299270072,0.0,temperature_conformal,0.05,target_lighting_shift,3,0.95,-0.0114525139664803,results/sim_complete/seed3_calib0.25/metrics_by_domain_alpha0.05.csv
96,0.9895833333333334,0.0104166666666666,12.020833333333334,13.0,14.0,0.7395833333333334,0.0,1.0,0.0,0.0,0.2867529576868807,80,1.0,0.0,temperature_conformal,0.05,target_occluded,3,0.95,0.0395833333333334,results/sim_complete/seed3_calib0.25/metrics_by_domain_alpha0.05.csv
231,0.5714285714285714,0.4285714285714286,1.0,1.0,1.0,0.5714285714285714,1.0,0.0,0.0,0.4285714285714285,0.1442505320606122,175,0.5714285714285714,0.4285714285714285,prompt_only_top1,0.05,target_camera_shift,3,0.95,-0.3785714285714285,results/sim_complete/seed3_calib0.25/metrics_by_domain_alpha0.05.csv
179,0.6145251396648045,0.3854748603351955,1.0,1.0,1.0,0.6145251396648045,1.0,0.0,0.0,0.3854748603351955,0.0841923335482904,137,0.7007299270072993,0.2992700729927007,prompt_only_top1,0.05,target_lighting_shift,3,0.95,-0.3354748603351954,results/sim_complete/seed3_calib0.25/metrics_by_domain_alpha0.05.csv
96,0.7708333333333334,0.2291666666666666,1.0,1.0,1.0,0.7708333333333334,1.0,0.0,0.0,0.2291666666666666,0.0760752011756943,80,0.7875,0.2125,prompt_only_top1,0.05,target_occluded,3,0.95,-0.1791666666666665,results/sim_complete/seed3_calib0.25/metrics_by_domain_alpha0.05.csv
231,0.961038961038961,0.0389610389610389,10.51948051948052,11.0,14.0,0.5714285714285714,0.0086580086580086,0.9913419913419912,0.0,0.0,0.1442505320606122,175,0.9714285714285714,0.0,coras,0.05,target_camera_shift,3,0.95,0.011038961038961,results/sim_complete/seed3_calib0.25/metrics_by_domain_alpha0.05.csv
179,0.9553072625698324,0.0446927374301675,9.675977653631286,12.0,13.0,0.6145251396648045,0.106145251396648,0.8938547486033519,0.0,0.0,0.0841923335482904,137,1.0,0.0,coras,0.05,target_lighting_shift,3,0.95,0.0053072625698324,results/sim_complete/seed3_calib0.25/metrics_by_domain_alpha0.05.csv
96,0.9895833333333334,0.0104166666666666,7.927083333333333,9.0,13.5,0.7708333333333334,0.1979166666666666,0.8020833333333334,0.0,0.0,0.0760752011756943,80,1.0,0.0,coras,0.05,target_occluded,3,0.95,0.0395833333333334,results/sim_complete/seed3_calib0.25/metrics_by_domain_alpha0.05.csv
231,0.9696969696969696,0.0303030303030302,11.662337662337665,12.0,13.0,0.5714285714285714,0.0,1.0,0.0,0.0,0.1442505320606122,175,0.9885714285714284,0.0,coras_aps,0.05,target_camera_shift,3,0.95,0.0196969696969697,results/sim_complete/seed3_calib0.25/metrics_by_domain_alpha0.05.csv
179,0.9720670391061452,0.0279329608938547,10.64804469273743,12.0,13.0,0.6145251396648045,0.0055865921787709,0.994413407821229,0.0,0.0,0.0841923335482904,137,1.0,0.0,coras_aps,0.05,target_lighting_shift,3,0.95,0.0220670391061452,results/sim_complete/seed3_calib0.25/metrics_by_domain_alpha0.05.csv
96,0.9895833333333334,0.0104166666666666,9.479166666666666,11.0,13.0,0.7708333333333334,0.0520833333333333,0.9479166666666666,0.0,0.0,0.0760752011756943,80,1.0,0.0,coras_aps,0.05,target_occluded,3,0.95,0.0395833333333334,results/sim_complete/seed3_calib0.25/metrics_by_domain_alpha0.05.csv
231,0.974025974025974,0.0259740259740259,11.372294372294371,12.0,14.0,0.5714285714285714,0.0086580086580086,0.9913419913419912,0.0,0.0,0.1442505320606122,175,0.9885714285714284,0.0,mondrian_domain,0.05,target_camera_shift,3,0.95,0.024025974025974,results/sim_complete/seed3_calib0.25/metrics_by_domain_alpha0.05.csv
179,0.9664804469273744,0.0335195530726256,9.921787709497206,12.0,13.0,0.6145251396648045,0.1005586592178771,0.8994413407821229,0.0,0.0,0.0841923335482904,137,1.0,0.0,mondrian_domain,0.05,target_lighting_shift,3,0.95,0.0164804469273743,results/sim_complete/seed3_calib0.25/metrics_by_domain_alpha0.05.csv
96,0.9895833333333334,0.0104166666666666,4.46875,3.5,10.0,0.7708333333333334,0.3645833333333333,0.6354166666666666,0.0,0.0,0.0760752011756943,80,1.0,0.0,mondrian_domain,0.05,target_occluded,3,0.95,0.0395833333333334,results/sim_complete/seed3_calib0.25/metrics_by_domain_alpha0.05.csv
231,0.303030303030303,0.696969696969697,1.0,1.0,1.0,0.303030303030303,1.0,0.0,0.0,0.696969696969697,0.4368491343831046,175,0.3371428571428571,0.6628571428571428,top1_singleton,0.1,target_camera_shift,3,0.9,-0.5969696969696969,results/sim_complete/seed3_calib0.25/metrics_by_domain_alpha0.10.csv
179,0.1340782122905028,0.8659217877094972,1.0,1.0,1.0,0.1340782122905028,1.0,0.0,0.0,0.8659217877094972,0.4227808601442369,137,0.1386861313868613,0.8613138686131386,top1_singleton,0.1,target_lighting_shift,3,0.9,-0.7659217877094973,results/sim_complete/seed3_calib0.25/metrics_by_domain_alpha0.10.csv
96,0.7395833333333334,0.2604166666666666,1.0,1.0,1.0,0.7395833333333334,1.0,0.0,0.0,0.2604166666666667,0.0922756927243342,80,0.7625,0.2375,top1_singleton,0.1,target_occluded,3,0.9,-0.1604166666666666,results/sim_complete/seed3_calib0.25/metrics_by_domain_alpha0.10.csv
231,0.9393939393939394,0.0606060606060605,13.0,13.0,13.0,0.303030303030303,0.0,1.0,0.0,0.0,0.4368491343831046,175,0.9485714285714286,0.0,topk_calibrated,0.1,target_camera_shift,3,0.9,0.0393939393939394,results/sim_complete/seed3_calib0.25/metrics_by_domain_alpha0.10.csv
179,0.88268156424581,0.1173184357541899,13.0,13.0,13.0,0.1340782122905028,0.0,1.0,0.0,0.0,0.4227808601442369,137,0.9635036496350364,0.0,topk_calibrated,0.1,target_lighting_shift,3,0.9,-0.01731843575419,results/sim_complete/seed3_calib0.25/metrics_by_domain_alpha0.10.csv
96,0.9895833333333334,0.0104166666666666,13.0,13.0,13.0,0.7395833333333334,0.0,1.0,0.0,0.0,0.0922756927243342,80,1.0,0.0,topk_calibrated,0.1,target_occluded,3,0.9,0.0895833333333333,results/sim_complete/seed3_calib0.25/metrics_by_domain_alpha0.10.csv
231,0.9004329004329005,0.0995670995670995,11.13852813852814,12.0,15.0,0.303030303030303,0.0,1.0,0.0,0.0,0.4368491343831046,175,0.9314285714285714,0.0,vanilla_conformal,0.1,target_camera_shift,3,0.9,0.0004329004329004,results/sim_complete/seed3_calib0.25/metrics_by_domain_alpha0.10.csv
179,0.8770949720670391,0.1229050279329608,12.631284916201118,13.0,13.0,0.1340782122905028,0.0,1.0,0.0,0.0,0.4227808601442369,137,0.948905109489051,0.0,vanilla_conformal,0.1,target_lighting_shift,3,0.9,-0.0229050279329608,results/sim_complete/seed3_calib0.25/metrics_by_domain_alpha0.10.csv
96,0.9895833333333334,0.0104166666666666,7.28125,8.0,14.0,0.7395833333333334,0.2395833333333333,0.7604166666666666,0.0,0.0104166666666666,0.0922756927243342,80,1.0,0.0,vanilla_conformal,0.1,target_occluded,3,0.9,0.0895833333333333,results/sim_complete/seed3_calib0.25/metrics_by_domain_alpha0.10.csv
231,0.9264069264069263,0.0735930735930735,11.688311688311687,12.0,14.0,0.303030303030303,0.0,1.0,0.0,0.0,0.4368491343831046,175,0.9428571428571428,0.0,aps_conformal,0.1,target_camera_shift,3,0.9,0.0264069264069264,results/sim_complete/seed3_calib0.25/metrics_by_domain_alpha0.10.csv
179,0.8715083798882681,0.1284916201117318,12.525139664804469,13.0,13.0,0.1340782122905028,0.0,1.0,0.0,0.0,0.4227808601442369,137,0.948905109489051,0.0,aps_conformal,0.1,target_lighting_shift,3,0.9,-0.0284916201117318,results/sim_complete/seed3_calib0.25/metrics_by_domain_alpha0.10.csv
96,0.9895833333333334,0.0104166666666666,8.333333333333334,9.5,13.0,0.7395833333333334,0.125,0.875,0.0,0.0,0.0922756927243342,80,1.0,0.0,aps_conformal,0.1,target_occluded,3,0.9,0.0895833333333333,results/sim_complete/seed3_calib0.25/metrics_by_domain_alpha0.10.csv
231,0.9177489177489178,0.0822510822510822,11.97835497835498,12.0,14.0,0.303030303030303,0.0,1.0,0.0,0.0,0.0602273623925415,175,0.9485714285714286,0.0,temperature_conformal,0.1,target_camera_shift,3,0.9,0.0177489177489177,results/sim_complete/seed3_calib0.25/metrics_by_domain_alpha0.10.csv
179,0.8435754189944135,0.1564245810055865,12.094972067039109,12.0,13.0,0.1340782122905028,0.0,1.0,0.0,0.0,0.1275855457041736,137,0.9416058394160584,0.0,temperature_conformal,0.1,target_lighting_shift,3,0.9,-0.0564245810055865,results/sim_complete/seed3_calib0.25/metrics_by_domain_alpha0.10.csv
96,0.9895833333333334,0.0104166666666666,10.0625,11.0,13.0,0.7395833333333334,0.0,1.0,0.0,0.0,0.2867536013956411,80,1.0,0.0,temperature_conformal,0.1,target_occluded,3,0.9,0.0895833333333333,results/sim_complete/seed3_calib0.25/metrics_by_domain_alpha0.10.csv
231,0.5714285714285714,0.4285714285714286,1.0,1.0,1.0,0.5714285714285714,1.0,0.0,0.0,0.4285714285714285,0.1442505320606122,175,0.5714285714285714,0.4285714285714285,prompt_only_top1,0.1,target_camera_shift,3,0.9,-0.3285714285714286,results/sim_complete/seed3_calib0.25/metrics_by_domain_alpha0.10.csv
179,0.6145251396648045,0.3854748603351955,1.0,1.0,1.0,0.6145251396648045,1.0,0.0,0.0,0.3854748603351955,0.0841923335482904,137,0.7007299270072993,0.2992700729927007,prompt_only_top1,0.1,target_lighting_shift,3,0.9,-0.2854748603351955,results/sim_complete/seed3_calib0.25/metrics_by_domain_alpha0.10.csv
96,0.7708333333333334,0.2291666666666666,1.0,1.0,1.0,0.7708333333333334,1.0,0.0,0.0,0.2291666666666666,0.0760752011756943,80,0.7875,0.2125,prompt_only_top1,0.1,target_occluded,3,0.9,-0.1291666666666666,results/sim_complete/seed3_calib0.25/metrics_by_domain_alpha0.10.csv
231,0.8658008658008658,0.1341991341991342,7.489177489177489,8.0,11.0,0.5714285714285714,0.0389610389610389,0.961038961038961,0.0,0.0043290043290043,0.1442505320606122,175,0.8971428571428571,0.0057142857142857,coras,0.1,target_camera_shift,3,0.9,-0.0341991341991342,results/sim_complete/seed3_calib0.25/metrics_by_domain_alpha0.10.csv
179,0.9106145251396648,0.0893854748603352,7.368715083798882,9.0,11.200000000000015,0.6145251396648045,0.2067039106145251,0.7932960893854749,0.0,0.0,0.0841923335482904,137,0.9635036496350364,0.0,coras,0.1,target_lighting_shift,3,0.9,0.0106145251396647,results/sim_complete/seed3_calib0.25/metrics_by_domain_alpha0.10.csv
96,0.9895833333333334,0.0104166666666666,5.052083333333333,4.0,11.0,0.7708333333333334,0.34375,0.65625,0.0,0.0,0.0760752011756943,80,1.0,0.0,coras,0.1,target_occluded,3,0.9,0.0895833333333333,results/sim_complete/seed3_calib0.25/metrics_by_domain_alpha0.10.csv
231,0.9437229437229436,0.0562770562770562,10.0,11.0,12.0,0.5714285714285714,0.0086580086580086,0.9913419913419912,0.0,0.0,0.1442505320606122,175,0.96,0.0,coras_aps,0.1,target_camera_shift,3,0.9,0.0437229437229437,results/sim_complete/seed3_calib0.25/metrics_by_domain_alpha0.10.csv
179,0.9329608938547486,0.0670391061452514,9.150837988826815,11.0,12.0,0.6145251396648045,0.0837988826815642,0.9162011173184358,0.0,0.0,0.0841923335482904,137,0.978102189781022,0.0,coras_aps,0.1,target_lighting_shift,3,0.9,0.0329608938547485,results/sim_complete/seed3_calib0.25/metrics_by_domain_alpha0.10.csv
96,0.9895833333333334,0.0104166666666666,7.75,9.0,12.0,0.7708333333333334,0.1770833333333333,0.8229166666666666,0.0,0.0,0.0760752011756943,80,1.0,0.0,coras_aps,0.1,target_occluded,3,0.9,0.0895833333333333,results/sim_complete/seed3_calib0.25/metrics_by_domain_alpha0.10.csv
231,0.9307359307359307,0.0692640692640692,9.415584415584416,10.0,13.0,0.5714285714285714,0.0129870129870129,0.987012987012987,0.0,0.0,0.1442505320606122,175,0.9428571428571428,0.0,mondrian_domain,0.1,target_camera_shift,3,0.9,0.0307359307359307,results/sim_complete/seed3_calib0.25/metrics_by_domain_alpha0.10.csv
179,0.9106145251396648,0.0893854748603352,7.5027932960893855,9.0,12.0,0.6145251396648045,0.2067039106145251,0.7932960893854749,0.0,0.0,0.0841923335482904,137,0.9635036496350364,0.0,mondrian_domain,0.1,target_lighting_shift,3,0.9,0.0106145251396647,results/sim_complete/seed3_calib0.25/metrics_by_domain_alpha0.10.csv
96,0.9583333333333334,0.0416666666666666,2.59375,1.0,5.5,0.7708333333333334,0.5104166666666666,0.4895833333333333,0.0,0.0208333333333333,0.0760752011756943,80,0.9625,0.0125,mondrian_domain,0.1,target_occluded,3,0.9,0.0583333333333333,results/sim_complete/seed3_calib0.25/metrics_by_domain_alpha0.10.csv
231,0.303030303030303,0.696969696969697,1.0,1.0,1.0,0.303030303030303,1.0,0.0,0.0,0.696969696969697,0.4368491343831046,175,0.3371428571428571,0.6628571428571428,top1_singleton,0.2,target_camera_shift,3,0.8,-0.496969696969697,results/sim_complete/seed3_calib0.25/metrics_by_domain_alpha0.20.csv
179,0.1340782122905028,0.8659217877094972,1.0,1.0,1.0,0.1340782122905028,1.0,0.0,0.0,0.8659217877094972,0.4227808601442369,137,0.1386861313868613,0.8613138686131386,top1_singleton,0.2,target_lighting_shift,3,0.8,-0.6659217877094973,results/sim_complete/seed3_calib0.25/metrics_by_domain_alpha0.20.csv
96,0.7395833333333334,0.2604166666666666,1.0,1.0,1.0,0.7395833333333334,1.0,0.0,0.0,0.2604166666666667,0.0922756927243342,80,0.7625,0.2375,top1_singleton,0.2,target_occluded,3,0.8,-0.0604166666666666,results/sim_complete/seed3_calib0.25/metrics_by_domain_alpha0.20.csv
231,0.7835497835497836,0.2164502164502164,9.0,9.0,9.0,0.303030303030303,0.0,1.0,0.0,0.0,0.4368491343831046,175,0.8228571428571428,0.0,topk_calibrated,0.2,target_camera_shift,3,0.8,-0.0164502164502164,results/sim_complete/seed3_calib0.25/metrics_by_domain_alpha0.20.csv
179,0.7039106145251397,0.2960893854748603,9.0,9.0,9.0,0.1340782122905028,0.0,1.0,0.0,0.0,0.4227808601442369,137,0.7664233576642335,0.0,topk_calibrated,0.2,target_lighting_shift,3,0.8,-0.0960893854748603,results/sim_complete/seed3_calib0.25/metrics_by_domain_alpha0.20.csv
96,0.9791666666666666,0.0208333333333333,9.0,9.0,9.0,0.7395833333333334,0.0,1.0,0.0,0.0,0.0922756927243342,80,0.9875,0.0,topk_calibrated,0.2,target_occluded,3,0.8,0.1791666666666665,results/sim_complete/seed3_calib0.25/metrics_by_domain_alpha0.20.csv
231,0.7705627705627706,0.2294372294372294,7.67965367965368,8.0,11.0,0.303030303030303,0.0432900432900432,0.9567099567099568,0.0,0.0043290043290043,0.4368491343831046,175,0.7885714285714286,0.0,vanilla_conformal,0.2,target_camera_shift,3,0.8,-0.0294372294372294,results/sim_complete/seed3_calib0.25/metrics_by_domain_alpha0.20.csv
179,0.7206703910614525,0.2793296089385475,9.731843575418994,10.0,11.0,0.1340782122905028,0.0,1.0,0.0,0.0,0.4227808601442369,137,0.7883211678832117,0.0,vanilla_conformal,0.2,target_lighting_shift,3,0.8,-0.0793296089385475,results/sim_complete/seed3_calib0.25/metrics_by_domain_alpha0.20.csv
96,0.9791666666666666,0.0208333333333333,5.041666666666667,4.0,11.0,0.7395833333333334,0.3333333333333333,0.6666666666666666,0.0,0.0208333333333333,0.0922756927243342,80,0.9875,0.0125,vanilla_conformal,0.2,target_occluded,3,0.8,0.1791666666666665,results/sim_complete/seed3_calib0.25/metrics_by_domain_alpha0.20.csv
231,0.8398268398268398,0.1601731601731602,8.96103896103896,10.0,12.0,0.303030303030303,0.0432900432900432,0.9567099567099568,0.0,0.0086580086580086,0.4368491343831046,175,0.8685714285714285,0.0057142857142857,aps_conformal,0.2,target_camera_shift,3,0.8,0.0398268398268397,results/sim_complete/seed3_calib0.25/metrics_by_domain_alpha0.20.csv
179,0.7653631284916201,0.2346368715083798,10.29050279329609,10.0,11.0,0.1340782122905028,0.0,1.0,0.0,0.0,0.4227808601442369,137,0.8467153284671532,0.0,aps_conformal,0.2,target_lighting_shift,3,0.8,-0.0346368715083799,results/sim_complete/seed3_calib0.25/metrics_by_domain_alpha0.20.csv
96,0.9791666666666666,0.0208333333333333,5.8125,6.0,11.0,0.7395833333333334,0.3229166666666667,0.6770833333333334,0.0,0.0208333333333333,0.0922756927243342,80,0.9875,0.0125,aps_conformal,0.2,target_occluded,3,0.8,0.1791666666666665,results/sim_complete/seed3_calib0.25/metrics_by_domain_alpha0.20.csv
231,0.7878787878787878,0.2121212121212121,8.168831168831169,8.0,10.0,0.303030303030303,0.0,1.0,0.0,0.0,0.0602619990691495,175,0.8114285714285714,0.0,temperature_conformal,0.2,target_camera_shift,3,0.8,-0.0121212121212122,results/sim_complete/seed3_calib0.25/metrics_by_domain_alpha0.20.csv
179,0.6815642458100558,0.3184357541899442,8.82122905027933,9.0,10.0,0.1340782122905028,0.0,1.0,0.0,0.0,0.1276735965406576,137,0.7518248175182481,0.0,temperature_conformal,0.2,target_lighting_shift,3,0.8,-0.1184357541899442,results/sim_complete/seed3_calib0.25/metrics_by_domain_alpha0.20.csv
96,0.9895833333333334,0.0104166666666666,6.135416666666667,7.0,10.0,0.7395833333333334,0.1145833333333333,0.8854166666666666,0.0,0.0104166666666666,0.286538682388838,80,1.0,0.0,temperature_conformal,0.2,target_occluded,3,0.8,0.1895833333333333,results/sim_complete/seed3_calib0.25/metrics_by_domain_alpha0.20.csv
231,0.5714285714285714,0.4285714285714286,1.0,1.0,1.0,0.5714285714285714,1.0,0.0,0.0,0.4285714285714285,0.1442505320606122,175,0.5714285714285714,0.4285714285714285,prompt_only_top1,0.2,target_camera_shift,3,0.8,-0.2285714285714286,results/sim_complete/seed3_calib0.25/metrics_by_domain_alpha0.20.csv
179,0.6145251396648045,0.3854748603351955,1.0,1.0,1.0,0.6145251396648045,1.0,0.0,0.0,0.3854748603351955,0.0841923335482904,137,0.7007299270072993,0.2992700729927007,prompt_only_top1,0.2,target_lighting_shift,3,0.8,-0.1854748603351955,results/sim_complete/seed3_calib0.25/metrics_by_domain_alpha0.20.csv
96,0.7708333333333334,0.2291666666666666,1.0,1.0,1.0,0.7708333333333334,1.0,0.0,0.0,0.2291666666666666,0.0760752011756943,80,0.7875,0.2125,prompt_only_top1,0.2,target_occluded,3,0.8,-0.0291666666666666,results/sim_complete/seed3_calib0.25/metrics_by_domain_alpha0.20.csv
231,0.7272727272727273,0.2727272727272727,3.5194805194805197,3.0,7.0,0.5714285714285714,0.1991341991341991,0.8008658008658008,0.0,0.0432900432900432,0.1442505320606122,175,0.7485714285714286,0.0457142857142857,coras,0.2,target_camera_shift,3,0.8,-0.0727272727272727,results/sim_complete/seed3_calib0.25/metrics_by_domain_alpha0.20.csv
179,0.7653631284916201,0.2346368715083798,4.346368715083799,4.0,8.0,0.6145251396648045,0.3240223463687151,0.6759776536312849,0.0,0.0055865921787709,0.0841923335482904,137,0.8467153284671532,0.0,coras,0.2,target_lighting_shift,3,0.8,-0.0346368715083799,results/sim_complete/seed3_calib0.25/metrics_by_domain_alpha0.20.csv
96,0.9583333333333334,0.0416666666666666,2.59375,1.0,5.5,0.7708333333333334,0.5104166666666666,0.4895833333333333,0.0,0.0208333333333333,0.0760752011756943,80,0.9625,0.0125,coras,0.2,target_occluded,3,0.8,0.1583333333333333,results/sim_complete/seed3_calib0.25/metrics_by_domain_alpha0.20.csv
231,0.8658008658008658,0.1341991341991342,7.506493506493507,8.0,10.0,0.5714285714285714,0.0389610389610389,0.961038961038961,0.0,0.0043290043290043,0.1442505320606122,175,0.8857142857142857,0.0057142857142857,coras_aps,0.2,target_camera_shift,3,0.8,0.0658008658008657,results/sim_complete/seed3_calib0.25/metrics_by_domain_alpha0.20.csv
179,0.905027932960894,0.0949720670391061,7.134078212290503,9.0,10.0,0.6145251396648045,0.1787709497206704,0.8212290502793296,0.0,0.0,0.0841923335482904,137,0.9708029197080292,0.0,coras_aps,0.2,target_lighting_shift,3,0.8,0.1050279329608938,results/sim_complete/seed3_calib0.25/metrics_by_domain_alpha0.20.csv
96,0.9895833333333334,0.0104166666666666,5.5625,6.0,10.5,0.7708333333333334,0.3125,0.6875,0.0,0.0,0.0760752011756943,80,1.0,0.0,coras_aps,0.2,target_occluded,3,0.8,0.1895833333333333,results/sim_complete/seed3_calib0.25/metrics_by_domain_alpha0.20.csv
231,0.8181818181818182,0.1818181818181817,5.307359307359308,5.0,9.0,0.5714285714285714,0.1255411255411255,0.8744588744588745,0.0,0.0129870129870129,0.1442505320606122,175,0.8628571428571429,0.0171428571428571,mondrian_domain,0.2,target_camera_shift,3,0.8,0.0181818181818181,results/sim_complete/seed3_calib0.25/metrics_by_domain_alpha0.20.csv
179,0.7318435754189944,0.2681564245810056,3.212290502793296,3.0,6.0,0.6145251396648045,0.4022346368715084,0.5977653631284916,0.0,0.0223463687150838,0.0841923335482904,137,0.8175182481751825,0.0145985401459854,mondrian_domain,0.2,target_lighting_shift,3,0.8,-0.0681564245810056,results/sim_complete/seed3_calib0.25/metrics_by_domain_alpha0.20.csv
96,0.8854166666666666,0.1145833333333333,1.5208333333333333,1.0,3.0,0.7708333333333334,0.6770833333333334,0.3229166666666667,0.0,0.0520833333333333,0.0760752011756943,80,0.9125,0.0375,mondrian_domain,0.2,target_occluded,3,0.8,0.0854166666666665,results/sim_complete/seed3_calib0.25/metrics_by_domain_alpha0.20.csv
234,0.3461538461538461,0.6538461538461539,1.0,1.0,1.0,0.3461538461538461,1.0,0.0,0.0,0.6538461538461539,0.4044369831305808,178,0.3707865168539326,0.6292134831460674,top1_singleton,0.05,target_camera_shift,3,0.95,-0.6038461538461538,results/sim_complete/seed3_calib0.40/metrics_by_domain_alpha0.05.csv
166,0.144578313253012,0.8554216867469879,1.0,1.0,1.0,0.144578313253012,1.0,0.0,0.0,0.8554216867469879,0.4124104122422065,133,0.1278195488721804,0.8721804511278195,top1_singleton,0.05,target_lighting_shift,3,0.95,-0.8054216867469879,results/sim_complete/seed3_calib0.40/metrics_by_domain_alpha0.05.csv
97,0.7010309278350515,0.2989690721649485,1.0,1.0,1.0,0.7010309278350515,1.0,0.0,0.0,0.2989690721649484,0.1037401846092045,80,0.7125,0.2875,top1_singleton,0.05,target_occluded,3,0.95,-0.2489690721649484,results/sim_complete/seed3_calib0.40/metrics_by_domain_alpha0.05.csv
234,0.9786324786324786,0.0213675213675214,14.0,14.0,14.0,0.3461538461538461,0.0,1.0,0.0,0.0,0.4044369831305808,178,0.9831460674157304,0.0,topk_calibrated,0.05,target_camera_shift,3,0.95,0.0286324786324786,results/sim_complete/seed3_calib0.40/metrics_by_domain_alpha0.05.csv
166,0.9879518072289156,0.0120481927710843,14.0,14.0,14.0,0.144578313253012,0.0,1.0,0.0,0.0,0.4124104122422065,133,0.9924812030075189,0.0,topk_calibrated,0.05,target_lighting_shift,3,0.95,0.0379518072289156,results/sim_complete/seed3_calib0.40/metrics_by_domain_alpha0.05.csv
97,1.0,0.0,14.0,14.0,14.0,0.7010309278350515,0.0,1.0,0.0,0.0,0.1037401846092045,80,1.0,0.0,topk_calibrated,0.05,target_occluded,3,0.95,0.05,results/sim_complete/seed3_calib0.40/metrics_by_domain_alpha0.05.csv
234,0.97008547008547,0.0299145299145299,12.688034188034187,13.0,16.0,0.3461538461538461,0.0,1.0,0.0,0.0,0.4044369831305808,178,0.9831460674157304,0.0,vanilla_conformal,0.05,target_camera_shift,3,0.95,0.0200854700854701,results/sim_complete/seed3_calib0.40/metrics_by_domain_alpha0.05.csv
166,0.9879518072289156,0.0120481927710843,13.819277108433734,14.0,15.0,0.144578313253012,0.0,1.0,0.0,0.0,0.4124104122422065,133,1.0,0.0,vanilla_conformal,0.05,target_lighting_shift,3,0.95,0.0379518072289156,results/sim_complete/seed3_calib0.40/metrics_by_domain_alpha0.05.csv
97,0.9896907216494846,0.0103092783505154,9.65979381443299,12.0,15.0,0.7010309278350515,0.0927835051546391,0.9072164948453608,0.0,0.0,0.1037401846092045,80,0.9875,0.0,vanilla_conformal,0.05,target_occluded,3,0.95,0.0396907216494846,results/sim_complete/seed3_calib0.40/metrics_by_domain_alpha0.05.csv
234,0.9743589743589745,0.0256410256410256,13.183760683760685,14.0,15.0,0.3461538461538461,0.0,1.0,0.0,0.0,0.4044369831305808,178,0.9831460674157304,0.0,aps_conformal,0.05,target_camera_shift,3,0.95,0.0243589743589743,results/sim_complete/seed3_calib0.40/metrics_by_domain_alpha0.05.csv
166,0.9879518072289156,0.0120481927710843,13.91566265060241,14.0,14.0,0.144578313253012,0.0,1.0,0.0,0.0,0.4124104122422065,133,0.9924812030075189,0.0,aps_conformal,0.05,target_lighting_shift,3,0.95,0.0379518072289156,results/sim_complete/seed3_calib0.40/metrics_by_domain_alpha0.05.csv
97,0.9896907216494846,0.0103092783505154,11.422680412371134,13.0,14.0,0.7010309278350515,0.0,1.0,0.0,0.0,0.1037401846092045,80,0.9875,0.0,aps_conformal,0.05,target_occluded,3,0.95,0.0396907216494846,results/sim_complete/seed3_calib0.40/metrics_by_domain_alpha0.05.csv
234,0.9786324786324786,0.0213675213675214,13.717948717948715,14.0,15.0,0.3461538461538461,0.0,1.0,0.0,0.0,0.0481808007112665,178,0.9887640449438202,0.0,temperature_conformal,0.05,target_camera_shift,3,0.95,0.0286324786324786,results/sim_complete/seed3_calib0.40/metrics_by_domain_alpha0.05.csv
166,0.9578313253012049,0.0421686746987951,13.30722891566265,13.0,14.0,0.144578313253012,0.0,1.0,0.0,0.0,0.1375137136941234,133,0.9774436090225564,0.0,temperature_conformal,0.05,target_lighting_shift,3,0.95,0.0078313253012048,results/sim_complete/seed3_calib0.40/metrics_by_domain_alpha0.05.csv
97,0.9896907216494846,0.0103092783505154,12.556701030927837,13.0,15.0,0.7010309278350515,0.0,1.0,0.0,0.0,0.2768522286329396,80,0.9875,0.0,temperature_conformal,0.05,target_occluded,3,0.95,0.0396907216494846,results/sim_complete/seed3_calib0.40/metrics_by_domain_alpha0.05.csv
234,0.6538461538461539,0.3461538461538461,1.0,1.0,1.0,0.6538461538461539,1.0,0.0,0.0,0.3461538461538461,0.1170961168673396,178,0.6741573033707865,0.3258426966292135,prompt_only_top1,0.05,target_camera_shift,3,0.95,-0.2961538461538461,results/sim_complete/seed3_calib0.40/metrics_by_domain_alpha0.05.csv
166,0.6807228915662651,0.3192771084337349,1.0,1.0,1.0,0.6807228915662651,1.0,0.0,0.0,0.3192771084337349,0.0813482693546093,133,0.7218045112781954,0.2781954887218045,prompt_only_top1,0.05,target_lighting_shift,3,0.95,-0.2692771084337348,results/sim_complete/seed3_calib0.40/metrics_by_domain_alpha0.05.csv
97,0.7835051546391752,0.2164948453608247,1.0,1.0,1.0,0.7835051546391752,1.0,0.0,0.0,0.2164948453608247,0.0990334262295212,80,0.8,0.2,prompt_only_top1,0.05,target_occluded,3,0.95,-0.1664948453608247,results/sim_complete/seed3_calib0.40/metrics_by_domain_alpha0.05.csv
234,0.9529914529914528,0.047008547008547,10.273504273504274,11.0,14.0,0.6538461538461539,0.0085470085470085,0.9914529914529916,0.0,0.0,0.1170961168673396,178,0.9719101123595506,0.0,coras,0.05,target_camera_shift,3,0.95,0.0029914529914529,results/sim_complete/seed3_calib0.40/metrics_by_domain_alpha0.05.csv
166,0.9698795180722892,0.0301204819277108,8.771084337349398,12.0,13.0,0.6807228915662651,0.1686746987951807,0.8313253012048193,0.0,0.0,0.0813482693546093,133,0.9849624060150376,0.0,coras,0.05,target_lighting_shift,3,0.95,0.0198795180722891,results/sim_complete/seed3_calib0.40/metrics_by_domain_alpha0.05.csv
97,0.9690721649484536,0.0309278350515463,8.381443298969073,10.0,13.0,0.7835051546391752,0.1443298969072164,0.8556701030927835,0.0,0.0,0.0990334262295212,80,0.975,0.0,coras,0.05,target_occluded,3,0.95,0.0190721649484536,results/sim_complete/seed3_calib0.40/metrics_by_domain_alpha0.05.csv
234,0.9658119658119658,0.0341880341880341,11.452991452991451,12.0,13.0,0.6538461538461539,0.0,1.0,0.0,0.0,0.1170961168673396,178,0.9831460674157304,0.0,coras_aps,0.05,target_camera_shift,3,0.95,0.0158119658119658,results/sim_complete/seed3_calib0.40/metrics_by_domain_alpha0.05.csv
166,0.9698795180722892,0.0301204819277108,9.740963855421686,11.5,13.0,0.6807228915662651,0.0301204819277108,0.9698795180722892,0.0,0.0,0.0813482693546093,133,0.9774436090225564,0.0,coras_aps,0.05,target_lighting_shift,3,0.95,0.0198795180722891,results/sim_complete/seed3_calib0.40/metrics_by_domain_alpha0.05.csv
97,0.979381443298969,0.0206185567010309,10.02061855670103,11.0,13.0,0.7835051546391752,0.0206185567010309,0.979381443298969,0.0,0.0,0.0990334262295212,80,0.975,0.0,coras_aps,0.05,target_occluded,3,0.95,0.029381443298969,results/sim_complete/seed3_calib0.40/metrics_by_domain_alpha0.05.csv
234,0.9615384615384616,0.0384615384615384,10.790598290598291,12.0,14.0,0.6538461538461539,0.0085470085470085,0.9914529914529916,0.0,0.0,0.1170961168673396,178,0.9775280898876404,0.0,mondrian_domain,0.05,target_camera_shift,3,0.95,0.0115384615384616,results/sim_complete/seed3_calib0.40/metrics_by_domain_alpha0.05.csv
166,0.9879518072289156,0.0120481927710843,9.204819277108436,12.0,13.0,0.6807228915662651,0.144578313253012,0.8554216867469879,0.0,0.0,0.0813482693546093,133,0.9924812030075189,0.0,mondrian_domain,0.05,target_lighting_shift,3,0.95,0.0379518072289156,results/sim_complete/seed3_calib0.40/metrics_by_domain_alpha0.05.csv
97,0.9690721649484536,0.0309278350515463,4.309278350515464,4.0,8.0,0.7835051546391752,0.2783505154639175,0.7216494845360825,0.0,0.0103092783505154,0.0990334262295212,80,0.975,0.0125,mondrian_domain,0.05,target_occluded,3,0.95,0.0190721649484536,results/sim_complete/seed3_calib0.40/metrics_by_domain_alpha0.05.csv
234,0.3461538461538461,0.6538461538461539,1.0,1.0,1.0,0.3461538461538461,1.0,0.0,0.0,0.6538461538461539,0.4044369831305808,178,0.3707865168539326,0.6292134831460674,top1_singleton,0.1,target_camera_shift,3,0.9,-0.5538461538461539,results/sim_complete/seed3_calib0.40/metrics_by_domain_alpha0.10.csv
166,0.144578313253012,0.8554216867469879,1.0,1.0,1.0,0.144578313253012,1.0,0.0,0.0,0.8554216867469879,0.4124104122422065,133,0.1278195488721804,0.8721804511278195,top1_singleton,0.1,target_lighting_shift,3,0.9,-0.755421686746988,results/sim_complete/seed3_calib0.40/metrics_by_domain_alpha0.10.csv
97,0.7010309278350515,0.2989690721649485,1.0,1.0,1.0,0.7010309278350515,1.0,0.0,0.0,0.2989690721649484,0.1037401846092045,80,0.7125,0.2875,top1_singleton,0.1,target_occluded,3,0.9,-0.1989690721649485,results/sim_complete/seed3_calib0.40/metrics_by_domain_alpha0.10.csv
234,0.97008547008547,0.0299145299145299,13.0,13.0,13.0,0.3461538461538461,0.0,1.0,0.0,0.0,0.4044369831305808,178,0.9775280898876404,0.0,topk_calibrated,0.1,target_camera_shift,3,0.9,0.07008547008547,results/sim_complete/seed3_calib0.40/metrics_by_domain_alpha0.10.csv
166,0.9036144578313252,0.0963855421686746,13.0,13.0,13.0,0.144578313253012,0.0,1.0,0.0,0.0,0.4124104122422065,133,0.9398496240601504,0.0,topk_calibrated,0.1,target_lighting_shift,3,0.9,0.0036144578313253,results/sim_complete/seed3_calib0.40/metrics_by_domain_alpha0.10.csv
97,1.0,0.0,13.0,13.0,13.0,0.7010309278350515,0.0,1.0,0.0,0.0,0.1037401846092045,80,1.0,0.0,topk_calibrated,0.1,target_occluded,3,0.9,0.0999999999999999,results/sim_complete/seed3_calib0.40/metrics_by_domain_alpha0.10.csv
234,0.9487179487179488,0.0512820512820513,10.901709401709402,12.0,15.0,0.3461538461538461,0.0,1.0,0.0,0.0,0.4044369831305808,178,0.9550561797752808,0.0,vanilla_conformal,0.1,target_camera_shift,3,0.9,0.0487179487179486,results/sim_complete/seed3_calib0.40/metrics_by_domain_alpha0.10.csv
166,0.9036144578313252,0.0963855421686746,12.60843373493976,13.0,13.0,0.144578313253012,0.0,1.0,0.0,0.0,0.4124104122422065,133,0.9323308270676692,0.0,vanilla_conformal,0.1,target_lighting_shift,3,0.9,0.0036144578313253,results/sim_complete/seed3_calib0.40/metrics_by_domain_alpha0.10.csv
97,0.979381443298969,0.0206185567010309,8.43298969072165,9.0,14.0,0.7010309278350515,0.134020618556701,0.865979381443299,0.0,0.0103092783505154,0.1037401846092045,80,0.975,0.0125,vanilla_conformal,0.1,target_occluded,3,0.9,0.079381443298969,results/sim_complete/seed3_calib0.40/metrics_by_domain_alpha0.10.csv
234,0.9658119658119658,0.0341880341880341,11.572649572649572,12.0,14.0,0.3461538461538461,0.0,1.0,0.0,0.0,0.4044369831305808,178,0.9775280898876404,0.0,aps_conformal,0.1,target_camera_shift,3,0.9,0.0658119658119658,results/sim_complete/seed3_calib0.40/metrics_by_domain_alpha0.10.csv
166,0.8975903614457831,0.1024096385542169,12.44578313253012,13.0,13.0,0.144578313253012,0.0,1.0,0.0,0.0,0.4124104122422065,133,0.9323308270676692,0.0,aps_conformal,0.1,target_lighting_shift,3,0.9,-0.0024096385542169,results/sim_complete/seed3_calib0.40/metrics_by_domain_alpha0.10.csv
97,0.9896907216494846,0.0103092783505154,9.24742268041237,11.0,13.0,0.7010309278350515,0.0824742268041237,0.9175257731958762,0.0,0.0,0.1037401846092045,80,0.9875,0.0,aps_conformal,0.1,target_occluded,3,0.9,0.0896907216494845,results/sim_complete/seed3_calib0.40/metrics_by_domain_alpha0.10.csv
234,0.97008547008547,0.0299145299145299,11.790598290598291,12.0,14.0,0.3461538461538461,0.0,1.0,0.0,0.0,0.0481620414294785,178,0.9831460674157304,0.0,temperature_conformal,0.1,target_camera_shift,3,0.9,0.07008547008547,results/sim_complete/seed3_calib0.40/metrics_by_domain_alpha0.10.csv
166,0.8614457831325302,0.1385542168674698,12.036144578313252,12.0,13.0,0.144578313253012,0.0,1.0,0.0,0.0,0.1375747349496337,133,0.9097744360902256,0.0,temperature_conformal,0.1,target_lighting_shift,3,0.9,-0.0385542168674698,results/sim_complete/seed3_calib0.40/metrics_by_domain_alpha0.10.csv
97,0.9896907216494846,0.0103092783505154,10.391752577319588,11.0,13.400000000000006,0.7010309278350515,0.0,1.0,0.0,0.0,0.2765364040743894,80,0.9875,0.0,temperature_conformal,0.1,target_occluded,3,0.9,0.0896907216494845,results/sim_complete/seed3_calib0.40/metrics_by_domain_alpha0.10.csv
234,0.6538461538461539,0.3461538461538461,1.0,1.0,1.0,0.6538461538461539,1.0,0.0,0.0,0.3461538461538461,0.1170961168673396,178,0.6741573033707865,0.3258426966292135,prompt_only_top1,0.1,target_camera_shift,3,0.9,-0.2461538461538461,results/sim_complete/seed3_calib0.40/metrics_by_domain_alpha0.10.csv
166,0.6807228915662651,0.3192771084337349,1.0,1.0,1.0,0.6807228915662651,1.0,0.0,0.0,0.3192771084337349,0.0813482693546093,133,0.7218045112781954,0.2781954887218045,prompt_only_top1,0.1,target_lighting_shift,3,0.9,-0.2192771084337349,results/sim_complete/seed3_calib0.40/metrics_by_domain_alpha0.10.csv
97,0.7835051546391752,0.2164948453608247,1.0,1.0,1.0,0.7835051546391752,1.0,0.0,0.0,0.2164948453608247,0.0990334262295212,80,0.8,0.2,prompt_only_top1,0.1,target_occluded,3,0.9,-0.1164948453608247,results/sim_complete/seed3_calib0.40/metrics_by_domain_alpha0.10.csv
234,0.9145299145299144,0.0854700854700855,7.363247863247863,7.0,11.700000000000015,0.6538461538461539,0.0341880341880341,0.9658119658119658,0.0,0.0042735042735042,0.1170961168673396,178,0.9269662921348316,0.0056179775280898,coras,0.1,target_camera_shift,3,0.9,0.0145299145299144,results/sim_complete/seed3_calib0.40/metrics_by_domain_alpha0.10.csv
166,0.9216867469879518,0.0783132530120481,6.710843373493976,8.0,11.0,0.6807228915662651,0.2650602409638554,0.7349397590361446,0.0,0.0,0.0813482693546093,133,0.9398496240601504,0.0,coras,0.1,target_lighting_shift,3,0.9,0.0216867469879518,results/sim_complete/seed3_calib0.40/metrics_by_domain_alpha0.10.csv
97,0.9690721649484536,0.0309278350515463,5.938144329896907,7.0,11.0,0.7835051546391752,0.2474226804123711,0.7525773195876289,0.0,0.0103092783505154,0.0990334262295212,80,0.975,0.0125,coras,0.1,target_occluded,3,0.9,0.0690721649484535,results/sim_complete/seed3_calib0.40/metrics_by_domain_alpha0.10.csv
234,0.9487179487179488,0.0512820512820513,10.102564102564102,11.0,12.700000000000015,0.6538461538461539,0.0085470085470085,0.9914529914529916,0.0,0.0,0.1170961168673396,178,0.9662921348314608,0.0,coras_aps,0.1,target_camera_shift,3,0.9,0.0487179487179486,results/sim_complete/seed3_calib0.40/metrics_by_domain_alpha0.10.csv
166,0.9397590361445785,0.0602409638554216,8.518072289156626,11.0,12.0,0.6807228915662651,0.1204819277108433,0.8795180722891566,0.0,0.0,0.0813482693546093,133,0.9548872180451128,0.0,coras_aps,0.1,target_lighting_shift,3,0.9,0.0397590361445783,results/sim_complete/seed3_calib0.40/metrics_by_domain_alpha0.10.csv
97,0.979381443298969,0.0206185567010309,8.463917525773196,10.0,12.0,0.7835051546391752,0.1134020618556701,0.8865979381443299,0.0,0.0,0.0990334262295212,80,0.975,0.0,coras_aps,0.1,target_occluded,3,0.9,0.079381443298969,results/sim_complete/seed3_calib0.40/metrics_by_domain_alpha0.10.csv
234,0.9230769230769232,0.0769230769230768,8.461538461538462,9.0,12.0,0.6538461538461539,0.0085470085470085,0.9914529914529916,0.0,0.0,0.1170961168673396,178,0.9325842696629212,0.0,mondrian_domain,0.1,target_camera_shift,3,0.9,0.0230769230769231,results/sim_complete/seed3_calib0.40/metrics_by_domain_alpha0.10.csv
166,0.9216867469879518,0.0783132530120481,6.698795180722891,8.0,11.0,0.6807228915662651,0.2650602409638554,0.7349397590361446,0.0,0.0,0.0813482693546093,133,0.9398496240601504,0.0,mondrian_domain,0.1,target_lighting_shift,3,0.9,0.0216867469879518,results/sim_complete/seed3_calib0.40/metrics_by_domain_alpha0.10.csv
97,0.9381443298969072,0.0618556701030927,2.618556701030928,2.0,5.0,0.7835051546391752,0.4123711340206185,0.5876288659793815,0.0,0.0206185567010309,0.0990334262295212,80,0.9625,0.0125,mondrian_domain,0.1,target_occluded,3,0.9,0.0381443298969071,results/sim_complete/seed3_calib0.40/metrics_by_domain_alpha0.10.csv
234,0.3461538461538461,0.6538461538461539,1.0,1.0,1.0,0.3461538461538461,1.0,0.0,0.0,0.6538461538461539,0.4044369831305808,178,0.3707865168539326,0.6292134831460674,top1_singleton,0.2,target_camera_shift,3,0.8,-0.4538461538461539,results/sim_complete/seed3_calib0.40/metrics_by_domain_alpha0.20.csv
166,0.144578313253012,0.8554216867469879,1.0,1.0,1.0,0.144578313253012,1.0,0.0,0.0,0.8554216867469879,0.4124104122422065,133,0.1278195488721804,0.8721804511278195,top1_singleton,0.2,target_lighting_shift,3,0.8,-0.655421686746988,results/sim_complete/seed3_calib0.40/metrics_by_domain_alpha0.20.csv
97,0.7010309278350515,0.2989690721649485,1.0,1.0,1.0,0.7010309278350515,1.0,0.0,0.0,0.2989690721649484,0.1037401846092045,80,0.7125,0.2875,top1_singleton,0.2,target_occluded,3,0.8,-0.0989690721649485,results/sim_complete/seed3_calib0.40/metrics_by_domain_alpha0.20.csv
234,0.9230769230769232,0.0769230769230768,10.0,10.0,10.0,0.3461538461538461,0.0,1.0,0.0,0.0,0.4044369831305808,178,0.9382022471910112,0.0,topk_calibrated,0.2,target_camera_shift,3,0.8,0.123076923076923,results/sim_complete/seed3_calib0.40/metrics_by_domain_alpha0.20.csv
166,0.7771084337349398,0.2228915662650602,10.0,10.0,10.0,0.144578313253012,0.0,1.0,0.0,0.0,0.4124104122422065,133,0.8045112781954887,0.0,topk_calibrated,0.2,target_lighting_shift,3,0.8,-0.0228915662650602,results/sim_complete/seed3_calib0.40/metrics_by_domain_alpha0.20.csv
97,0.9690721649484536,0.0309278350515463,10.0,10.0,10.0,0.7010309278350515,0.0,1.0,0.0,0.0,0.1037401846092045,80,0.9625,0.0,topk_calibrated,0.2,target_occluded,3,0.8,0.1690721649484535,results/sim_complete/seed3_calib0.40/metrics_by_domain_alpha0.20.csv
234,0.8675213675213675,0.1324786324786324,7.782051282051282,8.0,11.0,0.3461538461538461,0.0299145299145299,0.97008547008547,0.0,0.0042735042735042,0.4044369831305808,178,0.8764044943820225,0.0,vanilla_conformal,0.2,target_camera_shift,3,0.8,0.0675213675213675,results/sim_complete/seed3_calib0.40/metrics_by_domain_alpha0.20.csv
166,0.7771084337349398,0.2228915662650602,9.909638554216867,10.0,11.0,0.144578313253012,0.0,1.0,0.0,0.0,0.4124104122422065,133,0.8045112781954887,0.0,vanilla_conformal,0.2,target_lighting_shift,3,0.8,-0.0228915662650602,results/sim_complete/seed3_calib0.40/metrics_by_domain_alpha0.20.csv
97,0.9690721649484536,0.0309278350515463,6.041237113402062,6.0,12.0,0.7010309278350515,0.2371134020618556,0.7628865979381443,0.0,0.0103092783505154,0.1037401846092045,80,0.975,0.0125,vanilla_conformal,0.2,target_occluded,3,0.8,0.1690721649484535,results/sim_complete/seed3_calib0.40/metrics_by_domain_alpha0.20.csv
234,0.9230769230769232,0.0769230769230768,9.145299145299145,10.0,12.0,0.3461538461538461,0.0341880341880341,0.9658119658119658,0.0,0.0042735042735042,0.4044369831305808,178,0.9325842696629212,0.0,aps_conformal,0.2,target_camera_shift,3,0.8,0.123076923076923,results/sim_complete/seed3_calib0.40/metrics_by_domain_alpha0.20.csv
166,0.8072289156626506,0.1927710843373493,10.578313253012048,11.0,11.0,0.144578313253012,0.0,1.0,0.0,0.0,0.4124104122422065,133,0.8421052631578947,0.0,aps_conformal,0.2,target_lighting_shift,3,0.8,0.0072289156626506,results/sim_complete/seed3_calib0.40/metrics_by_domain_alpha0.20.csv
97,0.979381443298969,0.0206185567010309,6.969072164948454,8.0,12.0,0.7010309278350515,0.2164948453608247,0.7835051546391752,0.0,0.0103092783505154,0.1037401846092045,80,0.975,0.0125,aps_conformal,0.2,target_occluded,3,0.8,0.179381443298969,results/sim_complete/seed3_calib0.40/metrics_by_domain_alpha0.20.csv
234,0.8888888888888888,0.1111111111111111,8.384615384615385,9.0,11.0,0.3461538461538461,0.0,1.0,0.0,0.0,0.0481735593951055,178,0.9101123595505618,0.0,temperature_conformal,0.2,target_camera_shift,3,0.8,0.0888888888888888,results/sim_complete/seed3_calib0.40/metrics_by_domain_alpha0.20.csv
166,0.7590361445783133,0.2409638554216867,9.08433734939759,9.0,10.0,0.144578313253012,0.0,1.0,0.0,0.0,0.1375372677018868,133,0.7819548872180451,0.0,temperature_conformal,0.2,target_lighting_shift,3,0.8,-0.0409638554216867,results/sim_complete/seed3_calib0.40/metrics_by_domain_alpha0.20.csv
97,0.9690721649484536,0.0309278350515463,7.020618556701031,8.0,10.0,0.7010309278350515,0.0309278350515463,0.9690721649484536,0.0,0.0,0.2767303027622113,80,0.9625,0.0,temperature_conformal,0.2,target_occluded,3,0.8,0.1690721649484535,results/sim_complete/seed3_calib0.40/metrics_by_domain_alpha0.20.csv
234,0.6538461538461539,0.3461538461538461,1.0,1.0,1.0,0.6538461538461539,1.0,0.0,0.0,0.3461538461538461,0.1170961168673396,178,0.6741573033707865,0.3258426966292135,prompt_only_top1,0.2,target_camera_shift,3,0.8,-0.1461538461538462,results/sim_complete/seed3_calib0.40/metrics_by_domain_alpha0.20.csv
166,0.6807228915662651,0.3192771084337349,1.0,1.0,1.0,0.6807228915662651,1.0,0.0,0.0,0.3192771084337349,0.0813482693546093,133,0.7218045112781954,0.2781954887218045,prompt_only_top1,0.2,target_lighting_shift,3,0.8,-0.1192771084337349,results/sim_complete/seed3_calib0.40/metrics_by_domain_alpha0.20.csv
97,0.7835051546391752,0.2164948453608247,1.0,1.0,1.0,0.7835051546391752,1.0,0.0,0.0,0.2164948453608247,0.0990334262295212,80,0.8,0.2,prompt_only_top1,0.2,target_occluded,3,0.8,-0.0164948453608247,results/sim_complete/seed3_calib0.40/metrics_by_domain_alpha0.20.csv
234,0.8205128205128205,0.1794871794871795,3.8376068376068377,4.0,7.0,0.6538461538461539,0.1794871794871795,0.8205128205128205,0.0,0.017094017094017,0.1170961168673396,178,0.8426966292134831,0.0224719101123595,coras,0.2,target_camera_shift,3,0.8,0.0205128205128204,results/sim_complete/seed3_calib0.40/metrics_by_domain_alpha0.20.csv
166,0.8192771084337349,0.1807228915662651,4.108433734939759,3.5,8.0,0.6807228915662651,0.3674698795180723,0.6325301204819277,0.0,0.0,0.0813482693546093,133,0.849624060150376,0.0,coras,0.2,target_lighting_shift,3,0.8,0.0192771084337348,results/sim_complete/seed3_calib0.40/metrics_by_domain_alpha0.20.csv
97,0.9484536082474226,0.0515463917525773,3.0309278350515463,3.0,5.400000000000006,0.7835051546391752,0.3711340206185567,0.6288659793814433,0.0,0.0206185567010309,0.0990334262295212,80,0.9625,0.0125,coras,0.2,target_occluded,3,0.8,0.1484536082474226,results/sim_complete/seed3_calib0.40/metrics_by_domain_alpha0.20.csv
234,0.905982905982906,0.094017094017094,7.837606837606837,9.0,11.0,0.6538461538461539,0.0341880341880341,0.9658119658119658,0.0,0.0042735042735042,0.1170961168673396,178,0.9213483146067416,0.0056179775280898,coras_aps,0.2,target_camera_shift,3,0.8,0.1059829059829059,results/sim_complete/seed3_calib0.40/metrics_by_domain_alpha0.20.csv
166,0.9216867469879518,0.0783132530120481,6.716867469879518,9.0,10.0,0.6807228915662651,0.2409638554216867,0.7590361445783133,0.0,0.0,0.0813482693546093,133,0.9473684210526316,0.0,coras_aps,0.2,target_lighting_shift,3,0.8,0.1216867469879517,results/sim_complete/seed3_calib0.40/metrics_by_domain_alpha0.20.csv
97,0.9690721649484536,0.0309278350515463,6.381443298969073,8.0,10.0,0.7835051546391752,0.2268041237113402,0.7731958762886598,0.0,0.0103092783505154,0.0990334262295212,80,0.975,0.0125,coras_aps,0.2,target_occluded,3,0.8,0.1690721649484535,results/sim_complete/seed3_calib0.40/metrics_by_domain_alpha0.20.csv
234,0.8632478632478633,0.1367521367521367,5.286324786324786,5.0,9.0,0.6538461538461539,0.1196581196581196,0.8803418803418803,0.0,0.0042735042735042,0.1170961168673396,178,0.8932584269662921,0.0056179775280898,mondrian_domain,0.2,target_camera_shift,3,0.8,0.0632478632478632,results/sim_complete/seed3_calib0.40/metrics_by_domain_alpha0.20.csv
166,0.7951807228915663,0.2048192771084337,3.397590361445783,3.0,7.0,0.6807228915662651,0.4277108433734939,0.572289156626506,0.0,0.0120481927710843,0.0813482693546093,133,0.8270676691729323,0.0150375939849624,mondrian_domain,0.2,target_lighting_shift,3,0.8,-0.0048192771084337,results/sim_complete/seed3_calib0.40/metrics_by_domain_alpha0.20.csv
97,0.8556701030927835,0.1443298969072165,1.4123711340206186,1.0,2.0,0.7835051546391752,0.6804123711340206,0.3195876288659793,0.0,0.0515463917525773,0.0990334262295212,80,0.8875,0.05,mondrian_domain,0.2,target_occluded,3,0.8,0.0556701030927834,results/sim_complete/seed3_calib0.40/metrics_by_domain_alpha0.20.csv
257,0.4591439688715953,0.5408560311284047,1.0,1.0,1.0,0.4591439688715953,1.0,0.0,0.0,0.5408560311284046,0.2484394115630747,185,0.4702702702702703,0.5297297297297298,top1_singleton,0.05,target_camera_shift,4,0.95,-0.4908560311284046,results/sim_complete/seed4_calib0.10/metrics_by_domain_alpha0.05.csv
167,0.1976047904191616,0.8023952095808383,1.0,1.0,1.0,0.1976047904191616,1.0,0.0,0.0,0.8023952095808383,0.3455599127761266,125,0.232,0.768,top1_singleton,0.05,target_lighting_shift,4,0.95,-0.7523952095808383,results/sim_complete/seed4_calib0.10/metrics_by_domain_alpha0.05.csv
80,0.5625,0.4375,1.0,1.0,1.0,0.5625,1.0,0.0,0.0,0.4375,0.2355693973171047,59,0.5932203389830508,0.4067796610169492,top1_singleton,0.05,target_occluded,4,0.95,-0.3874999999999999,results/sim_complete/seed4_calib0.10/metrics_by_domain_alpha0.05.csv
257,0.9610894941634242,0.0389105058365758,15.0,15.0,15.0,0.4591439688715953,0.0,1.0,0.0,0.0,0.2484394115630747,185,0.9891891891891892,0.0,topk_calibrated,0.05,target_camera_shift,4,0.95,0.0110894941634241,results/sim_complete/seed4_calib0.10/metrics_by_domain_alpha0.05.csv
167,0.994011976047904,0.0059880239520958,15.0,15.0,15.0,0.1976047904191616,0.0,1.0,0.0,0.0,0.3455599127761266,125,0.992,0.0,topk_calibrated,0.05,target_lighting_shift,4,0.95,0.0440119760479041,results/sim_complete/seed4_calib0.10/metrics_by_domain_alpha0.05.csv
80,1.0,0.0,15.0,15.0,15.0,0.5625,0.0,1.0,0.0,0.0,0.2355693973171047,59,1.0,0.0,topk_calibrated,0.05,target_occluded,4,0.95,0.05,results/sim_complete/seed4_calib0.10/metrics_by_domain_alpha0.05.csv
257,0.926070038910506,0.0739299610894941,12.494163424124514,13.0,15.0,0.4591439688715953,0.0,1.0,0.0,0.0,0.2484394115630747,185,0.9675675675675676,0.0,vanilla_conformal,0.05,target_camera_shift,4,0.95,-0.023929961089494,results/sim_complete/seed4_calib0.10/metrics_by_domain_alpha0.05.csv
167,0.9520958083832336,0.0479041916167665,13.347305389221557,13.0,14.0,0.1976047904191616,0.0,1.0,0.0,0.0,0.3455599127761266,125,0.944,0.0,vanilla_conformal,0.05,target_lighting_shift,4,0.95,0.0020958083832335,results/sim_complete/seed4_calib0.10/metrics_by_domain_alpha0.05.csv
80,1.0,0.0,10.1375,12.0,15.0,0.5625,0.05,0.95,0.0,0.0,0.2355693973171047,59,1.0,0.0,vanilla_conformal,0.05,target_occluded,4,0.95,0.05,results/sim_complete/seed4_calib0.10/metrics_by_domain_alpha0.05.csv
257,0.926070038910506,0.0739299610894941,13.342412451361868,14.0,14.0,0.4591439688715953,0.0,1.0,0.0,0.0,0.2484394115630747,185,0.9675675675675676,0.0,aps_conformal,0.05,target_camera_shift,4,0.95,-0.023929961089494,results/sim_complete/seed4_calib0.10/metrics_by_domain_alpha0.05.csv
167,0.9880239520958084,0.0119760479041916,14.005988023952096,14.0,15.0,0.1976047904191616,0.0,1.0,0.0,0.0,0.3455599127761266,125,0.984,0.0,aps_conformal,0.05,target_lighting_shift,4,0.95,0.0380239520958084,results/sim_complete/seed4_calib0.10/metrics_by_domain_alpha0.05.csv
80,1.0,0.0,12.5625,13.5,15.0,0.5625,0.0,1.0,0.0,0.0,0.2355693973171047,59,1.0,0.0,aps_conformal,0.05,target_occluded,4,0.95,0.05,results/sim_complete/seed4_calib0.10/metrics_by_domain_alpha0.05.csv
257,0.9494163424124512,0.0505836575875486,13.988326848249027,14.0,15.0,0.4591439688715953,0.0,1.0,0.0,0.0,0.0657769227007948,185,0.9837837837837838,0.0,temperature_conformal,0.05,target_camera_shift,4,0.95,-0.0005836575875486,results/sim_complete/seed4_calib0.10/metrics_by_domain_alpha0.05.csv
167,0.9640718562874252,0.0359281437125748,13.538922155688622,13.0,14.0,0.1976047904191616,0.0,1.0,0.0,0.0,0.1797768223740177,125,0.96,0.0,temperature_conformal,0.05,target_lighting_shift,4,0.95,0.0140718562874252,results/sim_complete/seed4_calib0.10/metrics_by_domain_alpha0.05.csv
80,1.0,0.0,13.125,14.0,15.0,0.5625,0.0,1.0,0.0,0.0,0.0860514237287359,59,1.0,0.0,temperature_conformal,0.05,target_occluded,4,0.95,0.05,results/sim_complete/seed4_calib0.10/metrics_by_domain_alpha0.05.csv
257,0.4863813229571984,0.5136186770428015,1.0,1.0,1.0,0.4863813229571984,1.0,0.0,0.0,0.5136186770428015,0.1872930518009292,185,0.5081081081081081,0.4918918918918919,prompt_only_top1,0.05,target_camera_shift,4,0.95,-0.4636186770428015,results/sim_complete/seed4_calib0.10/metrics_by_domain_alpha0.05.csv
167,0.592814371257485,0.4071856287425149,1.0,1.0,1.0,0.592814371257485,1.0,0.0,0.0,0.4071856287425149,0.0905728196473904,125,0.688,0.312,prompt_only_top1,0.05,target_lighting_shift,4,0.95,-0.3571856287425149,results/sim_complete/seed4_calib0.10/metrics_by_domain_alpha0.05.csv
80,0.6,0.4,1.0,1.0,1.0,0.6,1.0,0.0,0.0,0.4,0.1788324155103919,59,0.6440677966101694,0.3559322033898305,prompt_only_top1,0.05,target_occluded,4,0.95,-0.35,results/sim_complete/seed4_calib0.10/metrics_by_domain_alpha0.05.csv
257,0.9416342412451362,0.0583657587548638,11.33852140077821,12.0,14.0,0.4863813229571984,0.0077821011673151,0.9922178988326849,0.0,0.0,0.1872930518009292,185,0.9837837837837838,0.0,coras,0.05,target_camera_shift,4,0.95,-0.0083657587548637,results/sim_complete/seed4_calib0.10/metrics_by_domain_alpha0.05.csv
167,0.940119760479042,0.0598802395209581,11.29940119760479,13.0,14.0,0.592814371257485,0.029940119760479,0.9700598802395208,0.0,0.0,0.0905728196473904,125,0.952,0.0,coras,0.05,target_lighting_shift,4,0.95,-0.009880239520958,results/sim_complete/seed4_calib0.10/metrics_by_domain_alpha0.05.csv
80,0.9875,0.0124999999999999,10.95,12.0,15.0,0.6,0.0125,0.9875,0.0,0.0,0.1788324155103919,59,1.0,0.0,coras,0.05,target_occluded,4,0.95,0.0375,results/sim_complete/seed4_calib0.10/metrics_by_domain_alpha0.05.csv
257,0.953307392996109,0.0466926070038909,12.93774319066148,13.0,14.0,0.4863813229571984,0.0038910505836575,0.9961089494163424,0.0,0.0,0.1872930518009292,185,0.9891891891891892,0.0,coras_aps,0.05,target_camera_shift,4,0.95,0.003307392996109,results/sim_complete/seed4_calib0.10/metrics_by_domain_alpha0.05.csv
167,0.9461077844311376,0.0538922155688622,12.065868263473051,13.0,14.0,0.592814371257485,0.0059880239520958,0.994011976047904,0.0,0.0,0.0905728196473904,125,0.952,0.0,coras_aps,0.05,target_lighting_shift,4,0.95,-0.0038922155688622,results/sim_complete/seed4_calib0.10/metrics_by_domain_alpha0.05.csv
80,0.9875,0.0124999999999999,12.525,13.0,14.0,0.6,0.0,1.0,0.0,0.0,0.1788324155103919,59,1.0,0.0,coras_aps,0.05,target_occluded,4,0.95,0.0375,results/sim_complete/seed4_calib0.10/metrics_by_domain_alpha0.05.csv
257,0.9377431906614786,0.0622568093385214,11.085603112840468,12.0,14.0,0.4863813229571984,0.0077821011673151,0.9922178988326849,0.0,0.0,0.1872930518009292,185,0.9837837837837838,0.0,mondrian_domain,0.05,target_camera_shift,4,0.95,-0.0122568093385213,results/sim_complete/seed4_calib0.10/metrics_by_domain_alpha0.05.csv
167,1.0,0.0,13.688622754491018,15.0,15.0,0.592814371257485,0.0059880239520958,0.994011976047904,0.0,0.0,0.0905728196473904,125,1.0,0.0,mondrian_domain,0.05,target_lighting_shift,4,0.95,0.05,results/sim_complete/seed4_calib0.10/metrics_by_domain_alpha0.05.csv
80,0.9875,0.0124999999999999,8.0625,9.0,12.0,0.6,0.125,0.875,0.0,0.0,0.1788324155103919,59,1.0,0.0,mondrian_domain,0.05,target_occluded,4,0.95,0.0375,results/sim_complete/seed4_calib0.10/metrics_by_domain_alpha0.05.csv
257,0.4591439688715953,0.5408560311284047,1.0,1.0,1.0,0.4591439688715953,1.0,0.0,0.0,0.5408560311284046,0.2484394115630747,185,0.4702702702702703,0.5297297297297298,top1_singleton,0.1,target_camera_shift,4,0.9,-0.4408560311284047,results/sim_complete/seed4_calib0.10/metrics_by_domain_alpha0.10.csv
167,0.1976047904191616,0.8023952095808383,1.0,1.0,1.0,0.1976047904191616,1.0,0.0,0.0,0.8023952095808383,0.3455599127761266,125,0.232,0.768,top1_singleton,0.1,target_lighting_shift,4,0.9,-0.7023952095808383,results/sim_complete/seed4_calib0.10/metrics_by_domain_alpha0.10.csv
80,0.5625,0.4375,1.0,1.0,1.0,0.5625,1.0,0.0,0.0,0.4375,0.2355693973171047,59,0.5932203389830508,0.4067796610169492,top1_singleton,0.1,target_occluded,4,0.9,-0.3375,results/sim_complete/seed4_calib0.10/metrics_by_domain_alpha0.10.csv
257,0.8910505836575876,0.1089494163424124,12.0,12.0,12.0,0.4591439688715953,0.0,1.0,0.0,0.0,0.2484394115630747,185,0.945945945945946,0.0,topk_calibrated,0.1,target_camera_shift,4,0.9,-0.0089494163424124,results/sim_complete/seed4_calib0.10/metrics_by_domain_alpha0.10.csv
167,0.8622754491017964,0.1377245508982035,12.0,12.0,12.0,0.1976047904191616,0.0,1.0,0.0,0.0,0.3455599127761266,125,0.864,0.0,topk_calibrated,0.1,target_lighting_shift,4,0.9,-0.0377245508982035,results/sim_complete/seed4_calib0.10/metrics_by_domain_alpha0.10.csv
80,0.9875,0.0124999999999999,12.0,12.0,12.0,0.5625,0.0,1.0,0.0,0.0,0.2355693973171047,59,1.0,0.0,topk_calibrated,0.1,target_occluded,4,0.9,0.0875,results/sim_complete/seed4_calib0.10/metrics_by_domain_alpha0.10.csv
257,0.9182879377431906,0.0817120622568093,10.754863813229573,12.0,14.0,0.4591439688715953,0.0,1.0,0.0,0.0,0.2484394115630747,185,0.9621621621621622,0.0,vanilla_conformal,0.1,target_camera_shift,4,0.9,0.0182879377431905,results/sim_complete/seed4_calib0.10/metrics_by_domain_alpha0.10.csv
167,0.8862275449101796,0.1137724550898203,12.778443113772456,13.0,13.0,0.1976047904191616,0.0,1.0,0.0,0.0,0.3455599127761266,125,0.896,0.0,vanilla_conformal,0.1,target_lighting_shift,4,0.9,-0.0137724550898203,results/sim_complete/seed4_calib0.10/metrics_by_domain_alpha0.10.csv
80,0.9875,0.0124999999999999,8.0,9.0,13.100000000000009,0.5625,0.1125,0.8875,0.0,0.0,0.2355693973171047,59,1.0,0.0,vanilla_conformal,0.1,target_occluded,4,0.9,0.0875,results/sim_complete/seed4_calib0.10/metrics_by_domain_alpha0.10.csv
257,0.8988326848249028,0.1011673151750972,11.470817120622568,12.0,13.0,0.4591439688715953,0.0,1.0,0.0,0.0,0.2484394115630747,185,0.9513513513513514,0.0,aps_conformal,0.1,target_camera_shift,4,0.9,-0.0011673151750972,results/sim_complete/seed4_calib0.10/metrics_by_domain_alpha0.10.csv
167,0.8802395209580839,0.1197604790419161,12.137724550898204,12.0,13.0,0.1976047904191616,0.0,1.0,0.0,0.0,0.3455599127761266,125,0.888,0.0,aps_conformal,0.1,target_lighting_shift,4,0.9,-0.0197604790419161,results/sim_complete/seed4_calib0.10/metrics_by_domain_alpha0.10.csv
80,0.9875,0.0124999999999999,9.625,11.0,13.0,0.5625,0.05,0.95,0.0,0.0,0.2355693973171047,59,1.0,0.0,aps_conformal,0.1,target_occluded,4,0.9,0.0875,results/sim_complete/seed4_calib0.10/metrics_by_domain_alpha0.10.csv
257,0.9027237354085604,0.0972762645914396,11.070038910505836,11.0,14.0,0.4591439688715953,0.0,1.0,0.0,0.0,0.0621345253125889,185,0.9567567567567568,0.0,temperature_conformal,0.1,target_camera_shift,4,0.9,0.0027237354085603,results/sim_complete/seed4_calib0.10/metrics_by_domain_alpha0.10.csv
167,0.874251497005988,0.1257485029940119,12.437125748502996,13.0,13.0,0.1976047904191616,0.0,1.0,0.0,0.0,0.1797579405649655,125,0.88,0.0,temperature_conformal,0.1,target_lighting_shift,4,0.9,-0.0257485029940119,results/sim_complete/seed4_calib0.10/metrics_by_domain_alpha0.10.csv
80,0.9875,0.0124999999999999,8.425,9.0,12.0,0.5625,0.025,0.975,0.0,0.0,0.0860854931808542,59,1.0,0.0,temperature_conformal,0.1,target_occluded,4,0.9,0.0875,results/sim_complete/seed4_calib0.10/metrics_by_domain_alpha0.10.csv
257,0.4863813229571984,0.5136186770428015,1.0,1.0,1.0,0.4863813229571984,1.0,0.0,0.0,0.5136186770428015,0.1872930518009292,185,0.5081081081081081,0.4918918918918919,prompt_only_top1,0.1,target_camera_shift,4,0.9,-0.4136186770428016,results/sim_complete/seed4_calib0.10/metrics_by_domain_alpha0.10.csv
167,0.592814371257485,0.4071856287425149,1.0,1.0,1.0,0.592814371257485,1.0,0.0,0.0,0.4071856287425149,0.0905728196473904,125,0.688,0.312,prompt_only_top1,0.1,target_lighting_shift,4,0.9,-0.307185628742515,results/sim_complete/seed4_calib0.10/metrics_by_domain_alpha0.10.csv
80,0.6,0.4,1.0,1.0,1.0,0.6,1.0,0.0,0.0,0.4,0.1788324155103919,59,0.6440677966101694,0.3559322033898305,prompt_only_top1,0.1,target_occluded,4,0.9,-0.3,results/sim_complete/seed4_calib0.10/metrics_by_domain_alpha0.10.csv
257,0.9105058365758756,0.0894941634241245,8.256809338521402,8.0,13.0,0.4863813229571984,0.0194552529182879,0.980544747081712,0.0,0.0,0.1872930518009292,185,0.9675675675675676,0.0,coras,0.1,target_camera_shift,4,0.9,0.0105058365758754,results/sim_complete/seed4_calib0.10/metrics_by_domain_alpha0.10.csv
167,0.9161676646706588,0.0838323353293413,9.44311377245509,11.0,12.0,0.592814371257485,0.0958083832335329,0.9041916167664672,0.0,0.0,0.0905728196473904,125,0.936,0.0,coras,0.1,target_lighting_shift,4,0.9,0.0161676646706586,results/sim_complete/seed4_calib0.10/metrics_by_domain_alpha0.10.csv
80,0.9875,0.0124999999999999,7.825,9.0,12.0,0.6,0.125,0.875,0.0,0.0,0.1788324155103919,59,1.0,0.0,coras,0.1,target_occluded,4,0.9,0.0875,results/sim_complete/seed4_calib0.10/metrics_by_domain_alpha0.10.csv
257,0.9182879377431906,0.0817120622568093,10.439688715953308,11.0,13.0,0.4863813229571984,0.0038910505836575,0.9961089494163424,0.0,0.0,0.1872930518009292,185,0.9675675675675676,0.0,coras_aps,0.1,target_camera_shift,4,0.9,0.0182879377431905,results/sim_complete/seed4_calib0.10/metrics_by_domain_alpha0.10.csv
167,0.8982035928143712,0.1017964071856287,10.161676646706589,11.0,12.0,0.592814371257485,0.029940119760479,0.9700598802395208,0.0,0.0,0.0905728196473904,125,0.92,0.0,coras_aps,0.1,target_lighting_shift,4,0.9,-0.0017964071856287,results/sim_complete/seed4_calib0.10/metrics_by_domain_alpha0.10.csv
80,0.9875,0.0124999999999999,10.05,11.0,13.0,0.6,0.0125,0.9875,0.0,0.0,0.1788324155103919,59,1.0,0.0,coras_aps,0.1,target_occluded,4,0.9,0.0875,results/sim_complete/seed4_calib0.10/metrics_by_domain_alpha0.10.csv
257,0.8560311284046692,0.1439688715953307,5.832684824902723,5.0,10.0,0.4863813229571984,0.0700389105058365,0.9299610894941636,0.0,0.0116731517509727,0.1872930518009292,185,0.9243243243243244,0.0162162162162162,mondrian_domain,0.1,target_camera_shift,4,0.9,-0.0439688715953308,results/sim_complete/seed4_calib0.10/metrics_by_domain_alpha0.10.csv
167,0.9461077844311376,0.0538922155688622,11.323353293413174,13.0,14.0,0.592814371257485,0.029940119760479,0.9700598802395208,0.0,0.0,0.0905728196473904,125,0.952,0.0,mondrian_domain,0.1,target_lighting_shift,4,0.9,0.0461077844311377,results/sim_complete/seed4_calib0.10/metrics_by_domain_alpha0.10.csv
80,0.9375,0.0625,4.4,4.0,8.0,0.6,0.275,0.725,0.0,0.0125,0.1788324155103919,59,0.9491525423728814,0.0,mondrian_domain,0.1,target_occluded,4,0.9,0.0374999999999999,results/sim_complete/seed4_calib0.10/metrics_by_domain_alpha0.10.csv
257,0.4591439688715953,0.5408560311284047,1.0,1.0,1.0,0.4591439688715953,1.0,0.0,0.0,0.5408560311284046,0.2484394115630747,185,0.4702702702702703,0.5297297297297298,top1_singleton,0.2,target_camera_shift,4,0.8,-0.3408560311284047,results/sim_complete/seed4_calib0.10/metrics_by_domain_alpha0.20.csv
167,0.1976047904191616,0.8023952095808383,1.0,1.0,1.0,0.1976047904191616,1.0,0.0,0.0,0.8023952095808383,0.3455599127761266,125,0.232,0.768,top1_singleton,0.2,target_lighting_shift,4,0.8,-0.6023952095808384,results/sim_complete/seed4_calib0.10/metrics_by_domain_alpha0.20.csv
80,0.5625,0.4375,1.0,1.0,1.0,0.5625,1.0,0.0,0.0,0.4375,0.2355693973171047,59,0.5932203389830508,0.4067796610169492,top1_singleton,0.2,target_occluded,4,0.8,-0.2375,results/sim_complete/seed4_calib0.10/metrics_by_domain_alpha0.20.csv
257,0.8560311284046692,0.1439688715953307,9.0,9.0,9.0,0.4591439688715953,0.0,1.0,0.0,0.0,0.2484394115630747,185,0.9027027027027028,0.0,topk_calibrated,0.2,target_camera_shift,4,0.8,0.0560311284046691,results/sim_complete/seed4_calib0.10/metrics_by_domain_alpha0.20.csv
167,0.7065868263473054,0.2934131736526946,9.0,9.0,9.0,0.1976047904191616,0.0,1.0,0.0,0.0,0.3455599127761266,125,0.784,0.0,topk_calibrated,0.2,target_lighting_shift,4,0.8,-0.0934131736526946,results/sim_complete/seed4_calib0.10/metrics_by_domain_alpha0.20.csv
80,0.975,0.025,9.0,9.0,9.0,0.5625,0.0,1.0,0.0,0.0,0.2355693973171047,59,0.9830508474576272,0.0,topk_calibrated,0.2,target_occluded,4,0.8,0.1749999999999999,results/sim_complete/seed4_calib0.10/metrics_by_domain_alpha0.20.csv
257,0.8404669260700389,0.159533073929961,6.272373540856031,7.0,10.0,0.4591439688715953,0.0933852140077821,0.906614785992218,0.0,0.0077821011673151,0.2484394115630747,185,0.8810810810810811,0.0108108108108108,vanilla_conformal,0.2,target_camera_shift,4,0.8,0.0404669260700388,results/sim_complete/seed4_calib0.10/metrics_by_domain_alpha0.20.csv
167,0.7544910179640718,0.2455089820359282,9.149700598802395,9.0,10.0,0.1976047904191616,0.0179640718562874,0.9820359281437124,0.0,0.0,0.3455599127761266,125,0.816,0.0,vanilla_conformal,0.2,target_lighting_shift,4,0.8,-0.0455089820359282,results/sim_complete/seed4_calib0.10/metrics_by_domain_alpha0.20.csv
80,0.9625,0.0374999999999999,4.3625,4.0,8.0,0.5625,0.2875,0.7125,0.0,0.0,0.2355693973171047,59,0.9830508474576272,0.0,vanilla_conformal,0.2,target_occluded,4,0.8,0.1624999999999999,results/sim_complete/seed4_calib0.10/metrics_by_domain_alpha0.20.csv
257,0.8754863813229572,0.1245136186770428,8.88715953307393,10.0,12.0,0.4591439688715953,0.0194552529182879,0.980544747081712,0.0,0.0,0.2484394115630747,185,0.9243243243243244,0.0,aps_conformal,0.2,target_camera_shift,4,0.8,0.0754863813229571,results/sim_complete/seed4_calib0.10/metrics_by_domain_alpha0.20.csv
167,0.8383233532934131,0.1616766467065868,10.65868263473054,11.0,11.0,0.1976047904191616,0.0,1.0,0.0,0.0,0.3455599127761266,125,0.856,0.0,aps_conformal,0.2,target_lighting_shift,4,0.8,0.038323353293413,results/sim_complete/seed4_calib0.10/metrics_by_domain_alpha0.20.csv
80,0.9625,0.0374999999999999,6.5,8.0,11.0,0.5625,0.2125,0.7875,0.0,0.0125,0.2355693973171047,59,0.9830508474576272,0.0,aps_conformal,0.2,target_occluded,4,0.8,0.1624999999999999,results/sim_complete/seed4_calib0.10/metrics_by_domain_alpha0.20.csv
257,0.8404669260700389,0.159533073929961,6.918287937743191,7.0,10.0,0.4591439688715953,0.0116731517509727,0.9883268482490272,0.0,0.0,0.0621116273165413,185,0.8864864864864865,0.0,temperature_conformal,0.2,target_camera_shift,4,0.8,0.0404669260700388,results/sim_complete/seed4_calib0.10/metrics_by_domain_alpha0.20.csv
167,0.7245508982035929,0.2754491017964071,8.988023952095809,9.0,10.0,0.1976047904191616,0.0,1.0,0.0,0.0,0.1797194086877782,125,0.8,0.0,temperature_conformal,0.2,target_lighting_shift,4,0.8,-0.0754491017964071,results/sim_complete/seed4_calib0.10/metrics_by_domain_alpha0.20.csv
80,0.9625,0.0374999999999999,4.8125,5.0,8.0,0.5625,0.1375,0.8625,0.0,0.0,0.0861550793950016,59,0.9830508474576272,0.0,temperature_conformal,0.2,target_occluded,4,0.8,0.1624999999999999,results/sim_complete/seed4_calib0.10/metrics_by_domain_alpha0.20.csv
257,0.4863813229571984,0.5136186770428015,1.0,1.0,1.0,0.4863813229571984,1.0,0.0,0.0,0.5136186770428015,0.1872930518009292,185,0.5081081081081081,0.4918918918918919,prompt_only_top1,0.2,target_camera_shift,4,0.8,-0.3136186770428016,results/sim_complete/seed4_calib0.10/metrics_by_domain_alpha0.20.csv
167,0.592814371257485,0.4071856287425149,1.0,1.0,1.0,0.592814371257485,1.0,0.0,0.0,0.4071856287425149,0.0905728196473904,125,0.688,0.312,prompt_only_top1,0.2,target_lighting_shift,4,0.8,-0.207185628742515,results/sim_complete/seed4_calib0.10/metrics_by_domain_alpha0.20.csv
80,0.6,0.4,1.0,1.0,1.0,0.6,1.0,0.0,0.0,0.4,0.1788324155103919,59,0.6440677966101694,0.3559322033898305,prompt_only_top1,0.2,target_occluded,4,0.8,-0.2,results/sim_complete/seed4_calib0.10/metrics_by_domain_alpha0.20.csv
257,0.7704280155642024,0.2295719844357976,3.638132295719844,3.0,7.0,0.4863813229571984,0.1906614785992217,0.8093385214007782,0.0,0.0350194552529182,0.1872930518009292,185,0.8378378378378378,0.0324324324324324,coras,0.2,target_camera_shift,4,0.8,-0.0295719844357976,results/sim_complete/seed4_calib0.10/metrics_by_domain_alpha0.20.csv
167,0.8203592814371258,0.1796407185628742,5.149700598802395,6.0,10.0,0.592814371257485,0.281437125748503,0.718562874251497,0.0,0.0119760479041916,0.0905728196473904,125,0.872,0.0,coras,0.2,target_lighting_shift,4,0.8,0.0203592814371257,results/sim_complete/seed4_calib0.10/metrics_by_domain_alpha0.20.csv
80,0.9125,0.0875,3.6125,3.0,7.0,0.6,0.3,0.7,0.0,0.0125,0.1788324155103919,59,0.9491525423728814,0.0,coras,0.2,target_occluded,4,0.8,0.1124999999999999,results/sim_complete/seed4_calib0.10/metrics_by_domain_alpha0.20.csv
257,0.8988326848249028,0.1011673151750972,8.081712062256809,9.0,11.0,0.4863813229571984,0.0272373540856031,0.9727626459143968,0.0,0.0,0.1872930518009292,185,0.9621621621621622,0.0,coras_aps,0.2,target_camera_shift,4,0.8,0.0988326848249027,results/sim_complete/seed4_calib0.10/metrics_by_domain_alpha0.20.csv
167,0.8862275449101796,0.1137724550898203,8.610778443113773,10.0,11.0,0.592814371257485,0.0958083832335329,0.9041916167664672,0.0,0.0,0.0905728196473904,125,0.912,0.0,coras_aps,0.2,target_lighting_shift,4,0.8,0.0862275449101795,results/sim_complete/seed4_calib0.10/metrics_by_domain_alpha0.20.csv
80,0.9875,0.0124999999999999,7.575,9.0,11.0,0.6,0.1125,0.8875,0.0,0.0,0.1788324155103919,59,1.0,0.0,coras_aps,0.2,target_occluded,4,0.8,0.1875,results/sim_complete/seed4_calib0.10/metrics_by_domain_alpha0.20.csv
257,0.7976653696498055,0.2023346303501945,4.120622568093385,4.0,8.0,0.4863813229571984,0.1634241245136186,0.8365758754863813,0.0,0.0233463035019455,0.1872930518009292,185,0.8648648648648649,0.0216216216216216,mondrian_domain,0.2,target_camera_shift,4,0.8,-0.0023346303501945,results/sim_complete/seed4_calib0.10/metrics_by_domain_alpha0.20.csv
167,0.9041916167664672,0.0958083832335329,7.850299401197605,10.0,11.0,0.592814371257485,0.1257485029940119,0.874251497005988,0.0,0.0,0.0905728196473904,125,0.928,0.0,mondrian_domain,0.2,target_lighting_shift,4,0.8,0.104191616766467,results/sim_complete/seed4_calib0.10/metrics_by_domain_alpha0.20.csv
80,0.75,0.25,1.825,1.0,4.0,0.6,0.6,0.4,0.0,0.1625,0.1788324155103919,59,0.8135593220338984,0.1016949152542373,mondrian_domain,0.2,target_occluded,4,0.8,-0.05,results/sim_complete/seed4_calib0.10/metrics_by_domain_alpha0.20.csv
243,0.4979423868312757,0.5020576131687242,1.0,1.0,1.0,0.4979423868312757,1.0,0.0,0.0,0.5020576131687243,0.2333222121388909,179,0.5363128491620112,0.4636871508379888,top1_singleton,0.05,target_camera_shift,4,0.95,-0.4520576131687242,results/sim_complete/seed4_calib0.25/metrics_by_domain_alpha0.05.csv
153,0.2483660130718954,0.7516339869281046,1.0,1.0,1.0,0.2483660130718954,1.0,0.0,0.0,0.7516339869281046,0.3088201057818261,118,0.3050847457627119,0.6949152542372882,top1_singleton,0.05,target_lighting_shift,4,0.95,-0.7016339869281045,results/sim_complete/seed4_calib0.25/metrics_by_domain_alpha0.05.csv
82,0.6097560975609756,0.3902439024390244,1.0,1.0,1.0,0.6097560975609756,1.0,0.0,0.0,0.3902439024390244,0.2268775423775633,66,0.6363636363636364,0.3636363636363636,top1_singleton,0.05,target_occluded,4,0.95,-0.3402439024390243,results/sim_complete/seed4_calib0.25/metrics_by_domain_alpha0.05.csv
243,0.97119341563786,0.0288065843621398,15.0,15.0,15.0,0.4979423868312757,0.0,1.0,0.0,0.0,0.2333222121388909,179,0.994413407821229,0.0,topk_calibrated,0.05,target_camera_shift,4,0.95,0.0211934156378601,results/sim_complete/seed4_calib0.25/metrics_by_domain_alpha0.05.csv
153,0.9869281045751634,0.0130718954248365,15.0,15.0,15.0,0.2483660130718954,0.0,1.0,0.0,0.0,0.3088201057818261,118,0.9915254237288136,0.0,topk_calibrated,0.05,target_lighting_shift,4,0.95,0.0369281045751634,results/sim_complete/seed4_calib0.25/metrics_by_domain_alpha0.05.csv
82,1.0,0.0,15.0,15.0,15.0,0.6097560975609756,0.0,1.0,0.0,0.0,0.2268775423775633,66,1.0,0.0,topk_calibrated,0.05,target_occluded,4,0.95,0.05,results/sim_complete/seed4_calib0.25/metrics_by_domain_alpha0.05.csv
243,0.9588477366255144,0.0411522633744856,12.333333333333334,14.0,15.0,0.4979423868312757,0.0,1.0,0.0,0.0,0.2333222121388909,179,0.9832402234636872,0.0,vanilla_conformal,0.05,target_camera_shift,4,0.95,0.0088477366255144,results/sim_complete/seed4_calib0.25/metrics_by_domain_alpha0.05.csv
153,0.9607843137254902,0.0392156862745097,13.372549019607844,13.0,14.0,0.2483660130718954,0.0,1.0,0.0,0.0,0.3088201057818261,118,0.9576271186440678,0.0,vanilla_conformal,0.05,target_lighting_shift,4,0.95,0.0107843137254902,results/sim_complete/seed4_calib0.25/metrics_by_domain_alpha0.05.csv
82,0.9878048780487804,0.0121951219512195,8.975609756097562,9.0,15.0,0.6097560975609756,0.1097560975609756,0.8902439024390244,0.0,0.0,0.2268775423775633,66,1.0,0.0,vanilla_conformal,0.05,target_occluded,4,0.95,0.0378048780487805,results/sim_complete/seed4_calib0.25/metrics_by_domain_alpha0.05.csv
243,0.9588477366255144,0.0411522633744856,13.1440329218107,14.0,14.0,0.4979423868312757,0.0,1.0,0.0,0.0,0.2333222121388909,179,0.9776536312849162,0.0,aps_conformal,0.05,target_camera_shift,4,0.95,0.0088477366255144,results/sim_complete/seed4_calib0.25/metrics_by_domain_alpha0.05.csv
153,0.9738562091503268,0.0261437908496732,13.934640522875815,14.0,14.0,0.2483660130718954,0.0,1.0,0.0,0.0,0.3088201057818261,118,0.9745762711864406,0.0,aps_conformal,0.05,target_lighting_shift,4,0.95,0.0238562091503268,results/sim_complete/seed4_calib0.25/metrics_by_domain_alpha0.05.csv
82,1.0,0.0,11.682926829268292,12.0,15.0,0.6097560975609756,0.0,1.0,0.0,0.0,0.2268775423775633,66,1.0,0.0,aps_conformal,0.05,target_occluded,4,0.95,0.05,results/sim_complete/seed4_calib0.25/metrics_by_domain_alpha0.05.csv
243,0.9629629629629628,0.037037037037037,13.765432098765432,14.0,15.0,0.4979423868312757,0.0,1.0,0.0,0.0,0.0779798206709202,179,0.994413407821229,0.0,temperature_conformal,0.05,target_camera_shift,4,0.95,0.0129629629629629,results/sim_complete/seed4_calib0.25/metrics_by_domain_alpha0.05.csv
153,0.954248366013072,0.045751633986928,13.392156862745098,13.0,14.0,0.2483660130718954,0.0,1.0,0.0,0.0,0.1770833931759416,118,0.9491525423728814,0.0,temperature_conformal,0.05,target_lighting_shift,4,0.95,0.0042483660130719,results/sim_complete/seed4_calib0.25/metrics_by_domain_alpha0.05.csv
82,1.0,0.0,11.975609756097562,13.0,15.0,0.6097560975609756,0.0,1.0,0.0,0.0,0.1251565430144825,66,1.0,0.0,temperature_conformal,0.05,target_occluded,4,0.95,0.05,results/sim_complete/seed4_calib0.25/metrics_by_domain_alpha0.05.csv
243,0.5473251028806584,0.4526748971193416,1.0,1.0,1.0,0.5473251028806584,1.0,0.0,0.0,0.4526748971193415,0.1471872873483472,179,0.5642458100558659,0.435754189944134,prompt_only_top1,0.05,target_camera_shift,4,0.95,-0.4026748971193415,results/sim_complete/seed4_calib0.25/metrics_by_domain_alpha0.05.csv
153,0.6013071895424836,0.3986928104575163,1.0,1.0,1.0,0.6013071895424836,1.0,0.0,0.0,0.3986928104575163,0.0898642996766581,118,0.6779661016949152,0.3220338983050847,prompt_only_top1,0.05,target_lighting_shift,4,0.95,-0.3486928104575163,results/sim_complete/seed4_calib0.25/metrics_by_domain_alpha0.05.csv
82,0.6585365853658537,0.3414634146341463,1.0,1.0,1.0,0.6585365853658537,1.0,0.0,0.0,0.3414634146341463,0.0979075987333407,66,0.6818181818181818,0.3181818181818182,prompt_only_top1,0.05,target_occluded,4,0.95,-0.2914634146341462,results/sim_complete/seed4_calib0.25/metrics_by_domain_alpha0.05.csv
243,0.9835390946502056,0.0164609053497942,11.534979423868313,13.0,15.0,0.5473251028806584,0.0123456790123456,0.9876543209876544,0.0,0.0,0.1471872873483472,179,1.0,0.0,coras,0.05,target_camera_shift,4,0.95,0.0335390946502057,results/sim_complete/seed4_calib0.25/metrics_by_domain_alpha0.05.csv
153,0.954248366013072,0.045751633986928,11.137254901960784,13.0,14.0,0.6013071895424836,0.0326797385620915,0.9673202614379084,0.0,0.0,0.0898642996766581,118,0.9491525423728814,0.0,coras,0.05,target_lighting_shift,4,0.95,0.0042483660130719,results/sim_complete/seed4_calib0.25/metrics_by_domain_alpha0.05.csv
82,0.9878048780487804,0.0121951219512195,10.46341463414634,12.0,15.0,0.6585365853658537,0.0365853658536585,0.9634146341463414,0.0,0.0,0.0979075987333407,66,1.0,0.0,coras,0.05,target_occluded,4,0.95,0.0378048780487805,results/sim_complete/seed4_calib0.25/metrics_by_domain_alpha0.05.csv
243,0.97119341563786,0.0288065843621398,12.720164609053498,13.0,14.0,0.5473251028806584,0.0082304526748971,0.9917695473251028,0.0,0.0,0.1471872873483472,179,1.0,0.0,coras_aps,0.05,target_camera_shift,4,0.95,0.0211934156378601,results/sim_complete/seed4_calib0.25/metrics_by_domain_alpha0.05.csv
153,0.9477124183006536,0.0522875816993464,11.901960784313726,12.0,14.0,0.6013071895424836,0.0,1.0,0.0,0.0,0.0898642996766581,118,0.940677966101695,0.0,coras_aps,0.05,target_lighting_shift,4,0.95,-0.0022875816993463,results/sim_complete/seed4_calib0.25/metrics_by_domain_alpha0.05.csv
82,0.9878048780487804,0.0121951219512195,11.926829268292684,13.0,14.0,0.6585365853658537,0.024390243902439,0.975609756097561,0.0,0.0,0.0979075987333407,66,1.0,0.0,coras_aps,0.05,target_occluded,4,0.95,0.0378048780487805,results/sim_complete/seed4_calib0.25/metrics_by_domain_alpha0.05.csv
243,0.9917695473251028,0.008230452674897,12.271604938271604,13.0,15.0,0.5473251028806584,0.0082304526748971,0.9917695473251028,0.0,0.0,0.1471872873483472,179,1.0,0.0,mondrian_domain,0.05,target_camera_shift,4,0.95,0.0417695473251029,results/sim_complete/seed4_calib0.25/metrics_by_domain_alpha0.05.csv
153,0.9738562091503268,0.0261437908496732,12.032679738562091,13.0,15.0,0.6013071895424836,0.0130718954248366,0.9869281045751634,0.0,0.0,0.0898642996766581,118,0.9661016949152542,0.0,mondrian_domain,0.05,target_lighting_shift,4,0.95,0.0238562091503268,results/sim_complete/seed4_calib0.25/metrics_by_domain_alpha0.05.csv
82,0.926829268292683,0.073170731707317,3.926829268292683,4.0,8.0,0.6585365853658537,0.3536585365853658,0.6463414634146342,0.0,0.024390243902439,0.0979075987333407,66,0.9545454545454546,0.0151515151515151,mondrian_domain,0.05,target_occluded,4,0.95,-0.0231707317073169,results/sim_complete/seed4_calib0.25/metrics_by_domain_alpha0.05.csv
243,0.4979423868312757,0.5020576131687242,1.0,1.0,1.0,0.4979423868312757,1.0,0.0,0.0,0.5020576131687243,0.2333222121388909,179,0.5363128491620112,0.4636871508379888,top1_singleton,0.1,target_camera_shift,4,0.9,-0.4020576131687243,results/sim_complete/seed4_calib0.25/metrics_by_domain_alpha0.10.csv
153,0.2483660130718954,0.7516339869281046,1.0,1.0,1.0,0.2483660130718954,1.0,0.0,0.0,0.7516339869281046,0.3088201057818261,118,0.3050847457627119,0.6949152542372882,top1_singleton,0.1,target_lighting_shift,4,0.9,-0.6516339869281046,results/sim_complete/seed4_calib0.25/metrics_by_domain_alpha0.10.csv
82,0.6097560975609756,0.3902439024390244,1.0,1.0,1.0,0.6097560975609756,1.0,0.0,0.0,0.3902439024390244,0.2268775423775633,66,0.6363636363636364,0.3636363636363636,top1_singleton,0.1,target_occluded,4,0.9,-0.2902439024390244,results/sim_complete/seed4_calib0.25/metrics_by_domain_alpha0.10.csv
243,0.9423868312757202,0.0576131687242797,13.0,13.0,13.0,0.4979423868312757,0.0,1.0,0.0,0.0,0.2333222121388909,179,0.9720670391061452,0.0,topk_calibrated,0.1,target_camera_shift,4,0.9,0.0423868312757201,results/sim_complete/seed4_calib0.25/metrics_by_domain_alpha0.10.csv
153,0.8823529411764706,0.1176470588235294,13.0,13.0,13.0,0.2483660130718954,0.0,1.0,0.0,0.0,0.3088201057818261,118,0.8728813559322034,0.0,topk_calibrated,0.1,target_lighting_shift,4,0.9,-0.0176470588235294,results/sim_complete/seed4_calib0.25/metrics_by_domain_alpha0.10.csv
82,0.9878048780487804,0.0121951219512195,13.0,13.0,13.0,0.6097560975609756,0.0,1.0,0.0,0.0,0.2268775423775633,66,1.0,0.0,topk_calibrated,0.1,target_occluded,4,0.9,0.0878048780487804,results/sim_complete/seed4_calib0.25/metrics_by_domain_alpha0.10.csv
243,0.934156378600823,0.0658436213991769,10.25514403292181,11.0,14.0,0.4979423868312757,0.0,1.0,0.0,0.0,0.2333222121388909,179,0.9608938547486032,0.0,vanilla_conformal,0.1,target_camera_shift,4,0.9,0.0341563786008229,results/sim_complete/seed4_calib0.25/metrics_by_domain_alpha0.10.csv
153,0.8888888888888888,0.1111111111111111,12.647058823529411,13.0,13.0,0.2483660130718954,0.0065359477124183,0.9934640522875816,0.0,0.0,0.3088201057818261,118,0.8813559322033898,0.0,vanilla_conformal,0.1,target_lighting_shift,4,0.9,-0.0111111111111111,results/sim_complete/seed4_calib0.25/metrics_by_domain_alpha0.10.csv
82,0.975609756097561,0.024390243902439,6.621951219512195,6.5,13.0,0.6097560975609756,0.2560975609756097,0.7439024390243902,0.0,0.0,0.2268775423775633,66,1.0,0.0,vanilla_conformal,0.1,target_occluded,4,0.9,0.0756097560975609,results/sim_complete/seed4_calib0.25/metrics_by_domain_alpha0.10.csv
243,0.9465020576131687,0.0534979423868312,11.650205761316872,12.0,14.0,0.4979423868312757,0.0,1.0,0.0,0.0,0.2333222121388909,179,0.9720670391061452,0.0,aps_conformal,0.1,target_camera_shift,4,0.9,0.0465020576131687,results/sim_complete/seed4_calib0.25/metrics_by_domain_alpha0.10.csv
153,0.8823529411764706,0.1176470588235294,12.568627450980392,13.0,13.0,0.2483660130718954,0.0,1.0,0.0,0.0,0.3088201057818261,118,0.8728813559322034,0.0,aps_conformal,0.1,target_lighting_shift,4,0.9,-0.0176470588235294,results/sim_complete/seed4_calib0.25/metrics_by_domain_alpha0.10.csv
82,0.9878048780487804,0.0121951219512195,9.109756097560975,10.0,14.0,0.6097560975609756,0.0853658536585365,0.9146341463414634,0.0,0.0,0.2268775423775633,66,1.0,0.0,aps_conformal,0.1,target_occluded,4,0.9,0.0878048780487804,results/sim_complete/seed4_calib0.25/metrics_by_domain_alpha0.10.csv
243,0.9465020576131687,0.0534979423868312,11.205761316872428,12.0,14.0,0.4979423868312757,0.0,1.0,0.0,0.0,0.0779967648685658,179,0.9720670391061452,0.0,temperature_conformal,0.1,target_camera_shift,4,0.9,0.0465020576131687,results/sim_complete/seed4_calib0.25/metrics_by_domain_alpha0.10.csv
153,0.8627450980392157,0.1372549019607842,12.57516339869281,13.0,13.0,0.2483660130718954,0.0,1.0,0.0,0.0,0.1770679648323089,118,0.864406779661017,0.0,temperature_conformal,0.1,target_lighting_shift,4,0.9,-0.0372549019607842,results/sim_complete/seed4_calib0.25/metrics_by_domain_alpha0.10.csv
82,0.975609756097561,0.024390243902439,7.890243902439025,9.0,12.0,0.6097560975609756,0.0609756097560975,0.9390243902439024,0.0,0.0,0.125186461655651,66,1.0,0.0,temperature_conformal,0.1,target_occluded,4,0.9,0.0756097560975609,results/sim_complete/seed4_calib0.25/metrics_by_domain_alpha0.10.csv
243,0.5473251028806584,0.4526748971193416,1.0,1.0,1.0,0.5473251028806584,1.0,0.0,0.0,0.4526748971193415,0.1471872873483472,179,0.5642458100558659,0.435754189944134,prompt_only_top1,0.1,target_camera_shift,4,0.9,-0.3526748971193416,results/sim_complete/seed4_calib0.25/metrics_by_domain_alpha0.10.csv
153,0.6013071895424836,0.3986928104575163,1.0,1.0,1.0,0.6013071895424836,1.0,0.0,0.0,0.3986928104575163,0.0898642996766581,118,0.6779661016949152,0.3220338983050847,prompt_only_top1,0.1,target_lighting_shift,4,0.9,-0.2986928104575164,results/sim_complete/seed4_calib0.25/metrics_by_domain_alpha0.10.csv
82,0.6585365853658537,0.3414634146341463,1.0,1.0,1.0,0.6585365853658537,1.0,0.0,0.0,0.3414634146341463,0.0979075987333407,66,0.6818181818181818,0.3181818181818182,prompt_only_top1,0.1,target_occluded,4,0.9,-0.2414634146341463,results/sim_complete/seed4_calib0.25/metrics_by_domain_alpha0.10.csv
243,0.9506172839506172,0.0493827160493827,8.106995884773662,9.0,12.0,0.5473251028806584,0.0288065843621399,0.97119341563786,0.0,0.0,0.1471872873483472,179,1.0,0.0,coras,0.1,target_camera_shift,4,0.9,0.0506172839506172,results/sim_complete/seed4_calib0.25/metrics_by_domain_alpha0.10.csv
153,0.9215686274509804,0.0784313725490196,9.130718954248366,11.0,12.0,0.6013071895424836,0.1372549019607843,0.8627450980392157,0.0,0.0,0.0898642996766581,118,0.923728813559322,0.0,coras,0.1,target_lighting_shift,4,0.9,0.0215686274509803,results/sim_complete/seed4_calib0.25/metrics_by_domain_alpha0.10.csv
82,0.975609756097561,0.024390243902439,6.926829268292683,8.0,12.0,0.6585365853658537,0.1707317073170731,0.8292682926829268,0.0,0.0,0.0979075987333407,66,1.0,0.0,coras,0.1,target_occluded,4,0.9,0.0756097560975609,results/sim_complete/seed4_calib0.25/metrics_by_domain_alpha0.10.csv
243,0.9588477366255144,0.0411522633744856,10.539094650205762,11.0,13.0,0.5473251028806584,0.0123456790123456,0.9876543209876544,0.0,0.0,0.1471872873483472,179,1.0,0.0,coras_aps,0.1,target_camera_shift,4,0.9,0.0588477366255143,results/sim_complete/seed4_calib0.25/metrics_by_domain_alpha0.10.csv
153,0.9084967320261438,0.0915032679738562,10.137254901960784,11.0,12.0,0.6013071895424836,0.0130718954248366,0.9869281045751634,0.0,0.0,0.0898642996766581,118,0.9152542372881356,0.0,coras_aps,0.1,target_lighting_shift,4,0.9,0.0084967320261437,results/sim_complete/seed4_calib0.25/metrics_by_domain_alpha0.10.csv
82,0.9878048780487804,0.0121951219512195,9.609756097560975,11.0,13.0,0.6585365853658537,0.048780487804878,0.951219512195122,0.0,0.0,0.0979075987333407,66,1.0,0.0,coras_aps,0.1,target_occluded,4,0.9,0.0878048780487804,results/sim_complete/seed4_calib0.25/metrics_by_domain_alpha0.10.csv
243,0.9629629629629628,0.037037037037037,9.51440329218107,10.0,13.0,0.5473251028806584,0.0164609053497942,0.9835390946502056,0.0,0.0,0.1471872873483472,179,1.0,0.0,mondrian_domain,0.1,target_camera_shift,4,0.9,0.0629629629629628,results/sim_complete/seed4_calib0.25/metrics_by_domain_alpha0.10.csv
153,0.9477124183006536,0.0522875816993464,10.11111111111111,12.0,13.0,0.6013071895424836,0.1111111111111111,0.8888888888888888,0.0,0.0,0.0898642996766581,118,0.9491525423728814,0.0,mondrian_domain,0.1,target_lighting_shift,4,0.9,0.0477124183006535,results/sim_complete/seed4_calib0.25/metrics_by_domain_alpha0.10.csv
82,0.8780487804878049,0.1219512195121951,3.073170731707317,2.5,6.0,0.6585365853658537,0.4390243902439024,0.5609756097560976,0.0,0.0365853658536585,0.0979075987333407,66,0.9242424242424242,0.0151515151515151,mondrian_domain,0.1,target_occluded,4,0.9,-0.0219512195121951,results/sim_complete/seed4_calib0.25/metrics_by_domain_alpha0.10.csv
243,0.4979423868312757,0.5020576131687242,1.0,1.0,1.0,0.4979423868312757,1.0,0.0,0.0,0.5020576131687243,0.2333222121388909,179,0.5363128491620112,0.4636871508379888,top1_singleton,0.2,target_camera_shift,4,0.8,-0.3020576131687243,results/sim_complete/seed4_calib0.25/metrics_by_domain_alpha0.20.csv
153,0.2483660130718954,0.7516339869281046,1.0,1.0,1.0,0.2483660130718954,1.0,0.0,0.0,0.7516339869281046,0.3088201057818261,118,0.3050847457627119,0.6949152542372882,top1_singleton,0.2,target_lighting_shift,4,0.8,-0.5516339869281046,results/sim_complete/seed4_calib0.25/metrics_by_domain_alpha0.20.csv
82,0.6097560975609756,0.3902439024390244,1.0,1.0,1.0,0.6097560975609756,1.0,0.0,0.0,0.3902439024390244,0.2268775423775633,66,0.6363636363636364,0.3636363636363636,top1_singleton,0.2,target_occluded,4,0.8,-0.1902439024390244,results/sim_complete/seed4_calib0.25/metrics_by_domain_alpha0.20.csv
243,0.897119341563786,0.1028806584362139,9.0,9.0,9.0,0.4979423868312757,0.0,1.0,0.0,0.0,0.2333222121388909,179,0.9273743016759776,0.0,topk_calibrated,0.2,target_camera_shift,4,0.8,0.0971193415637859,results/sim_complete/seed4_calib0.25/metrics_by_domain_alpha0.20.csv
153,0.6797385620915033,0.3202614379084967,9.0,9.0,9.0,0.2483660130718954,0.0,1.0,0.0,0.0,0.3088201057818261,118,0.7372881355932204,0.0,topk_calibrated,0.2,target_lighting_shift,4,0.8,-0.1202614379084967,results/sim_complete/seed4_calib0.25/metrics_by_domain_alpha0.20.csv
82,0.9634146341463414,0.0365853658536585,9.0,9.0,9.0,0.6097560975609756,0.0,1.0,0.0,0.0,0.2268775423775633,66,0.9696969696969696,0.0,topk_calibrated,0.2,target_occluded,4,0.8,0.1634146341463414,results/sim_complete/seed4_calib0.25/metrics_by_domain_alpha0.20.csv
243,0.8641975308641975,0.1358024691358025,5.650205761316872,6.0,10.0,0.4979423868312757,0.1481481481481481,0.8518518518518519,0.0,0.0205761316872428,0.2333222121388909,179,0.8938547486033519,0.0223463687150838,vanilla_conformal,0.2,target_camera_shift,4,0.8,0.0641975308641974,results/sim_complete/seed4_calib0.25/metrics_by_domain_alpha0.20.csv
153,0.7581699346405228,0.2418300653594771,8.92156862745098,9.0,10.0,0.2483660130718954,0.0196078431372549,0.9803921568627452,0.0,0.0,0.3088201057818261,118,0.7966101694915254,0.0,vanilla_conformal,0.2,target_lighting_shift,4,0.8,-0.0418300653594772,results/sim_complete/seed4_calib0.25/metrics_by_domain_alpha0.20.csv
82,0.8780487804878049,0.1219512195121951,3.6219512195121952,2.0,8.0,0.6097560975609756,0.4390243902439024,0.5609756097560976,0.0,0.0,0.2268775423775633,66,0.8939393939393939,0.0,vanilla_conformal,0.2,target_occluded,4,0.8,0.0780487804878048,results/sim_complete/seed4_calib0.25/metrics_by_domain_alpha0.20.csv
243,0.897119341563786,0.1028806584362139,7.452674897119341,8.0,11.0,0.4979423868312757,0.0781893004115226,0.9218106995884774,0.0,0.0123456790123456,0.2333222121388909,179,0.9217877094972068,0.0111731843575419,aps_conformal,0.2,target_camera_shift,4,0.8,0.0971193415637859,results/sim_complete/seed4_calib0.25/metrics_by_domain_alpha0.20.csv
153,0.7973856209150327,0.2026143790849672,9.751633986928104,10.0,11.0,0.2483660130718954,0.0065359477124183,0.9934640522875816,0.0,0.0,0.3088201057818261,118,0.8305084745762712,0.0,aps_conformal,0.2,target_lighting_shift,4,0.8,-0.0026143790849673,results/sim_complete/seed4_calib0.25/metrics_by_domain_alpha0.20.csv
82,0.9390243902439024,0.0609756097560976,4.646341463414634,4.0,10.0,0.6097560975609756,0.4146341463414634,0.5853658536585366,0.0,0.024390243902439,0.2268775423775633,66,0.9696969696969696,0.0,aps_conformal,0.2,target_occluded,4,0.8,0.1390243902439023,results/sim_complete/seed4_calib0.25/metrics_by_domain_alpha0.20.csv
243,0.8724279835390947,0.1275720164609053,6.31275720164609,7.0,9.0,0.4979423868312757,0.037037037037037,0.9629629629629628,0.0,0.0082304526748971,0.0779794858073177,179,0.905027932960894,0.0111731843575419,temperature_conformal,0.2,target_camera_shift,4,0.8,0.0724279835390946,results/sim_complete/seed4_calib0.25/metrics_by_domain_alpha0.20.csv
153,0.738562091503268,0.261437908496732,8.816993464052288,9.0,10.0,0.2483660130718954,0.0065359477124183,0.9934640522875816,0.0,0.0,0.1770836981932115,118,0.7711864406779662,0.0,temperature_conformal,0.2,target_lighting_shift,4,0.8,-0.061437908496732,results/sim_complete/seed4_calib0.25/metrics_by_domain_alpha0.20.csv
82,0.9390243902439024,0.0609756097560976,4.012195121951219,4.0,8.0,0.6097560975609756,0.2926829268292683,0.7073170731707317,0.0,0.0,0.1251559518721758,66,0.9696969696969696,0.0,temperature_conformal,0.2,target_occluded,4,0.8,0.1390243902439023,results/sim_complete/seed4_calib0.25/metrics_by_domain_alpha0.20.csv
243,0.5473251028806584,0.4526748971193416,1.0,1.0,1.0,0.5473251028806584,1.0,0.0,0.0,0.4526748971193415,0.1471872873483472,179,0.5642458100558659,0.435754189944134,prompt_only_top1,0.2,target_camera_shift,4,0.8,-0.2526748971193416,results/sim_complete/seed4_calib0.25/metrics_by_domain_alpha0.20.csv
153,0.6013071895424836,0.3986928104575163,1.0,1.0,1.0,0.6013071895424836,1.0,0.0,0.0,0.3986928104575163,0.0898642996766581,118,0.6779661016949152,0.3220338983050847,prompt_only_top1,0.2,target_lighting_shift,4,0.8,-0.1986928104575164,results/sim_complete/seed4_calib0.25/metrics_by_domain_alpha0.20.csv
82,0.6585365853658537,0.3414634146341463,1.0,1.0,1.0,0.6585365853658537,1.0,0.0,0.0,0.3414634146341463,0.0979075987333407,66,0.6818181818181818,0.3181818181818182,prompt_only_top1,0.2,target_occluded,4,0.8,-0.1414634146341463,results/sim_complete/seed4_calib0.25/metrics_by_domain_alpha0.20.csv
243,0.831275720164609,0.1687242798353909,3.843621399176955,3.0,7.0,0.5473251028806584,0.2098765432098765,0.7901234567901234,0.0,0.0288065843621399,0.1471872873483472,179,0.888268156424581,0.0279329608938547,coras,0.2,target_camera_shift,4,0.8,0.031275720164609,results/sim_complete/seed4_calib0.25/metrics_by_domain_alpha0.20.csv
153,0.8366013071895425,0.1633986928104575,5.450980392156863,6.0,10.0,0.6013071895424836,0.2745098039215686,0.7254901960784313,0.0,0.0,0.0898642996766581,118,0.8728813559322034,0.0,coras,0.2,target_lighting_shift,4,0.8,0.0366013071895424,results/sim_complete/seed4_calib0.25/metrics_by_domain_alpha0.20.csv
82,0.902439024390244,0.097560975609756,3.426829268292683,3.0,7.0,0.6585365853658537,0.4024390243902439,0.5975609756097561,0.0,0.024390243902439,0.0979075987333407,66,0.9545454545454546,0.0151515151515151,coras,0.2,target_occluded,4,0.8,0.1024390243902438,results/sim_complete/seed4_calib0.25/metrics_by_domain_alpha0.20.csv
243,0.9300411522633744,0.0699588477366255,6.9753086419753085,8.0,11.0,0.5473251028806584,0.0658436213991769,0.934156378600823,0.0,0.0,0.1471872873483472,179,0.994413407821229,0.0,coras_aps,0.2,target_camera_shift,4,0.8,0.1300411522633744,results/sim_complete/seed4_calib0.25/metrics_by_domain_alpha0.20.csv
153,0.869281045751634,0.130718954248366,7.679738562091504,9.0,10.0,0.6013071895424836,0.1699346405228758,0.8300653594771242,0.0,0.0,0.0898642996766581,118,0.8898305084745762,0.0,coras_aps,0.2,target_lighting_shift,4,0.8,0.0692810457516339,results/sim_complete/seed4_calib0.25/metrics_by_domain_alpha0.20.csv
82,0.975609756097561,0.024390243902439,6.012195121951219,6.5,10.0,0.6585365853658537,0.2073170731707317,0.7926829268292683,0.0,0.0,0.0979075987333407,66,1.0,0.0,coras_aps,0.2,target_occluded,4,0.8,0.1756097560975609,results/sim_complete/seed4_calib0.25/metrics_by_domain_alpha0.20.csv
243,0.8600823045267489,0.139917695473251,4.57201646090535,4.0,8.0,0.5473251028806584,0.1481481481481481,0.8518518518518519,0.0,0.0123456790123456,0.1471872873483472,179,0.9217877094972068,0.0111731843575419,mondrian_domain,0.2,target_camera_shift,4,0.8,0.0600823045267489,results/sim_complete/seed4_calib0.25/metrics_by_domain_alpha0.20.csv
153,0.8366013071895425,0.1633986928104575,5.4183006535947715,6.0,10.0,0.6013071895424836,0.2745098039215686,0.7254901960784313,0.0,0.0,0.0898642996766581,118,0.8728813559322034,0.0,mondrian_domain,0.2,target_lighting_shift,4,0.8,0.0366013071895424,results/sim_complete/seed4_calib0.25/metrics_by_domain_alpha0.20.csv
82,0.7804878048780488,0.2195121951219512,1.7804878048780488,1.0,4.0,0.6585365853658537,0.6097560975609756,0.3902439024390244,0.0,0.0975609756097561,0.0979075987333407,66,0.8181818181818182,0.0606060606060606,mondrian_domain,0.2,target_occluded,4,0.8,-0.0195121951219512,results/sim_complete/seed4_calib0.25/metrics_by_domain_alpha0.20.csv
245,0.5224489795918368,0.4775510204081632,1.0,1.0,1.0,0.5224489795918368,1.0,0.0,0.0,0.4775510204081633,0.2340747388525776,183,0.5737704918032787,0.4262295081967213,top1_singleton,0.05,target_camera_shift,4,0.95,-0.4275510204081632,results/sim_complete/seed4_calib0.40/metrics_by_domain_alpha0.05.csv
156,0.2564102564102564,0.7435897435897436,1.0,1.0,1.0,0.2564102564102564,1.0,0.0,0.0,0.7435897435897436,0.3079240624824399,119,0.2941176470588235,0.7058823529411765,top1_singleton,0.05,target_lighting_shift,4,0.95,-0.6935897435897436,results/sim_complete/seed4_calib0.40/metrics_by_domain_alpha0.05.csv
82,0.6707317073170732,0.3292682926829268,1.0,1.0,1.0,0.6707317073170732,1.0,0.0,0.0,0.3292682926829268,0.2086285855890784,71,0.6901408450704225,0.3098591549295774,top1_singleton,0.05,target_occluded,4,0.95,-0.2792682926829267,results/sim_complete/seed4_calib0.40/metrics_by_domain_alpha0.05.csv
245,0.9673469387755104,0.0326530612244897,14.0,14.0,14.0,0.5224489795918368,0.0,1.0,0.0,0.0,0.2340747388525776,183,1.0,0.0,topk_calibrated,0.05,target_camera_shift,4,0.95,0.0173469387755103,results/sim_complete/seed4_calib0.40/metrics_by_domain_alpha0.05.csv
156,0.9743589743589745,0.0256410256410256,14.0,14.0,14.0,0.2564102564102564,0.0,1.0,0.0,0.0,0.3079240624824399,119,0.9747899159663864,0.0,topk_calibrated,0.05,target_lighting_shift,4,0.95,0.0243589743589743,results/sim_complete/seed4_calib0.40/metrics_by_domain_alpha0.05.csv
82,0.9878048780487804,0.0121951219512195,14.0,14.0,14.0,0.6707317073170732,0.0,1.0,0.0,0.0,0.2086285855890784,71,0.9859154929577464,0.0,topk_calibrated,0.05,target_occluded,4,0.95,0.0378048780487805,results/sim_complete/seed4_calib0.40/metrics_by_domain_alpha0.05.csv
245,0.9346938775510204,0.0653061224489796,12.114285714285714,13.0,15.0,0.5224489795918368,0.0,1.0,0.0,0.0,0.2340747388525776,183,0.9672131147540984,0.0,vanilla_conformal,0.05,target_camera_shift,4,0.95,-0.0153061224489795,results/sim_complete/seed4_calib0.40/metrics_by_domain_alpha0.05.csv
156,0.9615384615384616,0.0384615384615384,13.14102564102564,13.0,14.0,0.2564102564102564,0.0,1.0,0.0,0.0,0.3079240624824399,119,0.957983193277311,0.0,vanilla_conformal,0.05,target_lighting_shift,4,0.95,0.0115384615384616,results/sim_complete/seed4_calib0.40/metrics_by_domain_alpha0.05.csv
82,0.9878048780487804,0.0121951219512195,8.634146341463415,9.5,15.0,0.6707317073170732,0.1585365853658536,0.8414634146341463,0.0,0.0,0.2086285855890784,71,0.9859154929577464,0.0,vanilla_conformal,0.05,target_occluded,4,0.95,0.0378048780487805,results/sim_complete/seed4_calib0.40/metrics_by_domain_alpha0.05.csv
245,0.946938775510204,0.0530612244897958,12.559183673469388,13.0,14.0,0.5224489795918368,0.0,1.0,0.0,0.0,0.2340747388525776,183,0.9781420765027322,0.0,aps_conformal,0.05,target_camera_shift,4,0.95,-0.0030612244897958,results/sim_complete/seed4_calib0.40/metrics_by_domain_alpha0.05.csv
156,0.9743589743589745,0.0256410256410256,13.58974358974359,14.0,14.0,0.2564102564102564,0.0,1.0,0.0,0.0,0.3079240624824399,119,0.9747899159663864,0.0,aps_conformal,0.05,target_lighting_shift,4,0.95,0.0243589743589743,results/sim_complete/seed4_calib0.40/metrics_by_domain_alpha0.05.csv
82,0.9878048780487804,0.0121951219512195,10.597560975609756,12.0,14.0,0.6707317073170732,0.0,1.0,0.0,0.0,0.2086285855890784,71,0.9859154929577464,0.0,aps_conformal,0.05,target_occluded,4,0.95,0.0378048780487805,results/sim_complete/seed4_calib0.40/metrics_by_domain_alpha0.05.csv
245,0.9551020408163264,0.0448979591836734,13.587755102040816,14.0,15.0,0.5224489795918368,0.0,1.0,0.0,0.0,0.0991064623234331,183,0.989071038251366,0.0,temperature_conformal,0.05,target_camera_shift,4,0.95,0.0051020408163265,results/sim_complete/seed4_calib0.40/metrics_by_domain_alpha0.05.csv
156,0.9423076923076924,0.0576923076923077,13.326923076923077,13.0,14.0,0.2564102564102564,0.0,1.0,0.0,0.0,0.1734898626068314,119,0.9411764705882352,0.0,temperature_conformal,0.05,target_lighting_shift,4,0.95,-0.0076923076923076,results/sim_complete/seed4_calib0.40/metrics_by_domain_alpha0.05.csv
82,0.9878048780487804,0.0121951219512195,11.74390243902439,13.0,15.0,0.6707317073170732,0.0,1.0,0.0,0.0,0.1355706024115682,71,0.9859154929577464,0.0,temperature_conformal,0.05,target_occluded,4,0.95,0.0378048780487805,results/sim_complete/seed4_calib0.40/metrics_by_domain_alpha0.05.csv
245,0.5510204081632653,0.4489795918367347,1.0,1.0,1.0,0.5510204081632653,1.0,0.0,0.0,0.4489795918367347,0.1504897394823612,183,0.5846994535519126,0.4153005464480874,prompt_only_top1,0.05,target_camera_shift,4,0.95,-0.3989795918367347,results/sim_complete/seed4_calib0.40/metrics_by_domain_alpha0.05.csv
156,0.6153846153846154,0.3846153846153846,1.0,1.0,1.0,0.6153846153846154,1.0,0.0,0.0,0.3846153846153846,0.124025610614439,119,0.6554621848739496,0.3445378151260504,prompt_only_top1,0.05,target_lighting_shift,4,0.95,-0.3346153846153845,results/sim_complete/seed4_calib0.40/metrics_by_domain_alpha0.05.csv
82,0.6951219512195121,0.3048780487804878,1.0,1.0,1.0,0.6951219512195121,1.0,0.0,0.0,0.3048780487804878,0.1247074946239755,71,0.7183098591549296,0.2816901408450704,prompt_only_top1,0.05,target_occluded,4,0.95,-0.2548780487804878,results/sim_complete/seed4_calib0.40/metrics_by_domain_alpha0.05.csv
245,0.963265306122449,0.036734693877551,11.122448979591836,12.0,15.0,0.5510204081632653,0.0285714285714285,0.9714285714285714,0.0,0.0,0.1504897394823612,183,0.9836065573770492,0.0,coras,0.05,target_camera_shift,4,0.95,0.013265306122449,results/sim_complete/seed4_calib0.40/metrics_by_domain_alpha0.05.csv
156,0.9551282051282052,0.0448717948717948,10.506410256410255,13.0,14.0,0.6153846153846154,0.0641025641025641,0.935897435897436,0.0,0.0,0.124025610614439,119,0.957983193277311,0.0,coras,0.05,target_lighting_shift,4,0.95,0.0051282051282052,results/sim_complete/seed4_calib0.40/metrics_by_domain_alpha0.05.csv
82,0.951219512195122,0.048780487804878,10.109756097560975,12.5,14.0,0.6951219512195121,0.048780487804878,0.951219512195122,0.0,0.0,0.1247074946239755,71,0.943661971830986,0.0,coras,0.05,target_occluded,4,0.95,0.0012195121951219,results/sim_complete/seed4_calib0.40/metrics_by_domain_alpha0.05.csv
245,0.9755102040816328,0.0244897959183673,12.506122448979593,13.0,14.0,0.5510204081632653,0.0204081632653061,0.979591836734694,0.0,0.0,0.1504897394823612,183,0.994535519125683,0.0,coras_aps,0.05,target_camera_shift,4,0.95,0.0255102040816327,results/sim_complete/seed4_calib0.40/metrics_by_domain_alpha0.05.csv
156,0.9487179487179488,0.0512820512820513,11.60897435897436,12.0,14.0,0.6153846153846154,0.0064102564102564,0.9935897435897436,0.0,0.0,0.124025610614439,119,0.9495798319327732,0.0,coras_aps,0.05,target_lighting_shift,4,0.95,-0.0012820512820512,results/sim_complete/seed4_calib0.40/metrics_by_domain_alpha0.05.csv
82,0.9634146341463414,0.0365853658536585,11.902439024390244,13.0,14.0,0.6951219512195121,0.0121951219512195,0.9878048780487804,0.0,0.0,0.1247074946239755,71,0.9577464788732394,0.0,coras_aps,0.05,target_occluded,4,0.95,0.0134146341463414,results/sim_complete/seed4_calib0.40/metrics_by_domain_alpha0.05.csv
245,0.9673469387755104,0.0326530612244897,11.718367346938775,13.0,15.0,0.5510204081632653,0.0244897959183673,0.9755102040816328,0.0,0.0,0.1504897394823612,183,0.9836065573770492,0.0,mondrian_domain,0.05,target_camera_shift,4,0.95,0.0173469387755103,results/sim_complete/seed4_calib0.40/metrics_by_domain_alpha0.05.csv
156,0.967948717948718,0.032051282051282,10.967948717948715,13.0,14.0,0.6153846153846154,0.0641025641025641,0.935897435897436,0.0,0.0,0.124025610614439,119,0.9663865546218487,0.0,mondrian_domain,0.05,target_lighting_shift,4,0.95,0.0179487179487179,results/sim_complete/seed4_calib0.40/metrics_by_domain_alpha0.05.csv
82,0.926829268292683,0.073170731707317,4.121951219512195,4.0,8.0,0.6951219512195121,0.3170731707317073,0.6829268292682927,0.0,0.024390243902439,0.1247074946239755,71,0.9295774647887324,0.028169014084507,mondrian_domain,0.05,target_occluded,4,0.95,-0.0231707317073169,results/sim_complete/seed4_calib0.40/metrics_by_domain_alpha0.05.csv
245,0.5224489795918368,0.4775510204081632,1.0,1.0,1.0,0.5224489795918368,1.0,0.0,0.0,0.4775510204081633,0.2340747388525776,183,0.5737704918032787,0.4262295081967213,top1_singleton,0.1,target_camera_shift,4,0.9,-0.3775510204081632,results/sim_complete/seed4_calib0.40/metrics_by_domain_alpha0.10.csv
156,0.2564102564102564,0.7435897435897436,1.0,1.0,1.0,0.2564102564102564,1.0,0.0,0.0,0.7435897435897436,0.3079240624824399,119,0.2941176470588235,0.7058823529411765,top1_singleton,0.1,target_lighting_shift,4,0.9,-0.6435897435897436,results/sim_complete/seed4_calib0.40/metrics_by_domain_alpha0.10.csv
82,0.6707317073170732,0.3292682926829268,1.0,1.0,1.0,0.6707317073170732,1.0,0.0,0.0,0.3292682926829268,0.2086285855890784,71,0.6901408450704225,0.3098591549295774,top1_singleton,0.1,target_occluded,4,0.9,-0.2292682926829268,results/sim_complete/seed4_calib0.40/metrics_by_domain_alpha0.10.csv
245,0.9387755102040816,0.0612244897959183,12.0,12.0,12.0,0.5224489795918368,0.0,1.0,0.0,0.0,0.2340747388525776,183,0.9781420765027322,0.0,topk_calibrated,0.1,target_camera_shift,4,0.9,0.0387755102040816,results/sim_complete/seed4_calib0.40/metrics_by_domain_alpha0.10.csv
156,0.8205128205128205,0.1794871794871795,12.0,12.0,12.0,0.2564102564102564,0.0,1.0,0.0,0.0,0.3079240624824399,119,0.8151260504201681,0.0,topk_calibrated,0.1,target_lighting_shift,4,0.9,-0.0794871794871795,results/sim_complete/seed4_calib0.40/metrics_by_domain_alpha0.10.csv
82,0.975609756097561,0.024390243902439,12.0,12.0,12.0,0.6707317073170732,0.0,1.0,0.0,0.0,0.2086285855890784,71,0.971830985915493,0.0,topk_calibrated,0.1,target_occluded,4,0.9,0.0756097560975609,results/sim_complete/seed4_calib0.40/metrics_by_domain_alpha0.10.csv
245,0.9224489795918368,0.0775510204081633,9.326530612244898,10.0,14.0,0.5224489795918368,0.0326530612244898,0.9673469387755104,0.0,0.0081632653061224,0.2340747388525776,183,0.9562841530054644,0.0054644808743169,vanilla_conformal,0.1,target_camera_shift,4,0.9,0.0224489795918366,results/sim_complete/seed4_calib0.40/metrics_by_domain_alpha0.10.csv
156,0.8333333333333334,0.1666666666666666,12.237179487179487,13.0,13.0,0.2564102564102564,0.0192307692307692,0.9807692307692308,0.0,0.0,0.3079240624824399,119,0.8235294117647058,0.0,vanilla_conformal,0.1,target_lighting_shift,4,0.9,-0.0666666666666666,results/sim_complete/seed4_calib0.40/metrics_by_domain_alpha0.10.csv
82,0.9634146341463414,0.0365853658536585,5.695121951219512,5.0,11.0,0.6707317073170732,0.2804878048780488,0.7195121951219512,0.0,0.0,0.2086285855890784,71,0.971830985915493,0.0,vanilla_conformal,0.1,target_occluded,4,0.9,0.0634146341463414,results/sim_complete/seed4_calib0.40/metrics_by_domain_alpha0.10.csv
245,0.9306122448979592,0.0693877551020408,10.783673469387756,11.0,13.0,0.5224489795918368,0.0,1.0,0.0,0.0,0.2340747388525776,183,0.9672131147540984,0.0,aps_conformal,0.1,target_camera_shift,4,0.9,0.0306122448979591,results/sim_complete/seed4_calib0.40/metrics_by_domain_alpha0.10.csv
156,0.8205128205128205,0.1794871794871795,11.878205128205128,12.0,13.0,0.2564102564102564,0.0,1.0,0.0,0.0,0.3079240624824399,119,0.8151260504201681,0.0,aps_conformal,0.1,target_lighting_shift,4,0.9,-0.0794871794871795,results/sim_complete/seed4_calib0.40/metrics_by_domain_alpha0.10.csv
82,0.9878048780487804,0.0121951219512195,7.853658536585366,9.0,13.0,0.6707317073170732,0.1951219512195122,0.8048780487804879,0.0,0.0,0.2086285855890784,71,0.9859154929577464,0.0,aps_conformal,0.1,target_occluded,4,0.9,0.0878048780487804,results/sim_complete/seed4_calib0.40/metrics_by_domain_alpha0.10.csv
245,0.9142857142857144,0.0857142857142857,9.877551020408164,10.0,13.0,0.5224489795918368,0.0,1.0,0.0,0.0,0.0990235132472876,183,0.9508196721311476,0.0,temperature_conformal,0.1,target_camera_shift,4,0.9,0.0142857142857142,results/sim_complete/seed4_calib0.40/metrics_by_domain_alpha0.10.csv
156,0.8333333333333334,0.1666666666666666,11.801282051282053,12.0,13.0,0.2564102564102564,0.0,1.0,0.0,0.0,0.1735388000030064,119,0.8235294117647058,0.0,temperature_conformal,0.1,target_lighting_shift,4,0.9,-0.0666666666666666,results/sim_complete/seed4_calib0.40/metrics_by_domain_alpha0.10.csv
82,0.975609756097561,0.024390243902439,6.573170731707317,7.5,10.900000000000006,0.6707317073170732,0.1219512195121951,0.8780487804878049,0.0,0.0,0.1354940810834221,71,0.971830985915493,0.0,temperature_conformal,0.1,target_occluded,4,0.9,0.0756097560975609,results/sim_complete/seed4_calib0.40/metrics_by_domain_alpha0.10.csv
245,0.5510204081632653,0.4489795918367347,1.0,1.0,1.0,0.5510204081632653,1.0,0.0,0.0,0.4489795918367347,0.1504897394823612,183,0.5846994535519126,0.4153005464480874,prompt_only_top1,0.1,target_camera_shift,4,0.9,-0.3489795918367347,results/sim_complete/seed4_calib0.40/metrics_by_domain_alpha0.10.csv
156,0.6153846153846154,0.3846153846153846,1.0,1.0,1.0,0.6153846153846154,1.0,0.0,0.0,0.3846153846153846,0.124025610614439,119,0.6554621848739496,0.3445378151260504,prompt_only_top1,0.1,target_lighting_shift,4,0.9,-0.2846153846153846,results/sim_complete/seed4_calib0.40/metrics_by_domain_alpha0.10.csv
82,0.6951219512195121,0.3048780487804878,1.0,1.0,1.0,0.6951219512195121,1.0,0.0,0.0,0.3048780487804878,0.1247074946239755,71,0.7183098591549296,0.2816901408450704,prompt_only_top1,0.1,target_occluded,4,0.9,-0.2048780487804878,results/sim_complete/seed4_calib0.40/metrics_by_domain_alpha0.10.csv
245,0.8979591836734694,0.1020408163265306,6.628571428571429,7.0,11.0,0.5510204081632653,0.0693877551020408,0.9306122448979592,0.0,0.0,0.1504897394823612,183,0.9508196721311476,0.0,coras,0.1,target_camera_shift,4,0.9,-0.0020408163265306,results/sim_complete/seed4_calib0.40/metrics_by_domain_alpha0.10.csv
156,0.8910256410256411,0.1089743589743589,7.6923076923076925,10.0,12.0,0.6153846153846154,0.1858974358974359,0.8141025641025641,0.0,0.0,0.124025610614439,119,0.8991596638655462,0.0,coras,0.1,target_lighting_shift,4,0.9,-0.0089743589743589,results/sim_complete/seed4_calib0.40/metrics_by_domain_alpha0.10.csv
82,0.9390243902439024,0.0609756097560976,5.890243902439025,7.0,10.0,0.6951219512195121,0.2317073170731707,0.7682926829268293,0.0,0.0121951219512195,0.1247074946239755,71,0.943661971830986,0.0140845070422535,coras,0.1,target_occluded,4,0.9,0.0390243902439023,results/sim_complete/seed4_calib0.40/metrics_by_domain_alpha0.10.csv
245,0.9428571428571428,0.0571428571428571,9.995918367346938,11.0,13.0,0.5510204081632653,0.0285714285714285,0.9714285714285714,0.0,0.0,0.1504897394823612,183,0.9781420765027322,0.0,coras_aps,0.1,target_camera_shift,4,0.9,0.0428571428571428,results/sim_complete/seed4_calib0.40/metrics_by_domain_alpha0.10.csv
156,0.903846153846154,0.0961538461538461,9.378205128205128,11.0,12.0,0.6153846153846154,0.0705128205128205,0.9294871794871796,0.0,0.0,0.124025610614439,119,0.907563025210084,0.0,coras_aps,0.1,target_lighting_shift,4,0.9,0.0038461538461538,results/sim_complete/seed4_calib0.40/metrics_by_domain_alpha0.10.csv
82,0.951219512195122,0.048780487804878,9.085365853658535,11.0,12.0,0.6951219512195121,0.0609756097560975,0.9390243902439024,0.0,0.0,0.1247074946239755,71,0.943661971830986,0.0,coras_aps,0.1,target_occluded,4,0.9,0.0512195121951218,results/sim_complete/seed4_calib0.40/metrics_by_domain_alpha0.10.csv
245,0.9224489795918368,0.0775510204081633,7.677551020408163,8.0,12.0,0.5510204081632653,0.0448979591836734,0.9551020408163264,0.0,0.0,0.1504897394823612,183,0.9672131147540984,0.0,mondrian_domain,0.1,target_camera_shift,4,0.9,0.0224489795918366,results/sim_complete/seed4_calib0.40/metrics_by_domain_alpha0.10.csv
156,0.9102564102564102,0.0897435897435897,8.461538461538462,11.0,12.0,0.6153846153846154,0.1538461538461538,0.8461538461538461,0.0,0.0,0.124025610614439,119,0.907563025210084,0.0,mondrian_domain,0.1,target_lighting_shift,4,0.9,0.0102564102564102,results/sim_complete/seed4_calib0.40/metrics_by_domain_alpha0.10.csv
82,0.9146341463414634,0.0853658536585365,3.3048780487804876,3.0,6.900000000000006,0.6951219512195121,0.4024390243902439,0.5975609756097561,0.0,0.024390243902439,0.1247074946239755,71,0.9295774647887324,0.028169014084507,mondrian_domain,0.1,target_occluded,4,0.9,0.0146341463414634,results/sim_complete/seed4_calib0.40/metrics_by_domain_alpha0.10.csv
245,0.5224489795918368,0.4775510204081632,1.0,1.0,1.0,0.5224489795918368,1.0,0.0,0.0,0.4775510204081633,0.2340747388525776,183,0.5737704918032787,0.4262295081967213,top1_singleton,0.2,target_camera_shift,4,0.8,-0.2775510204081632,results/sim_complete/seed4_calib0.40/metrics_by_domain_alpha0.20.csv
156,0.2564102564102564,0.7435897435897436,1.0,1.0,1.0,0.2564102564102564,1.0,0.0,0.0,0.7435897435897436,0.3079240624824399,119,0.2941176470588235,0.7058823529411765,top1_singleton,0.2,target_lighting_shift,4,0.8,-0.5435897435897437,results/sim_complete/seed4_calib0.40/metrics_by_domain_alpha0.20.csv
82,0.6707317073170732,0.3292682926829268,1.0,1.0,1.0,0.6707317073170732,1.0,0.0,0.0,0.3292682926829268,0.2086285855890784,71,0.6901408450704225,0.3098591549295774,top1_singleton,0.2,target_occluded,4,0.8,-0.1292682926829268,results/sim_complete/seed4_calib0.40/metrics_by_domain_alpha0.20.csv
245,0.8653061224489796,0.1346938775510203,8.0,8.0,8.0,0.5224489795918368,0.0,1.0,0.0,0.0,0.2340747388525776,183,0.912568306010929,0.0,topk_calibrated,0.2,target_camera_shift,4,0.8,0.0653061224489796,results/sim_complete/seed4_calib0.40/metrics_by_domain_alpha0.20.csv
156,0.6282051282051282,0.3717948717948718,8.0,8.0,8.0,0.2564102564102564,0.0,1.0,0.0,0.0,0.3079240624824399,119,0.680672268907563,0.0,topk_calibrated,0.2,target_lighting_shift,4,0.8,-0.1717948717948718,results/sim_complete/seed4_calib0.40/metrics_by_domain_alpha0.20.csv
82,0.9634146341463414,0.0365853658536585,8.0,8.0,8.0,0.6707317073170732,0.0,1.0,0.0,0.0,0.2086285855890784,71,0.9577464788732394,0.0,topk_calibrated,0.2,target_occluded,4,0.8,0.1634146341463414,results/sim_complete/seed4_calib0.40/metrics_by_domain_alpha0.20.csv
245,0.8122448979591836,0.1877551020408163,5.134693877551021,5.0,9.0,0.5224489795918368,0.1795918367346938,0.8204081632653061,0.0,0.036734693877551,0.2340747388525776,183,0.8688524590163934,0.0382513661202185,vanilla_conformal,0.2,target_camera_shift,4,0.8,0.0122448979591835,results/sim_complete/seed4_calib0.40/metrics_by_domain_alpha0.20.csv
156,0.75,0.25,8.557692307692308,9.0,10.0,0.2564102564102564,0.0256410256410256,0.9743589743589745,0.0,0.0,0.3079240624824399,119,0.7563025210084033,0.0,vanilla_conformal,0.2,target_lighting_shift,4,0.8,-0.05,results/sim_complete/seed4_calib0.40/metrics_by_domain_alpha0.20.csv
82,0.9390243902439024,0.0609756097560976,3.292682926829268,2.0,7.900000000000006,0.6707317073170732,0.4268292682926829,0.573170731707317,0.0,0.0121951219512195,0.2086285855890784,71,0.943661971830986,0.0,vanilla_conformal,0.2,target_occluded,4,0.8,0.1390243902439023,results/sim_complete/seed4_calib0.40/metrics_by_domain_alpha0.20.csv
245,0.8816326530612245,0.1183673469387754,7.204081632653061,8.0,11.0,0.5224489795918368,0.073469387755102,0.926530612244898,0.0,0.0081632653061224,0.2340747388525776,183,0.9234972677595628,0.0054644808743169,aps_conformal,0.2,target_camera_shift,4,0.8,0.0816326530612244,results/sim_complete/seed4_calib0.40/metrics_by_domain_alpha0.20.csv
156,0.782051282051282,0.2179487179487179,9.57051282051282,10.0,11.0,0.2564102564102564,0.0192307692307692,0.9807692307692308,0.0,0.0,0.3079240624824399,119,0.7899159663865546,0.0,aps_conformal,0.2,target_lighting_shift,4,0.8,-0.0179487179487179,results/sim_complete/seed4_calib0.40/metrics_by_domain_alpha0.20.csv
82,0.951219512195122,0.048780487804878,4.426829268292683,4.0,9.0,0.6707317073170732,0.4146341463414634,0.5853658536585366,0.0,0.0121951219512195,0.2086285855890784,71,0.9577464788732394,0.0,aps_conformal,0.2,target_occluded,4,0.8,0.1512195121951218,results/sim_complete/seed4_calib0.40/metrics_by_domain_alpha0.20.csv
245,0.8367346938775511,0.1632653061224489,5.8040816326530615,6.0,9.0,0.5224489795918368,0.0448979591836734,0.9551020408163264,0.0,0.0163265306122449,0.0990621105494445,183,0.8907103825136612,0.0163934426229508,temperature_conformal,0.2,target_camera_shift,4,0.8,0.036734693877551,results/sim_complete/seed4_calib0.40/metrics_by_domain_alpha0.20.csv
156,0.7051282051282052,0.2948717948717948,8.5,9.0,10.0,0.2564102564102564,0.0192307692307692,0.9807692307692308,0.0,0.0,0.173516023485141,119,0.7394957983193278,0.0,temperature_conformal,0.2,target_lighting_shift,4,0.8,-0.0948717948717948,results/sim_complete/seed4_calib0.40/metrics_by_domain_alpha0.20.csv
82,0.951219512195122,0.048780487804878,3.6463414634146343,3.5,7.900000000000006,0.6707317073170732,0.3292682926829268,0.6707317073170732,0.0,0.0,0.1355296749836708,71,0.9577464788732394,0.0,temperature_conformal,0.2,target_occluded,4,0.8,0.1512195121951218,results/sim_complete/seed4_calib0.40/metrics_by_domain_alpha0.20.csv
245,0.5510204081632653,0.4489795918367347,1.0,1.0,1.0,0.5510204081632653,1.0,0.0,0.0,0.4489795918367347,0.1504897394823612,183,0.5846994535519126,0.4153005464480874,prompt_only_top1,0.2,target_camera_shift,4,0.8,-0.2489795918367348,results/sim_complete/seed4_calib0.40/metrics_by_domain_alpha0.20.csv
156,0.6153846153846154,0.3846153846153846,1.0,1.0,1.0,0.6153846153846154,1.0,0.0,0.0,0.3846153846153846,0.124025610614439,119,0.6554621848739496,0.3445378151260504,prompt_only_top1,0.2,target_lighting_shift,4,0.8,-0.1846153846153846,results/sim_complete/seed4_calib0.40/metrics_by_domain_alpha0.20.csv
82,0.6951219512195121,0.3048780487804878,1.0,1.0,1.0,0.6951219512195121,1.0,0.0,0.0,0.3048780487804878,0.1247074946239755,71,0.7183098591549296,0.2816901408450704,prompt_only_top1,0.2,target_occluded,4,0.8,-0.1048780487804879,results/sim_complete/seed4_calib0.40/metrics_by_domain_alpha0.20.csv
245,0.7918367346938775,0.2081632653061225,3.4571428571428573,3.0,7.0,0.5510204081632653,0.2571428571428571,0.7428571428571429,0.0,0.0326530612244898,0.1504897394823612,183,0.8469945355191257,0.0218579234972677,coras,0.2,target_camera_shift,4,0.8,-0.0081632653061225,results/sim_complete/seed4_calib0.40/metrics_by_domain_alpha0.20.csv
156,0.8269230769230769,0.1730769230769231,4.532051282051282,5.0,9.0,0.6153846153846154,0.3333333333333333,0.6666666666666666,0.0,0.0,0.124025610614439,119,0.8487394957983193,0.0,coras,0.2,target_lighting_shift,4,0.8,0.0269230769230768,results/sim_complete/seed4_calib0.40/metrics_by_domain_alpha0.20.csv
82,0.8902439024390244,0.1097560975609756,2.975609756097561,3.0,5.900000000000006,0.6951219512195121,0.4024390243902439,0.5975609756097561,0.0,0.024390243902439,0.1247074946239755,71,0.9014084507042254,0.028169014084507,coras,0.2,target_occluded,4,0.8,0.0902439024390243,results/sim_complete/seed4_calib0.40/metrics_by_domain_alpha0.20.csv
245,0.9020408163265308,0.0979591836734693,6.506122448979592,7.0,10.0,0.5510204081632653,0.0897959183673469,0.9102040816326532,0.0,0.0081632653061224,0.1504897394823612,183,0.9672131147540984,0.0109289617486338,coras_aps,0.2,target_camera_shift,4,0.8,0.1020408163265306,results/sim_complete/seed4_calib0.40/metrics_by_domain_alpha0.20.csv
156,0.8653846153846154,0.1346153846153845,7.089743589743589,9.0,10.0,0.6153846153846154,0.1794871794871795,0.8205128205128205,0.0,0.0,0.124025610614439,119,0.8823529411764706,0.0,coras_aps,0.2,target_lighting_shift,4,0.8,0.0653846153846153,results/sim_complete/seed4_calib0.40/metrics_by_domain_alpha0.20.csv
82,0.926829268292683,0.073170731707317,5.719512195121951,7.0,9.0,0.6951219512195121,0.2682926829268293,0.7317073170731707,0.0,0.0121951219512195,0.1247074946239755,71,0.9295774647887324,0.0140845070422535,coras_aps,0.2,target_occluded,4,0.8,0.1268292682926829,results/sim_complete/seed4_calib0.40/metrics_by_domain_alpha0.20.csv
245,0.8285714285714286,0.1714285714285713,4.146938775510204,4.0,8.0,0.5510204081632653,0.2122448979591836,0.7877551020408163,0.0,0.0244897959183673,0.1504897394823612,183,0.8797814207650273,0.0163934426229508,mondrian_domain,0.2,target_camera_shift,4,0.8,0.0285714285714285,results/sim_complete/seed4_calib0.40/metrics_by_domain_alpha0.20.csv
156,0.7692307692307693,0.2307692307692307,3.0128205128205128,2.0,6.0,0.6153846153846154,0.3782051282051282,0.6217948717948718,0.0,0.0,0.124025610614439,119,0.7899159663865546,0.0,mondrian_domain,0.2,target_lighting_shift,4,0.8,-0.0307692307692307,results/sim_complete/seed4_calib0.40/metrics_by_domain_alpha0.20.csv
82,0.8170731707317073,0.1829268292682927,1.902439024390244,1.0,4.0,0.6951219512195121,0.5487804878048781,0.4512195121951219,0.0,0.073170731707317,0.1247074946239755,71,0.8450704225352113,0.056338028169014,mondrian_domain,0.2,target_occluded,4,0.8,0.0170731707317072,results/sim_complete/seed4_calib0.40/metrics_by_domain_alpha0.20.csv
